mtllib sci-fi+gladiator+3d+model.mtl
o tripo_node_db5d1776-719d-47f2-bce7-be6a8532f1dd
g tripo_node_db5d1776-719d-47f2-bce7-be6a8532f1dd
usemtl tripo_material_db5d1776_719d_47f2_bce7_be6a8532f1dd
v 0.158020005 0.034240723 -0.144363433
vt 0.615234375 0.422363281
vn 0.805826902 0.134304494 -0.576719463
v 0.134933457 0.000457764 -0.177154571
vt 0.584228516 0.399658203
vn 0.511398971 -0.558605075 -0.653017282
v 0.134521469 0.035644531 -0.176086456
vt 0.614746094 0.396728516
vn 0.735275388 0.197654694 -0.648307562
v 0.141845688 0.036041260 -0.166000396
vt 0.615966797 0.404785156
vn 0.424631119 0.864989460 -0.267360449
v 0.131607041 0.034881592 -0.176223785
vt 0.615234375 0.394775391
vn -0.236359894 0.070907868 -0.969074965
v 0.143676743 0.038970947 -0.150985748
vt 0.623779297 0.412353516
vn 0.771557808 0.377905905 -0.511747658
v 0.105339035 0.000488281 -0.169448882
vt 0.593750000 0.377197266
vn -0.385206461 -0.141504422 -0.911916971
v 0.157775864 0.036041260 -0.132522613
vt 0.617919922 0.427246094
vn 0.566244900 0.613432109 -0.550516069
v 0.162994370 0.034027100 -0.136642486
vt 0.612060547 0.426269531
vn -0.031586397 0.710691154 -0.702794731
v 0.164886460 0.051055908 -0.118347190
vt 0.623779297 0.438720703
vn 0.419080317 0.498152196 -0.759089112
v 0.135391220 0.039703369 -0.162750274
vt 0.624023438 0.402099609
vn 0.584619522 0.308110327 -0.750525296
v 0.150482163 0.051239014 -0.138702422
vt 0.629638672 0.422607422
vn 0.832994580 -0.110018142 -0.542232454
v 0.157531723 0.060211182 -0.126800567
vt 0.632080078 0.433837891
vn 0.841554940 -0.401114970 -0.361790091
v 0.137756333 0.055908203 -0.157760650
vt 0.635009766 0.405761719
vn 0.812132061 -0.189234674 -0.551934600
v 0.160278305 0.062774658 -0.131942779
vt 0.635498047 0.431396484
vn 0.504061997 -0.858480632 -0.094511658
v 0.167999253 0.066467285 -0.134017974
vt 0.638671875 0.435302734
vn 0.473720372 -0.876382530 0.086848699
v 0.148376450 0.062194824 -0.148727447
vt 0.638183594 0.416992188
vn 0.472572863 -0.803373814 -0.362305880
v 0.157287583 0.058044434 -0.149230987
vt 0.642822266 0.422851562
vn 0.173142523 -0.983764112 -0.047220655
v 0.172576889 0.066253662 -0.152832061
vt 0.652099609 0.426513672
vn 0.818694592 -0.480195880 -0.314882636
v 0.164978012 0.065734863 -0.165252715
vt 0.650146484 0.417236328
vn 0.797006905 -0.291972876 -0.528707743
v 0.142883286 0.063781738 -0.163085967
vt 0.642822266 0.406005859
vn 0.236638963 -0.820348442 -0.520605743
v 0.156066880 0.063995361 -0.165374786
vt 0.647216797 0.412841797
vn -0.055027835 -0.762527823 -0.644611061
v 0.156616196 0.075653076 -0.174163848
vt 0.656005859 0.408691406
vn 0.307534903 -0.157710299 -0.938376129
v 0.143524155 0.072509766 -0.166885406
vt 0.650146484 0.403076172
vn -0.039295934 -0.487268448 -0.872367680
v 0.138839707 0.080627441 -0.171295196
vt 0.658447266 0.398193359
vn -0.158049822 0.213367030 -0.964103103
v 0.130538926 0.060333252 -0.170333892
vt 0.641357422 0.394287109
vn 0.125832081 -0.047187123 -0.990928710
v 0.137573227 0.067871094 -0.170593292
vt 0.647460938 0.398437500
vn -0.062819175 -0.039261952 -0.997252405
v 0.106239304 0.076660156 -0.160659820
vt 0.654296875 0.373779297
vn -0.511035502 0.133655354 -0.849104941
v 0.108154282 0.096221924 -0.158874542
vt 0.669677734 0.371826172
vn -0.353608131 -0.023573922 -0.935096622
v 0.134094223 0.102569580 -0.166030914
vt 0.676269531 0.391357422
vn 0.323305935 0.007885486 -0.946261704
v 0.100090005 0.117340088 -0.162796050
vt 0.685546875 0.366699219
vn -0.363525778 -0.237082034 -0.900911391
v 0.123626687 0.152984619 -0.174469024
vt 0.707275391 0.387207031
vn 0.259939104 -0.094523385 -0.960987508
v 0.098022446 0.094360352 -0.150619537
vt 0.667480469 0.361083984
vn -0.680613279 -0.134539887 -0.720183730
v 0.080795273 0.101837158 -0.139785796
vt 0.675537109 0.346191406
vn -0.873555601 -0.377753794 -0.306924790
v 0.091583230 0.149475098 -0.166259795
vt 0.708251953 0.362548828
vn -0.464322358 -0.220356405 -0.857815683
v 0.062484723 0.147155762 -0.143585235
vt 0.707275391 0.335205078
vn -0.906186342 -0.378234327 -0.189117014
v 0.082458481 0.120117188 -0.110496536
vt 0.684814453 0.321044922
vn -0.891478837 -0.370792150 0.260343552
v 0.097053520 0.095367432 -0.098678611
vt 0.666259766 0.314697266
vn -0.889653504 -0.314921647 0.330667794
v 0.087699883 0.122314453 -0.089218162
vt 0.681152344 0.302978516
vn -0.682568014 -0.360898137 0.635494649
v 0.087394699 0.086669922 -0.138732940
vt 0.663085938 0.347412109
vn -0.979296744 -0.189541355 -0.071077853
v 0.087486252 0.061950684 -0.139404327
vt 0.642578125 0.351318359
vn -0.878762543 -0.078460999 -0.470765501
v 0.089828476 0.079406738 -0.128479034
vt 0.656982422 0.340087891
vn -0.955812752 0.292273283 -0.031597000
v 0.107147209 0.093505859 -0.087936424
vt 0.657958984 0.302001953
vn -0.697465539 -0.164570540 0.697465777
v 0.096702568 0.087371826 -0.099502586
vt 0.658447266 0.315185547
vn -0.747452378 0.212433845 0.629433751
v 0.086746201 0.085327148 -0.111961387
vt 0.653564453 0.326416016
vn -0.873528540 0.401350915 0.275436997
v 0.130844116 0.111938477 -0.061389945
vt 0.661376953 0.270996094
vn -0.623809397 -0.244786009 0.742254436
v 0.121337883 0.137176514 -0.057445548
vt 0.681152344 0.266357422
vn -0.567192852 -0.307229519 0.764135063
v 0.138153076 0.119781494 -0.052337673
vt 0.663818359 0.261230469
vn -0.047117058 -0.282703102 0.958049595
v 0.137695312 0.112457275 -0.054801963
vt 0.660156250 0.263916016
vn -0.355378717 0.221124634 0.908190429
v 0.135482788 0.083709717 -0.057762168
vt 0.639648438 0.270996094
vn -0.707871735 -0.094382912 0.700006723
v 0.123031609 0.070068359 -0.072792068
vt 0.631347656 0.287353516
vn -0.627900064 -0.290403843 0.722085297
v 0.110168450 0.058410645 -0.087509170
vt 0.624755859 0.301513672
vn -0.441712260 -0.481150985 0.757221282
v 0.129287720 0.061157227 -0.083206192
vt 0.617431641 0.294433594
vn -0.235949889 -0.747174978 0.621335089
v 0.134292603 0.058135986 -0.085868850
vt 0.612060547 0.296142578
vn -0.788159251 0.102460705 0.606882811
v 0.103393547 0.057312012 -0.094909683
vt 0.627929688 0.307861328
vn -0.599243045 -0.370584577 0.709630132
v 0.123420708 0.046630859 -0.100021377
vt 0.611572266 0.312744141
vn -0.324113101 -0.632416010 0.703562975
v 0.121765129 0.035339355 -0.097663894
vt 0.604248047 0.315429688
vn -0.903274477 0.392728001 0.172800452
v 0.108077995 0.045227051 -0.102088943
vt 0.620117188 0.318115234
vn -0.346800804 -0.827593088 0.441383064
v 0.120849602 0.044830322 -0.106430069
vt 0.612060547 0.318603516
vn -0.528526485 -0.709961176 0.465419024
v 0.116554253 0.040832520 -0.114341751
vt 0.612548828 0.326416016
vn -0.734106302 0.394680828 0.552553296
v 0.118179314 0.028503418 -0.099105850
vt 0.601074219 0.319824219
vn -0.904922843 0.236066818 0.354100406
v 0.111213677 0.041656494 -0.116943374
vt 0.616210938 0.330566406
vn -0.590386450 -0.574642897 0.566771090
v 0.110916130 0.034454346 -0.111404434
vt 0.608642578 0.329589844
vn -0.822776854 0.148883432 0.548518002
v 0.115684502 0.016937256 -0.106369033
vt 0.590820312 0.325195312
vn -0.814566553 -0.110717811 0.569405854
v 0.105224602 0.044342041 -0.118972793
vt 0.620849609 0.333496094
vn -0.682253242 -0.674411356 0.282311827
v 0.097503647 0.038208008 -0.136795074
vt 0.619873047 0.348632812
vn -0.892618418 -0.086892083 0.442359716
v 0.089523301 0.033416748 -0.145645171
vt 0.616210938 0.355224609
vn -0.953791380 0.023647694 0.299537897
v 0.090766892 0.000213623 -0.147186309
vt 0.593994141 0.358154297
vn -0.880798280 -0.251656651 0.401077926
v 0.116500847 0.000457764 -0.107482925
vt 0.581054688 0.331542969
vn -0.110031672 -0.919551075 0.377251774
v 0.127471909 0.013031006 -0.113540664
vt 0.578613281 0.321289062
vn 0.449866235 -0.173632473 0.876055002
v 0.097686753 0.000305176 -0.156173736
vt 0.590332031 0.366210938
vn -0.235520586 -0.957783759 -0.164864346
v 0.149734482 0.000701904 -0.125442535
vt 0.557128906 0.339355469
vn 0.181496724 -0.939047813 0.291972876
v 0.134689316 0.013183594 -0.117294326
vt 0.574218750 0.322265625
vn 0.047366198 -0.955216825 0.292091131
v 0.143798813 0.012786865 -0.122016929
vt 0.564697266 0.327148438
vn 0.393639952 -0.433003753 0.810897946
v 0.165161118 0.001586914 -0.135009795
vt 0.546630859 0.358154297
vn 0.440849245 -0.834464669 -0.330636948
v 0.095497116 0.034698486 -0.153610259
vt 0.617431641 0.362060547
vn -0.834852874 0.181147248 -0.519813895
v 0.104446396 0.033966064 -0.169464141
vt 0.619140625 0.375732422
vn -0.662712991 0.149899289 -0.733717799
v 0.097709641 0.039093018 -0.142807037
vt 0.623291016 0.354980469
vn -0.947440684 0.086848661 -0.307918072
v 0.122558579 0.038787842 -0.169097930
vt 0.622558594 0.389892578
vn 0.007888323 0.496972829 -0.867730379
v 0.120513901 0.051147461 -0.167831451
vt 0.632324219 0.388183594
vn -0.015706826 -0.070680186 -0.997375369
v 0.107917771 0.048522949 -0.165359527
vt 0.630859375 0.376953125
vn -0.465115309 0.134016171 -0.875047207
v 0.103057846 0.052398682 -0.153945953
vt 0.633544922 0.366699219
vn -0.875755072 -0.094676279 -0.473380983
v 0.105697617 0.061187744 -0.165649444
vt 0.640869141 0.375244141
vn -0.588475287 0.023538945 -0.808172464
v 0.090110764 0.062194824 -0.131607085
vt 0.638671875 0.345947266
vn -0.877763510 -0.462393284 -0.125394642
v 0.081230149 0.074005127 -0.124618545
vt 0.648925781 0.336914062
vn -0.962391853 0.118326806 -0.244542047
v 0.097015373 0.046905518 -0.115608230
vt 0.626464844 0.330566406
vn -0.315038741 -0.945116341 -0.086635575
v 0.083641037 0.057189941 -0.121147163
vt 0.637451172 0.334472656
vn -0.925110817 -0.324184179 0.197673410
v 0.088165268 0.076019287 -0.115509056
vt 0.648681641 0.328613281
vn -0.846279562 -0.166092277 0.506186068
v 0.095230095 0.063598633 -0.107696548
vt 0.639648438 0.321777344
vn -0.889625847 0.007872776 0.456622243
v 0.097106926 0.069702148 -0.095344558
vt 0.642089844 0.313476562
vn -0.828313649 -0.094664432 0.552209258
v 0.092971794 0.050018311 -0.105865493
vt 0.630859375 0.321533203
vn -0.776978612 -0.368868649 0.510137618
vt 0.390625000 0.021240234
vt 0.361572266 0.044433594
vt 0.369873047 0.007568359
v 0.165710434 0.031005859 -0.134506255
vt 0.379394531 0.002929688
vn 0.329525679 0.070612639 -0.941502452
vt 0.607421875 0.135009766
vt 0.605712891 0.129150391
vt 0.608398438 0.126953125
v 0.176162705 0.053131104 -0.122383140
vt 0.593017578 0.114257812
vn 0.409435987 0.385814816 -0.826746106
vt 0.588623047 0.122558594
v 0.180053696 0.024627686 -0.126617461
vt 0.614990234 0.115234375
vn 0.643974602 0.070680149 -0.761775017
v 0.170532212 0.001129150 -0.134231597
vt 0.631591797 0.125244141
vn 0.346542567 -0.378046513 -0.858480692
v 0.153701767 0.000885010 -0.122543357
vt 0.644775391 0.131835938
vn -0.086283110 -0.988334119 -0.125502691
v 0.166671738 0.000762939 -0.134338409
vt 0.633056641 0.127929688
vn -0.552329600 -0.244603127 -0.796932518
v 0.187911972 0.000976562 -0.118156455
vt 0.634277344 0.109375000
vn 0.243476391 -0.934635103 -0.259184539
v 0.209182739 0.001037598 -0.098129302
vt 0.634521484 0.087402344
vn 0.551454604 -0.645989776 -0.527821004
v 0.202651963 0.024993896 -0.106033355
vt 0.615478516 0.093017578
vn 0.723960638 0.133775353 -0.676746011
v 0.218200684 0.024963379 -0.087410003
vt 0.617187500 0.076660156
vn 0.795843124 0.189111248 -0.575213552
v 0.190429673 0.049713135 -0.110710166
vt 0.596191406 0.100585938
vn 0.732601404 0.275710255 -0.622317553
v 0.207275391 0.035125732 -0.092529327
vt 0.606689453 0.083251953
vn 0.763400972 0.440726370 -0.472206950
v 0.220199585 0.038848877 -0.066185027
vt 0.606445312 0.063964844
vn 0.614344656 0.787621379 -0.047257401
v 0.203247070 0.044158936 -0.090133697
vt 0.598388672 0.082763672
vn 0.789263248 0.489343256 -0.370953888
v 0.200881958 0.052581787 -0.081054717
vt 0.589599609 0.077392578
vn 0.544710457 0.813118517 0.205253109
v 0.183212265 0.064453125 -0.111785911
vt 0.584472656 0.104492188
vn 0.589947879 0.542752147 -0.597814023
v 0.169876084 0.066802979 -0.104957603
vt 0.577392578 0.113037109
vn 0.653847337 0.189064324 -0.732624352
vt 0.583007812 0.130859375
v 0.179092392 0.070068359 -0.106155418
vt 0.577392578 0.105468750
vn -0.314814240 -0.944442868 -0.094444193
v 0.170989975 0.076110840 -0.095878631
vt 0.571044922 0.112792969
vn -0.949085355 -0.298059881 -0.101967700
v 0.182632431 0.077026367 -0.104629546
vt 0.573730469 0.101318359
vn 0.938171923 0.299584359 -0.173443705
v 0.182617173 0.071350098 -0.096267723
vt 0.574218750 0.091796875
vn 0.643974721 0.400520861 0.651827931
v 0.173538208 0.064514160 -0.076103233
vt 0.567382812 0.075927734
vn 0.378893644 0.813042521 0.442042440
v 0.165863022 0.074066162 -0.089561492
vt 0.559570312 0.086914062
vn 0.408752561 0.676013768 0.613128722
v 0.171173081 0.076385498 -0.095031768
vt 0.562744141 0.090576172
vn -0.426467866 -0.797652960 0.426468045
v 0.147567749 0.076293945 -0.078453094
vt 0.548339844 0.072998047
vn 0.109865636 0.871077359 0.478700161
v 0.146179199 0.069244385 -0.062889121
vt 0.549560547 0.063964844
vn 0.142049760 0.576090515 0.804948211
v 0.149063110 0.078460693 -0.083740264
vt 0.548583984 0.079101562
vn 0.369301200 0.062859811 0.927181363
v 0.137359619 0.079010010 -0.078765891
vt 0.539550781 0.074951172
vn 0.756445169 -0.606731951 0.244268656
vt 0.534179688 0.066162109
v 0.135208130 0.064483643 -0.073463455
vt 0.529541016 0.071289062
vn -0.817050695 0.196406424 0.542081833
v 0.158340439 0.012329102 -0.129287750
vt 0.060302734 0.525146484
vn -0.559193969 -0.204775274 -0.803348839
vt 0.048828125 0.526611328
vt 0.056884766 0.516357422
vt 0.050292969 0.535888672
vt 0.055664062 0.511230469
vt 0.066894531 0.515869141
vt 0.066650391 0.518554688
vt 0.064941406 0.531250000
v 0.152603135 0.008148193 -0.122894309
vt 0.058349609 0.531982422
vn -0.503453493 -0.471987665 -0.723714232
vt 0.048339844 0.542968750
v 0.128738388 0.010681152 -0.107635513
vt 0.053466797 0.549072266
vn -0.549429595 -0.361053795 -0.753503382
vt 0.048583984 0.549560547
vt 0.050781250 0.559814453
v 0.116943352 0.017608643 -0.100997940
vt 0.053955078 0.562500000
vn -0.952696919 -0.086608864 -0.291320413
vt 0.050292969 0.569580078
v 0.115364067 0.000701904 -0.098442093
vt 0.061767578 0.558105469
vn -0.613944948 -0.779237807 -0.125937313
v 0.117752068 0.023193359 -0.088516250
vt 0.059082031 0.572265625
vn -0.889543235 -0.015744148 0.456579864
v 0.118598931 0.030334473 -0.093505874
vt 0.053222656 0.573486328
vn -0.933943927 0.353172064 0.054937985
vt 0.048095703 0.574707031
v 0.131408691 0.000793457 -0.075256363
vt 0.081542969 0.565917969
vn -0.368936777 -0.894868016 0.251191109
v 0.126037598 0.046661377 -0.082336441
vt 0.054687500 0.588623047
vn -0.903804302 0.298648357 0.306507677
vt 0.048339844 0.595214844
vt 0.053710938 0.605224609
v 0.135437012 0.029144287 -0.059387226
vt 0.075927734 0.590332031
vn -0.848816395 0.047156453 0.526580632
v 0.139633179 0.051971436 -0.061374687
vt 0.069091797 0.604003906
vn -0.669021726 0.306962937 0.676892698
v 0.142761230 0.029174805 -0.048374195
vt 0.084960938 0.595458984
vn -0.819100797 -0.086635686 0.567069948
v 0.180206299 0.000946045 -0.070228599
vt 0.115234375 0.548583984
vn 0.000000044 -1.000000000 0.000000044
vt 0.095947266 0.518310547
v 0.143020630 0.000946045 -0.057266254
vt 0.093750000 0.573974609
vn -0.456806153 -0.834852815 0.307162911
v 0.151885986 0.001037598 -0.044036884
vt 0.102539062 0.580566406
vn -0.370021343 -0.889625907 0.267675132
v 0.172546387 0.000885010 -0.021514915
vt 0.122070312 0.589355469
vn -0.047120042 -0.997375369 0.054973498
v 0.160812378 0.002960205 -0.031332038
vt 0.110839844 0.586669922
vn -0.741076887 -0.181327358 0.646471560
v 0.172622681 0.002990723 -0.019922279
vt 0.120117188 0.591064453
vn -0.549971819 0.062853955 0.832814753
v 0.148483276 0.023590088 -0.042438526
vt 0.092529297 0.595703125
vn -0.718834281 -0.007899280 0.695136666
v 0.165802002 0.026123047 -0.026445413
vt 0.105712891 0.605712891
vn -0.560429156 0.157867417 0.813017249
v 0.144805908 0.035705566 -0.049072288
vt 0.083496094 0.600585938
vn -0.607619166 0.370884448 0.702313185
v 0.178131104 0.041748047 -0.022901561
vt 0.103759766 0.622070312
vn -0.039334685 0.763093948 0.645089626
v 0.168258667 0.049743652 -0.039096858
vt 0.088378906 0.620605469
vn -0.267285973 0.723244548 0.636769652
v 0.158828735 0.056610107 -0.049110439
vt 0.074951172 0.619873047
vn 0.220828757 0.843881249 0.488977849
vt 0.062988281 0.613037109
v 0.133026123 0.066711426 -0.069519058
vt 0.054199219 0.608886719
vn -0.291872799 -0.780957222 0.552192092
vt 0.048583984 0.608642578
vt 0.051269531 0.614746094
vt 1.000000000 0.128662109
vt 1.000000000 0.149902344
vt 0.993408203 0.142089844
v 0.164978012 0.073822021 -0.153747588
vt 0.583007812 0.783447266
vn 0.774443388 0.221269563 -0.592686474
vt 0.587890625 0.790527344
vt 0.576904297 0.791503906
v 0.161025986 0.085113525 -0.160766631
vt 0.576660156 0.774658203
vn 0.906383276 0.063052781 -0.417724639
vt 0.566894531 0.780761719
v 0.168838486 0.090881348 -0.150772125
vt 0.585937500 0.769287109
vn 0.786621571 0.440508127 -0.432642013
v 0.157989487 0.090759277 -0.170211822
vt 0.570312500 0.769775391
vn 0.251570970 0.660374045 -0.707543731
vt 0.556884766 0.765380859
v 0.174285874 0.071411133 -0.143280059
vt 0.594238281 0.784667969
vn 0.985903800 -0.023661654 -0.165631965
v 0.150741562 0.097808838 -0.155105621
vt 0.576171875 0.758300781
vn 0.417465121 0.614382803 -0.669519722
vt 0.562988281 0.752441406
vt 0.600341797 0.791748047
v 0.166564927 0.093048096 -0.144805938
vt 0.589355469 0.765380859
vn 0.873555422 0.377753764 -0.306925058
v 0.160705552 0.112487793 -0.140213042
vt 0.590820312 0.749511719
vn 0.803049922 0.157460794 -0.574732006
v 0.144226059 0.142211914 -0.153015167
vt 0.573242188 0.726562500
vn 0.710846245 0.023694882 -0.702948213
vt 0.550781250 0.716552734
v 0.157272324 0.150817871 -0.140136749
vt 0.586425781 0.720947266
vn 0.872071445 0.047139015 -0.487103134
v 0.162780747 0.139007568 -0.123107940
vt 0.600830078 0.729003906
vn 0.967245340 0.070774086 -0.243777424
v 0.166900620 0.110565186 -0.119285613
vt 0.608642578 0.750244141
vn 0.946026385 0.244390190 -0.212856084
v 0.165893540 0.141693115 -0.107315093
vt 0.613769531 0.724609375
vn 0.987286627 0.071084671 -0.142169401
v 0.179809555 0.070892334 -0.126113921
vt 0.606689453 0.781250000
vn 0.966438890 0.102143981 -0.235716954
v 0.169021592 0.116729736 -0.096633941
vt 0.625732422 0.744140625
vn 0.962301970 0.236631691 -0.134091392
v 0.170074448 0.132476807 -0.075653106
vt 0.639892578 0.729736328
vn 0.995713115 0.031609990 0.086927213
v 0.177627549 0.087158203 -0.110794097
vt 0.618896484 0.770996094
vn 0.920546710 0.346188575 -0.180962324
vt 0.618652344 0.786621094
vt 0.625976562 0.781005859
v 0.167037949 0.077880859 -0.110595733
vt 0.612304688 0.795410156
vn -0.368754983 -0.863043785 0.345217615
vt 0.620117188 0.794189453
vt 0.610107422 0.803222656
vt 0.595703125 0.800292969
v 0.179351807 0.100433350 -0.072235137
vt 0.647460938 0.757568359
vn 0.917289853 0.395383596 -0.047446165
v 0.171096787 0.116455078 -0.078308135
vt 0.640869141 0.742431641
vn 0.850288332 0.299175560 0.433017045
v 0.157073975 0.124755859 -0.062385589
vt 0.654541016 0.729980469
vn 0.623751283 -0.110538110 0.773767173
v 0.183792114 0.085754395 -0.075668365
vt 0.647460938 0.769775391
vn 0.877038896 -0.387161255 0.284444928
vt 0.633789062 0.784179688
v 0.173919678 0.092498779 -0.060543086
vt 0.658447266 0.759033203
vn 0.534770429 0.526906133 0.660598636
v 0.183273315 0.091461182 -0.067726165
vt 0.651611328 0.763427734
vn 0.834232152 -0.023610281 0.550907791
v 0.165893555 0.088958740 -0.052593257
vt 0.666259766 0.762695312
vn 0.603295743 -0.438760400 0.665975630
v 0.172302246 0.079498291 -0.072830230
vt 0.654052734 0.776367188
vn -0.197340339 -0.947234035 0.252595782
vt 0.642578125 0.788085938
v 0.162292480 0.114196777 -0.069412261
vt 0.651123047 0.739990234
vn 0.553571641 0.419132859 0.719643056
v 0.155227661 0.097686768 -0.050266288
vt 0.669189453 0.749511719
vn 0.448152602 0.566087425 0.691884577
v 0.150131226 0.114013672 -0.061267875
vt 0.662353516 0.735595703
vn 0.488113463 0.228311136 0.842389166
vt 0.671630859 0.726318359
v 0.134948730 0.138549805 -0.047744777
vt 0.672607422 0.716552734
vn 0.267286152 -0.196533784 0.943362415
vt 0.672851562 0.730957031
v 0.151473999 0.088714600 -0.040630363
vt 0.677001953 0.757812500
vn -0.173120931 -0.133775339 0.975773275
vt 0.688964844 0.758300781
v 0.146652222 0.075408936 -0.053218864
vt 0.682373047 0.767578125
vn -0.307372510 -0.606863856 0.732965529
vt 0.701171875 0.765869141
vt 0.695068359 0.772705078
vt 0.685058594 0.773437500
v 0.153900146 0.077453613 -0.056999229
vt 0.676513672 0.773437500
vn 0.637617469 -0.755694687 0.149564520
vt 0.690917969 0.779296875
v 0.163604736 0.080566406 -0.062797576
vt 0.665283203 0.772460938
vn 0.219582587 -0.972436905 0.078422338
v 0.140274048 0.069976807 -0.069076553
vt 0.684082031 0.784423828
vn 0.086280368 0.643181801 -0.760837078
vt 0.697265625 0.791259766
vt 0.693359375 0.792480469
vt 0.685791016 0.788574219
vt 0.673339844 0.792236328
v 0.148666382 0.085205078 -0.066490203
vt 0.672851562 0.781250000
vn 0.379070759 -0.860806525 -0.339584231
v 0.164443970 0.086303711 -0.074630767
vt 0.659912109 0.780517578
vn -0.197772130 -0.973039150 -0.118663244
v 0.155090317 0.083892822 -0.083168060
vt 0.661621094 0.788818359
vn 0.243777394 -0.920062780 0.306687593
vt 0.662841797 0.792968750
v 0.166870102 0.084472656 -0.087463409
vt 0.652343750 0.785888672
vn -0.164904952 -0.785262287 0.596799433
vt 0.647460938 0.791503906
vt 0.715332031 0.321044922
v 0.222457886 0.000915527 -0.080947906
vt 0.724853516 0.316162109
vn 0.251098216 -0.949465096 -0.188323632
vt 0.776611328 0.345458984
vt 0.713867188 0.332519531
vt 0.708740234 0.285400391
v 0.229797363 0.000946045 -0.032081634
vt 0.756835938 0.317382812
vn 0.039320182 -0.998731434 0.031456150
v 0.238800049 0.001129150 -0.057815582
vt 0.736083984 0.311767578
vn 0.779672563 -0.401649505 -0.480404407
v 0.237411499 0.023071289 -0.059623748
vt 0.733886719 0.291748047
vn 0.867865264 0.339256436 -0.362925619
vt 0.730224609 0.270751953
v 0.239135742 0.003295898 -0.054618865
vt 0.738281250 0.309570312
vn 0.938026309 0.102473505 0.331067950
v 0.233093262 0.026763916 -0.050685912
vt 0.741455078 0.288818359
vn 0.680272520 0.640721798 0.355956435
v 0.191726685 0.044830322 -0.048023254
vt 0.761718750 0.257812500
vn 0.361622274 0.880471647 0.306592703
vt 0.730957031 0.245849609
v 0.228393555 0.003234863 -0.026878387
vt 0.758544922 0.312988281
vn 0.840541720 0.157110646 0.518464804
v 0.222625732 0.023529053 -0.028095277
vt 0.763671875 0.293945312
vn 0.526369274 0.691350698 0.494944125
vt 0.778076172 0.232421875
vt 0.748291016 0.224365234
vt 0.776611328 0.213134766
vt 0.781005859 0.244384766
vt 0.791503906 0.258789062
v 0.212203979 0.003234863 -0.015848188
vt 0.776611328 0.307617188
vn 0.543846965 0.078818448 0.835474849
v 0.196502686 0.029113770 -0.012678174
vt 0.789062500 0.281494141
vn 0.307305902 0.441259682 0.843121052
v 0.189102173 0.020324707 -0.015717532
vt 0.799560547 0.281005859
vn -0.423793375 0.141264513 0.894675195
vt 0.810058594 0.263671875
vt 0.808105469 0.299560547
v 0.198120117 0.002380371 -0.007091549
vt 0.790283203 0.304199219
vn -0.133937061 0.110301256 0.984832287
vt 0.809570312 0.302978516
v 0.198104858 0.000854492 -0.008771923
vt 0.789550781 0.308349609
vn 0.015738325 -0.999380589 0.031476595
vt 0.569335938 0.052246094
vt 0.569335938 0.041015625
vt 0.576904297 0.046386719
vt 0.227050781 0.225830078
vt 0.219970703 0.245849609
v 0.132919282 0.191497803 -0.165329009
vt 0.195068359 0.232421875
vn 0.690690100 -0.039243761 -0.722085297
v 0.158294663 0.168487549 -0.138671905
vt 0.208496094 0.207763672
vn 0.724319577 -0.078730397 -0.684954524
vt 0.221679688 0.210937500
v 0.160583481 0.170166016 -0.129333526
vt 0.207519531 0.200439453
vn 0.978778005 -0.055253562 -0.197334409
vt 0.226318359 0.197998047
v 0.163040146 0.190002441 -0.139389068
vt 0.192626953 0.205566406
vn 0.887428522 -0.180627018 -0.424081057
v 0.163589463 0.183410645 -0.115608245
vt 0.199462891 0.188720703
vn 0.991634309 -0.078701101 -0.102311604
v 0.165374741 0.194366455 -0.112327605
vt 0.190185547 0.186035156
vn 0.982396007 -0.180760831 -0.047155131
v 0.168457016 0.218566895 -0.140548736
vt 0.171875000 0.205566406
vn 0.926010072 -0.133408204 -0.353139609
v 0.146408051 0.212585449 -0.156768829
vt 0.177978516 0.221923828
vn 0.622491181 -0.063037097 -0.780084074
v 0.169662461 0.240295410 -0.139282256
vt 0.154052734 0.208007812
vn 0.721551895 0.054900695 -0.690180302
v 0.118286110 0.209594727 -0.178985626
vt 0.179687500 0.245117188
vn 0.133671790 0.023589127 -0.990744889
v 0.119491547 0.231536865 -0.176971465
vt 0.163085938 0.245117188
vn 0.353498757 0.125688449 -0.926952600
v 0.119857766 0.181579590 -0.177688628
vt 0.199707031 0.245849609
vn -0.047385454 -0.086873144 -0.995091856
vt 0.220947266 0.270751953
vt 0.236083984 0.258789062
v 0.151061982 0.251586914 -0.150024444
vt 0.146972656 0.223632812
vn 0.559853911 0.228672773 -0.796412170
v 0.169570908 0.253890991 -0.136535674
vt 0.145751953 0.209472656
vn 0.936949790 0.133850008 -0.322814792
v 0.167098984 0.275070190 -0.130798370
vt 0.130371094 0.211914062
vn 0.442580491 0.734999895 -0.513709724
v 0.120788544 0.273651123 -0.163757354
vt 0.131591797 0.249023438
vn 0.166092157 0.846279621 -0.506186008
v 0.119354218 0.256317139 -0.171173126
vt 0.145263672 0.248535156
vn 0.023591217 0.306687564 -0.951517940
v 0.078414895 0.233032227 -0.167099029
vt 0.162353516 0.273193359
vn -0.331129938 0.157680809 -0.930317044
v 0.078224160 0.268661499 -0.154815704
vt 0.136718750 0.277343750
vn -0.299770802 0.828313828 -0.473322183
v 0.115539528 0.270309448 -0.142959625
vt 0.119628906 0.259765625
vn -0.031578474 0.971035779 -0.236838043
v 0.076591469 0.251998901 -0.161376983
vt 0.148681641 0.277587891
vn -0.519685149 0.291338533 -0.803149521
v 0.079994179 0.208404541 -0.169876128
vt 0.179443359 0.271484375
vn -0.424986273 -0.015740285 -0.905063033
v 0.057243325 0.227386475 -0.150924712
vt 0.165039062 0.291015625
vn -0.623188198 0.118326791 -0.773068726
v 0.045520760 0.261856079 -0.127365112
vt 0.138427734 0.306396484
vn -0.591800094 0.741722643 -0.315626591
v 0.083206154 0.181701660 -0.168899566
vt 0.197998047 0.271728516
vn -0.471259236 -0.133523464 -0.871829331
v 0.044971444 0.204376221 -0.142929077
vt 0.180664062 0.302001953
vn -0.841555059 -0.149435058 -0.519089878
v 0.052871685 0.173156738 -0.144348145
vt 0.202880859 0.299560547
vn -0.773767412 -0.244763196 -0.584273219
vt 0.222167969 0.299072266
v 0.041931130 0.237182617 -0.134918213
vt 0.156005859 0.306152344
vn -0.953880310 0.149782792 -0.260149032
v 0.042400338 0.219482422 -0.140213013
vt 0.168945312 0.304199219
vn -0.991910815 -0.110212356 -0.062978327
v 0.056602463 0.174774170 -0.121253982
vt 0.204345703 0.315673828
vn -0.927869141 -0.338121861 0.157266095
v 0.048992142 0.201416016 -0.111564651
vt 0.184082031 0.323486328
vn -0.957459271 -0.266832918 0.109872520
v 0.057517994 0.192199707 -0.074516311
vt 0.194824219 0.348876953
vn -0.828623235 -0.426149130 0.363016069
v 0.068626389 0.152954102 -0.109756485
vt 0.222167969 0.324218750
vn -0.889075041 -0.401263982 0.220301926
vt 0.241699219 0.320556641
vt 0.240722656 0.333251953
v 0.076934807 0.149169922 -0.086181656
vt 0.229492188 0.339111328
vn -0.674826324 -0.423728287 0.604205191
v 0.052925099 0.203521729 -0.070915237
vt 0.184326172 0.351318359
vn -0.722954094 -0.385051668 0.573648572
v 0.048377980 0.225372314 -0.064353958
vt 0.164794922 0.351562500
vn -0.955216885 -0.205253243 0.213147715
v 0.044925671 0.229461670 -0.104942337
vt 0.161132812 0.326171875
vn -0.996179700 0.007906148 0.086968198
v 0.064086907 0.233703613 -0.051006336
vt 0.156738281 0.364013672
vn -0.558276772 -0.212302506 0.802031696
v 0.048389424 0.230255127 -0.062759414
vt 0.160156250 0.352050781
vn -0.943829179 0.007865218 0.330340326
v 0.074516289 0.215454102 -0.051017784
vt 0.171875000 0.368408203
vn -0.481916070 -0.395013273 0.782126307
v 0.050258625 0.250259399 -0.059387226
vt 0.142089844 0.352783203
vn -0.955216885 0.047366098 0.292091250
v 0.098525994 0.241760254 -0.024505639
vt 0.150146484 0.390380859
vn -0.597776890 -0.220233649 0.770817816
v 0.046741467 0.258926392 -0.107101463
vt 0.134277344 0.320068359
vn -0.975048959 0.204445690 0.086496398
v 0.072105400 0.256134033 -0.042537712
vt 0.140136719 0.371582031
vn -0.402812898 0.576575458 0.710846424
v 0.051441181 0.260177612 -0.059383411
vt 0.134521484 0.353027344
vn -0.426374882 0.868541420 0.252666622
v 0.077926621 0.259429932 -0.064071678
vt 0.127197266 0.375976562
vn -0.039485313 0.955544472 0.292191267
v 0.047668438 0.261032104 -0.120964073
vt 0.135009766 0.310791016
vn -0.125875086 0.991266012 0.039335921
v 0.051742539 0.260787964 -0.081375144
vt 0.123535156 0.328613281
vn -0.094782509 0.995215952 0.023695588
v 0.064117409 0.261489868 -0.116592430
vt 0.125732422 0.301513672
vn -0.379651427 0.917490721 -0.118641034
v 0.066574082 0.260848999 -0.072395347
vt 0.112548828 0.315185547
vn -0.473013252 0.875074446 0.102486216
v 0.067184426 0.271484375 -0.114929222
vt 0.118408203 0.295654297
vn -0.779310286 -0.558899283 -0.283385396
v 0.087860085 0.277481079 -0.133529693
vt 0.116943359 0.277587891
vn -0.583020806 -0.039393350 -0.811501622
v 0.091728188 0.267272949 -0.140945464
vt 0.124267578 0.274658203
vn -0.243356377 0.949874580 -0.196255088
v 0.105781533 0.280578613 -0.140686065
vt 0.114257812 0.263916016
vn -0.118430197 -0.165802151 -0.979021966
v 0.122695900 0.280639648 -0.140838653
vt 0.112304688 0.255126953
vn 0.401425451 -0.440780997 -0.802851140
v 0.096992485 0.255920410 -0.051410697
vt 0.129394531 0.387939453
vn -0.292492330 0.656131625 0.695657670
v 0.068588242 0.267837524 -0.072319053
vt 0.120361328 0.372070312
vn -0.393798411 -0.866356730 0.307162911
v 0.095169060 0.251037598 -0.026081109
vt 0.143066406 0.388183594
vn -0.055089086 0.936514497 0.346274257
v 0.102287285 0.247039795 -0.017736459
vt 0.145751953 0.394775391
vn -0.789657056 0.521173537 -0.323759288
v 0.111030571 0.254791260 -0.052890804
vt 0.126953125 0.398437500
vn 0.063070439 0.717425644 0.693774164
v 0.095710747 0.274154663 -0.028677013
vt 0.117919922 0.390380859
vn -0.133552134 -0.652049184 0.746321440
v 0.131866440 0.257369995 -0.055683166
vt 0.120849609 0.406250000
vn 0.260286838 -0.567898214 0.780860066
v 0.116516106 0.250183105 -0.026557948
vt 0.136230469 0.402832031
vn -0.354759961 0.890841424 -0.283807844
v 0.126205429 0.277618408 -0.019052535
vt 0.138671875 0.418701172
vn -0.568836868 0.426627547 -0.703145444
v 0.137832627 0.255020142 -0.042121917
vt 0.126708984 0.415283203
vn -0.432856292 0.818491697 -0.377765357
v 0.153793320 0.273941040 -0.043403655
vt 0.124511719 0.432861328
vn -0.550430954 0.416754723 -0.723423362
v 0.140136704 0.260391235 -0.064453155
vt 0.119628906 0.413574219
vn 0.710314929 0.213094518 0.670852780
v 0.138961777 0.276748657 -0.037509948
vt 0.114013672 0.420898438
vn 0.472660899 -0.653847396 0.590825915
v 0.165573105 0.260269165 -0.058620486
vt 0.116943359 0.430664062
vn -0.354539663 0.898166955 -0.259995669
v 0.175567612 0.290924072 -0.049922980
vt 0.117675781 0.449951172
vn -0.456071377 0.416754723 -0.786329687
v 0.173461899 0.262680054 -0.062774695
vt 0.109619141 0.431640625
vn 0.715980709 0.448471487 -0.535018742
v 0.162872300 0.164459229 -0.117088348
vt 0.405761719 0.907470703
vn 0.987163424 0.023691958 -0.157946289
vt 0.407226562 0.925048828
vt 0.397460938 0.907714844
vt 0.416015625 0.918945312
vt 0.402587891 0.896240234
v 0.166458115 0.174011230 -0.088256866
vt 0.420898438 0.894042969
vn 0.992864966 0.015759798 -0.118198335
vt 0.435791016 0.915527344
v 0.165847763 0.194580078 -0.102424651
vt 0.408203125 0.886718750
vn 0.991634309 -0.102311432 -0.078701258
vt 0.402587891 0.889648438
v 0.169052109 0.162719727 -0.070907623
vt 0.434326172 0.895996094
vn 0.875047207 -0.055183090 0.480881631
vt 0.449218750 0.916748047
v 0.171051010 0.218994141 -0.088218719
vt 0.407714844 0.870849609
vn 0.971581042 -0.213273853 -0.102687545
v 0.151336655 0.184967041 -0.049991634
vt 0.448242188 0.876953125
vn 0.620951116 -0.212223724 0.754573345
v 0.169082627 0.194427490 -0.066474944
vt 0.429443359 0.876464844
vn 0.982638836 -0.110055499 0.149360970
vt 0.465576172 0.903076172
v 0.170059189 0.211181641 -0.075767547
vt 0.417724609 0.870605469
vn 0.977803648 -0.197137788 -0.070969738
v 0.169525132 0.198699951 -0.058933288
vt 0.432128906 0.870849609
vn 0.863362849 -0.486622632 0.133428678
v 0.128448486 0.178466797 -0.036842372
vt 0.467773438 0.875732422
vn -0.189117014 -0.378234267 0.906186342
vt 0.469726562 0.912109375
vt 0.476318359 0.905517578
v 0.155395508 0.195190430 -0.040279415
vt 0.447998047 0.866699219
vn 0.572447956 -0.682232320 0.454821467
v 0.098045342 0.166809082 -0.063423179
vt 0.492187500 0.889404297
vn -0.548821211 -0.329292804 0.768349946
vt 0.503906250 0.919433594
vt 0.509277344 0.903076172
v 0.104751579 0.184753418 -0.050579093
vt 0.487060547 0.875976562
vn -0.471389890 -0.400681496 0.785650015
v 0.082298271 0.188659668 -0.061786670
vt 0.504394531 0.878173828
vn -0.463576317 -0.424290329 0.777865648
vt 0.522460938 0.881591797
vt 0.526123047 0.877441406
vt 0.514160156 0.863037109
v 0.134933472 0.188934326 -0.030088451
vt 0.465087891 0.866943359
vn -0.039398056 -0.661889374 0.748565435
v 0.102256767 0.223358154 -0.030904794
vt 0.494873047 0.847900391
vn -0.514239728 -0.427214682 0.743670046
vt 0.501464844 0.835693359
v 0.114860527 0.205108643 -0.033439662
vt 0.483154297 0.859619141
vn -0.542567432 -0.518977702 0.660517097
v 0.097099297 0.244964600 -0.016122842
vt 0.496337891 0.832275391
vn -0.706278861 -0.415919840 0.572870851
vt 0.497070312 0.827636719
v 0.111541741 0.239837646 -0.006799247
vt 0.487060547 0.827636719
vn -0.566788495 -0.377859116 0.732102036
v 0.112014763 0.242736816 -0.012720134
vt 0.489746094 0.824951172
vn -0.590660989 -0.338645667 0.732419789
v 0.102539055 0.265945435 -0.002014186
vt 0.496826172 0.811035156
vn -0.607033491 -0.473013222 0.638567865
v 0.128646851 0.234649658 -0.002112893
vt 0.475830078 0.824951172
vn -0.565092564 -0.384576976 0.729911566
v 0.142074585 0.255279541 0.023359269
vt 0.465820312 0.807617188
vn 0.220199689 -0.479720443 0.849341154
v 0.136230469 0.226562500 0.004788848
vt 0.470214844 0.831054688
vn -0.534175932 -0.463476270 0.706997812
v 0.141098022 0.220520020 0.002634973
vt 0.466796875 0.834960938
vn 0.031562798 -0.678597271 0.733832061
v 0.140121460 0.228668213 0.003128500
vt 0.466796875 0.829101562
vn 0.266882360 -0.337527484 0.902689874
v 0.162185669 0.214202881 -0.021421462
vt 0.448242188 0.847900391
vn 0.487509489 -0.684085727 0.542550743
v 0.167572021 0.226928711 -0.010225329
vt 0.447021484 0.835449219
vn 0.550908029 -0.228233233 0.802751541
v 0.157791138 0.233032227 -0.009328873
vt 0.451416016 0.829589844
vn 0.572113812 -0.360509932 0.736694276
v 0.181961060 0.238830566 -0.024311101
vt 0.430908203 0.831542969
vn 0.789263368 -0.370953709 0.489343196
v 0.187530518 0.265884399 -0.006511248
vt 0.427246094 0.810302734
vn 0.750595629 -0.292337120 0.592575252
v 0.184753403 0.284805298 -0.021844901
vt 0.412109375 0.806884766
vn 0.977074802 0.007879669 -0.212750301
v 0.183776855 0.231231689 -0.022625005
vt 0.433593750 0.837646484
vn 0.873555541 -0.448582500 0.188876763
v 0.180328354 0.247283936 -0.034042392
vt 0.422363281 0.831054688
vn 0.987132728 0.086867720 -0.134250179
v 0.176223740 0.254394531 -0.052402530
vt 0.409667969 0.833007812
vn 0.974326253 0.110004619 -0.196436882
v 0.178024277 0.290878296 -0.048179664
vt 0.395263672 0.812988281
vn 0.953317642 0.039393317 -0.299389124
vt 0.402099609 0.832763672
v 0.177017197 0.256622314 -0.065345801
vt 0.403320312 0.837890625
vn 0.978046954 0.181411982 -0.102537304
v 0.175155625 0.266006470 -0.073783912
vt 0.396972656 0.833496094
vn 0.031394999 0.973245323 0.227613777
v 0.181335434 0.253753662 -0.061298404
vt 0.406250000 0.840820312
vn 0.949552774 0.266816497 -0.164798543
v 0.184219345 0.247528076 -0.040061984
vt 0.418945312 0.834960938
vn 0.994719684 -0.039472960 -0.094735332
v 0.178695664 0.242370605 -0.065612823
vt 0.408447266 0.849365234
vn 0.981820107 -0.172800303 -0.078545727
v 0.173446640 0.220672607 -0.065330535
vt 0.418212891 0.861572266
vn 0.962301970 -0.236631602 -0.134091362
v 0.175643906 0.237670898 -0.083396941
vt 0.400878906 0.859130859
vn 0.987409830 -0.007899242 -0.157985702
v 0.174682602 0.218139648 -0.077011138
vt 0.413085938 0.866455078
vn 0.951665044 -0.306734979 -0.015730111
v 0.178024277 0.233917236 -0.081665069
vt 0.404052734 0.859863281
vn 0.971490085 -0.118474364 -0.205355749
v 0.172470078 0.233245850 -0.113472015
vt 0.044677734 0.280517578
vt 0.030761719 0.311523438
vt 0.023925781 0.281982422
vt 0.053222656 0.300781250
vt 0.033203125 0.266357422
vt 0.062500000 0.287353516
vt 0.040527344 0.257324219
v 0.173553452 0.254013062 -0.101493873
vt 0.061767578 0.266845703
vn 0.991388738 0.070813514 -0.110154435
vt 0.081298828 0.278808594
vt 0.081542969 0.283447266
v 0.168823227 0.274444580 -0.115997352
vt 0.057128906 0.245605469
vn 0.588348389 0.807998538 0.031378470
v 0.172073349 0.270401001 -0.094780006
vt 0.071289062 0.256347656
vn 0.710491836 0.702597558 0.039471645
vt 0.042968750 0.244628906
vt 0.083496094 0.266357422
v 0.142288193 0.271820068 -0.126205474
vt 0.047607422 0.226074219
vn 0.125828251 0.967305303 -0.220199645
vt 0.028808594 0.203369141
vt 0.041015625 0.205566406
vt 0.047363281 0.209472656
v 0.146697968 0.288467407 -0.128891021
vt 0.055175781 0.217041016
vn 0.652472138 -0.455944419 -0.605305612
v 0.146057114 0.271438599 -0.117813148
vt 0.056396484 0.230957031
vn 0.827773094 0.528198123 -0.189205423
v 0.152389511 0.294799805 -0.125114471
vt 0.063232422 0.218994141
vn 0.878843784 -0.384494126 -0.282485574
v 0.150390610 0.274627686 -0.103363074
vt 0.072265625 0.234863281
vn 0.932260394 -0.308119953 -0.189612404
v 0.152282700 0.267669678 -0.096527137
vt 0.077636719 0.241455078
vn -0.039496414 0.979510665 0.197481945
v 0.149917588 0.265838623 -0.088333167
vt 0.084960938 0.242919922
vn 0.675888538 0.683747649 0.275070786
v 0.163391098 0.294265747 -0.074485816
vt 0.099365234 0.225097656
vn 0.909112155 -0.415370196 0.031348597
vt 0.098388672 0.263671875
vt 0.092773438 0.269042969
vt 0.104736328 0.248535156
v 0.147155747 0.268081665 -0.074379005
vt 0.098632812 0.241210938
vn 0.875210464 -0.457317114 0.157695457
v 0.154281601 0.270385742 -0.066848792
vt 0.105957031 0.241943359
vn 0.655906260 -0.711223602 0.252879441
v 0.153808579 0.286178589 -0.044353515
vt 0.126220703 0.239013672
vn 0.575481653 -0.244382501 0.780447483
v 0.158584580 0.280578613 -0.065803565
vt 0.112304688 0.239990234
vn -0.087022632 0.561690569 -0.822758079
v 0.137374863 0.273529053 -0.056228667
vt 0.111816406 0.237304688
vn -0.181169927 0.567140102 -0.803448558
v 0.150344834 0.282958984 -0.062698402
vt 0.108886719 0.234130859
vn 0.725309491 -0.528214395 0.441492647
vt 0.715332031 0.381103516
v 0.141647309 0.288360596 -0.138977081
vt 0.719238281 0.392333984
vn 0.619193673 -0.360543191 -0.697572768
vt 0.715332031 0.401123047
vt 0.716064453 0.407470703
v 0.127944916 0.287765503 -0.147705108
vt 0.721679688 0.380859375
vn 0.055088982 -0.346274316 -0.936514497
vt 0.718750000 0.364501953
v 0.106597878 0.294464111 -0.144180328
vt 0.733398438 0.369873047
vn -0.165678352 0.276130319 -0.946732700
v 0.086395241 0.279190063 -0.141510040
vt 0.724365234 0.355957031
vn -0.439165115 -0.250951499 -0.862645566
v 0.092475869 0.302673340 -0.139694244
vt 0.744873047 0.362792969
vn -0.197039992 0.409842879 -0.890620172
v 0.127899140 0.301208496 -0.148910552
vt 0.729492188 0.383056641
vn 0.078727819 0.417258143 -0.905371487
v 0.105598427 0.301696777 -0.133895904
vt 0.743896484 0.372558594
vn -0.015757935 0.653948903 -0.756374717
v 0.083618142 0.303283691 -0.135864288
vt 0.748779297 0.358886719
vn -0.511731863 0.393639773 -0.763661206
v 0.084526040 0.308151245 -0.128768951
vt 0.753662109 0.363037109
vn 0.070758633 -0.345931679 -0.935587764
v 0.074554421 0.309631348 -0.131622344
vt 0.753906250 0.355957031
vn -0.384494245 -0.282485545 -0.878843725
v 0.110473610 0.312789917 -0.132080108
vt 0.750000000 0.380615234
vn 0.102017976 -0.494395286 -0.863229811
v 0.121772744 0.302383423 -0.136016876
vt 0.739990234 0.383056641
vn -0.101980500 0.745241284 -0.658950269
v 0.117988564 0.320037842 -0.132019073
vt 0.750732422 0.388183594
vn 0.605473816 -0.393164843 -0.691970229
v 0.125411958 0.323135376 -0.124626189
vt 0.750488281 0.395996094
vn 0.644451737 -0.165042534 -0.746621072
v 0.147247285 0.311859131 -0.138198882
vt 0.731689453 0.397216797
vn 0.055116281 0.661396801 -0.748008430
v 0.145233124 0.316513062 -0.121200599
vt 0.741210938 0.404541016
vn -0.063119553 0.820552647 -0.568075001
v 0.144210801 0.319702148 -0.112701453
vt 0.744628906 0.411376953
vn 0.441259563 0.843121111 -0.307305902
v 0.143005356 0.327987671 -0.108306922
vt 0.750488281 0.413330078
vn 0.645989776 -0.653867722 -0.393896252
v 0.152603135 0.324844360 -0.082908668
vt 0.750488281 0.432861328
vn 0.723356307 -0.597555161 -0.345953077
v 0.157669052 0.320068359 -0.069717444
vt 0.745117188 0.442382812
vn 0.598110080 0.794856846 -0.102308430
v 0.153823823 0.320510864 -0.124183692
vt 0.735839844 0.407714844
vn 0.188695773 0.974928439 -0.117934965
v 0.160964936 0.315109253 -0.129928619
vt 0.728759766 0.406250000
vn 0.898222625 -0.110308029 -0.425474018
v 0.166519150 0.314743042 -0.097206153
vt 0.731689453 0.428222656
vn 0.936949790 0.322814703 -0.133850113
v 0.160522446 0.301101685 -0.102333106
vt 0.720214844 0.423095703
vn 0.915431440 -0.355124235 -0.189399719
vt 0.707519531 0.424316406
vt 0.716552734 0.445800781
v 0.170715317 0.312911987 -0.067749061
vt 0.733886719 0.444580078
vn 0.939428210 0.165781498 0.299985349
v 0.155929551 0.314224243 -0.063476600
vt 0.744384766 0.448974609
vn 0.694205999 -0.331325442 0.638984799
v 0.156158432 0.297973633 -0.053691898
vt 0.727539062 0.457031250
vn 0.700158358 0.228141516 0.676557302
v 0.135101303 0.302932739 -0.048393283
vt 0.744873047 0.466552734
vn 0.576090574 -0.142049626 0.804948151
vt 0.713134766 0.457031250
vt 0.701660156 0.458007812
vt 0.702880859 0.465087891
v 0.166137680 0.290725708 -0.061836280
vt 0.721435547 0.466308594
vn -0.228516668 0.472792804 -0.851027071
vt 0.714599609 0.470214844
v 0.164810166 0.299362183 -0.054897346
vt 0.726318359 0.463134766
vn 0.541747570 0.635964453 0.549598873
v 0.168090805 0.289047241 -0.055046119
vt 0.723632812 0.467773438
vn 0.801660001 -0.463705182 0.377251655
vt 0.715087891 0.478515625
vt 0.734619141 0.469970703
v 0.137695298 0.280517578 -0.036438018
vt 0.738281250 0.480224609
vn 0.282485574 0.384494185 0.878843725
v 0.112701409 0.295074463 -0.036384612
vt 0.753662109 0.482910156
vn 0.487645239 0.000000059 0.873041987
vt 0.735107422 0.480224609
vt 0.723388672 0.486816406
v 0.112052910 0.281631470 -0.029062299
vt 0.750732422 0.490966797
vn 0.290574044 0.337694079 0.895281851
v 0.117706291 0.276947021 -0.031147031
vt 0.747314453 0.491210938
vn 0.197137982 -0.622955561 0.757009387
vt 0.734375000 0.500000000
vt 0.755126953 0.504394531
v 0.104888909 0.282363892 -0.026439693
vt 0.753417969 0.494140625
vn 0.323316216 0.000000055 0.946290970
v 0.098800652 0.296066284 -0.024885204
vt 0.759277344 0.492675781
vn 0.411998481 -0.435767442 0.800227523
v 0.095108025 0.286331177 -0.031290080
vt 0.758789062 0.501708984
vn -0.363027185 -0.915459931 0.173621818
vt 0.130371094 0.469482422
vt 0.143798828 0.472412109
v 0.149154633 0.334854126 -0.120811500
vt 0.127685547 0.477050781
vn 0.676494539 -0.173056766 -0.715825796
v 0.163909897 0.336349487 -0.099914588
vt 0.114257812 0.471435547
vn 0.927610993 0.055027802 -0.369472325
vt 0.113037109 0.463623047
v 0.141342133 0.349472046 -0.119812042
vt 0.122314453 0.483154297
vn 0.677774847 0.378293008 -0.630488396
v 0.120475747 0.358535767 -0.128509551
vt 0.133056641 0.497802734
vn 0.488673925 0.338919073 -0.803947687
v 0.127593964 0.390922546 -0.110801727
vt 0.116455078 0.516357422
vn 0.662815928 0.362970710 -0.654925406
v 0.124473549 0.327270508 -0.139251739
vt 0.145751953 0.480224609
vn 0.569192111 0.007905439 -0.822166681
vt 0.151611328 0.471923828
v 0.111366250 0.396728516 -0.117729217
vt 0.125488281 0.525878906
vn 0.487705320 0.361845970 -0.794487894
v 0.111968972 0.318969727 -0.144744903
vt 0.154785156 0.480712891
vn 0.086643599 -0.086643763 -0.992464483
vt 0.157470703 0.473876953
v 0.109077424 0.348052979 -0.139892608
vt 0.145751953 0.495605469
vn 0.055075310 0.212433830 -0.975622237
v 0.094200104 0.392837524 -0.130386382
vt 0.139160156 0.525878906
vn 0.109703466 0.242915064 -0.963824451
v 0.078132600 0.430519104 -0.122543365
vt 0.134277344 0.551025391
vn 0.094181985 0.243303776 -0.965366781
v 0.098838776 0.428863525 -0.110099830
vt 0.120117188 0.545410156
vn 0.473912299 0.355434299 -0.805651128
v 0.052776311 0.389945984 -0.125244170
vt 0.163085938 0.539306641
vn -0.378598988 0.070987225 -0.922834635
v 0.098159768 0.313674927 -0.142807037
vt 0.163085938 0.482421875
vn -0.188876957 -0.448582560 -0.873555481
vt 0.173828125 0.477539062
v 0.083030678 0.336929321 -0.136764556
vt 0.163574219 0.499023438
vn -0.323155493 0.031527299 -0.945820570
vt 0.180664062 0.480712891
v 0.071372956 0.362533569 -0.131881744
vt 0.162109375 0.517333984
vn -0.220966309 0.094699740 -0.970672905
v 0.052383397 0.348556519 -0.123352073
vt 0.178955078 0.516601562
vn -0.605081320 -0.062865645 -0.793677866
v 0.030879952 0.383346558 -0.102493308
vt 0.184326172 0.544921875
vn -0.685358286 -0.070899181 -0.724746466
v 0.027536370 0.355590820 -0.098541275
vt 0.199218750 0.535888672
vn -0.956929028 -0.227466777 -0.180404514
v 0.065299965 0.306610107 -0.127075225
vt 0.185546875 0.484375000
vn -0.542081833 -0.196406484 -0.817050695
v 0.037254311 0.319061279 -0.103591941
vt 0.200683594 0.507324219
vn -0.946261644 -0.228679940 -0.228679746
v 0.022500977 0.388862610 -0.036201499
vt 0.229980469 0.552246094
vn -0.902689874 -0.337527543 0.266882360
v 0.033210739 0.352142334 -0.043361682
vt 0.237792969 0.537841797
vn -0.876519203 -0.315862775 0.363242328
v 0.066589333 0.303283691 -0.116485618
vt 0.191894531 0.479980469
vn -0.517523825 -0.564571381 -0.642983973
vt 0.178466797 0.475830078
v 0.043537121 0.298767090 -0.105934165
vt 0.202392578 0.490722656
vn -0.557227135 -0.667102873 -0.494440883
v 0.043632492 0.309677124 -0.050476097
vt 0.236328125 0.507324219
vn -0.872367620 -0.290789217 0.392958522
v 0.044185620 0.296859741 -0.089988731
vt 0.212158203 0.491455078
vn -0.858773649 -0.512112796 -0.015757181
v 0.061046582 0.299987793 -0.106941245
vt 0.200927734 0.479980469
vn -0.496417105 -0.795843244 -0.346703917
v 0.062683083 0.292312622 -0.119293235
vt 0.194091797 0.473144531
vn -0.717738092 0.118308395 -0.686188877
v 0.082801796 0.293548584 -0.136322051
vt 0.179931641 0.471191406
vn -0.588276148 0.117655151 -0.800055325
vt 0.173828125 0.472412109
vt 0.178222656 0.463867188
v 0.047046646 0.290740967 -0.074325584
vt 0.221923828 0.487548828
vn -0.497344315 -0.860484660 -0.110520862
vt 0.172363281 0.454833984
vt 0.180908203 0.460205078
vt 0.196044922 0.459960938
v 0.061511975 0.272460938 -0.116218589
vt 0.197509766 0.462890625
vn -0.708859324 -0.283543736 -0.645849407
v 0.056011181 0.268936157 -0.102149986
vt 0.207275391 0.461669922
vn -0.702948093 -0.710846424 -0.023694757
v 0.054817181 0.274826050 -0.105148338
vt 0.205322266 0.464599609
vn -0.961823463 -0.055186640 -0.268049002
v 0.057498910 0.291961670 -0.112236045
vt 0.200195312 0.473876953
vn -0.936891735 0.283429384 -0.204698920
v 0.053844433 0.286315918 -0.091804527
vt 0.212402344 0.470703125
vn -0.939428151 0.331562847 0.086838007
v 0.056976303 0.281356812 -0.064292930
vt 0.225830078 0.466308594
vn -0.911916971 0.117920287 0.393067807
v 0.062755570 0.289764404 -0.088043235
vt 0.214843750 0.476806641
vn -0.964253664 -0.252919018 -0.079037048
v 0.061466202 0.285186768 -0.069564842
vt 0.226318359 0.473144531
vn -0.591726303 0.615395427 0.520719230
v 0.061916336 0.288970947 -0.069496177
vt 0.227294922 0.477783203
vn -0.196110055 -0.980550528 0.007844472
v 0.075012200 0.287673950 -0.041641261
vt 0.246826172 0.486328125
vn -0.070669204 -0.997221589 -0.023556363
v 0.071411118 0.289443970 -0.060352348
vt 0.235839844 0.477783203
vn -0.274901032 -0.918955266 0.282755524
v 0.078582749 0.281646729 -0.063087486
vt 0.238037109 0.471435547
vn -0.447199732 0.203985929 0.870862961
v 0.078010544 0.278717041 -0.051483177
vt 0.243652344 0.465087891
vn -0.479586929 0.188690007 0.856967032
v 0.101989739 0.284469604 -0.041694667
vt 0.252929688 0.476562500
vn -0.527738988 -0.771916807 0.354451686
v 0.059524521 0.266693115 -0.069526695
vt 0.230224609 0.457519531
vn -0.606449604 -0.661581457 0.441054434
v 0.048435200 0.289581299 -0.053501152
vt 0.234863281 0.494384766
vn -0.604186356 -0.721885085 0.337402910
v 0.089683525 0.266525269 -0.047767662
vt 0.257812500 0.461669922
vn -0.534853041 -0.739355743 0.409005404
v 0.078659050 0.287429810 -0.025259042
vt 0.257812500 0.489257812
vn -0.590697587 -0.504061997 0.630077600
vt 0.264892578 0.475097656
v 0.065162651 0.331619263 -0.017974878
vt 0.263916016 0.519287109
vn -0.654986441 -0.315656185 0.686552227
vt 0.236083984 0.455810547
v 0.096305832 0.268295288 -0.050785087
vt 0.256347656 0.457763672
vn -0.622355938 -0.598722279 0.504187226
vt 0.259521484 0.452392578
vt 0.267578125 0.467529297
v 0.091400139 0.275268555 -0.041572593
vt 0.260742188 0.467041016
vn -0.481480658 0.876136899 0.023679400
v 0.089805588 0.275558472 -0.054428123
vt 0.247558594 0.468994141
vn -0.221221119 0.632060647 0.742671192
v 0.097106919 0.268646240 -0.050327323
vt 0.254150391 0.470458984
vn -0.416574448 0.495173484 0.762409985
v 0.102836601 0.270828247 -0.044174220
vt 0.257324219 0.471679688
vn -0.526499331 0.597222984 -0.605081141
v 0.061206806 0.365539551 -0.003588462
vt 0.272216797 0.541992188
vn -0.645089567 -0.369746536 0.668690562
v 0.049240101 0.392852783 0.000579869
vt 0.269775391 0.552246094
vn -0.715559959 -0.361711711 0.597610772
v 0.079605095 0.350738525 0.001273725
vt 0.281250000 0.526367188
vn -0.418231279 -0.291972876 0.860136330
v 0.059394829 0.386093140 0.004883741
vt 0.283447266 0.548339844
vn -0.322814554 -0.275573462 0.905455828
v 0.095268242 0.372955322 0.012424440
vt 0.300292969 0.533447266
vn -0.268449754 -0.244763106 0.931679070
v 0.088615410 0.330673218 0.000181052
vt 0.282470703 0.510498047
vn -0.503812015 -0.275522262 0.818694770
v 0.105262749 0.347229004 0.010168046
vt 0.296386719 0.517578125
vn -0.268407941 -0.213147551 0.939428210
v 0.086227410 0.294921875 -0.015244508
vt 0.267333984 0.489257812
vn -0.102473319 -0.551780045 0.827670217
vt 0.271972656 0.478759766
v 0.093902580 0.318054199 -0.000781146
vt 0.281738281 0.501708984
vn 0.338824481 -0.559454083 0.756445050
v 0.123916619 0.314254761 -0.027545961
vt 0.292724609 0.478759766
vn 0.520395458 -0.575588822 0.630782187
vt 0.281494141 0.467529297
v 0.101692192 0.330123901 0.003848524
vt 0.290771484 0.506835938
vn 0.347535908 -0.529202104 0.774056852
vt 0.296386719 0.463867188
v 0.142074570 0.339294434 -0.021591220
vt 0.312011719 0.484619141
vn 0.642984092 -0.517523706 0.564571261
vt 0.313964844 0.453125000
v 0.120628349 0.345245361 0.003492801
vt 0.305908203 0.507324219
vn 0.503313422 -0.566227436 0.652734399
v 0.163833603 0.345962524 -0.044590034
vt 0.327880859 0.468261719
vn 0.903023899 -0.219866619 0.369061798
v 0.168518052 0.329788208 -0.065704383
vt 0.326171875 0.455322266
vn 0.952165842 -0.251812398 0.173120946
v 0.157333359 0.364562988 -0.019321479
vt 0.329589844 0.485839844
vn 0.905063033 0.015740283 0.424985975
v 0.137100205 0.358963013 0.001441921
vt 0.319091797 0.505859375
vn 0.703365207 -0.102738649 0.703364968
v 0.141143784 0.411796570 -0.008168258
vt 0.351806641 0.516845703
vn 0.794758558 0.141640171 0.590167046
v 0.122238152 0.428321838 0.007774318
vt 0.349365234 0.538574219
vn 0.668194473 0.086472280 0.738944292
v 0.125366211 0.360290527 0.013073889
vt 0.315917969 0.516113281
vn 0.591929197 -0.039461877 0.805023372
v 0.109939568 0.404548645 0.021347012
vt 0.329833984 0.535156250
vn 0.418544382 -0.007897004 0.908161998
v 0.116630547 0.358581543 0.014195411
vt 0.307861328 0.517822266
vn 0.165472493 -0.370342880 0.914037824
v 0.112648003 0.376296997 0.016649215
vt 0.313232422 0.526855469
vn -0.102387458 -0.189023212 0.976620197
v 0.087287895 0.423973083 0.024188966
vt 0.329589844 0.546386719
vn -0.204168081 -0.235578686 0.950167477
v 0.167144760 0.331176758 -0.074127235
vt 0.136718750 0.721679688
vn 0.896609962 -0.369654983 -0.243815109
vt 0.148193359 0.719726562
vt 0.142333984 0.735839844
vt 0.144775391 0.714599609
vt 0.135253906 0.717041016
vt 0.147949219 0.709716797
v 0.163375840 0.345962524 -0.065208472
vt 0.124755859 0.722900391
vn 0.960868239 0.267782956 -0.070883863
vt 0.118408203 0.712158203
v 0.151245102 0.381599426 -0.084861793
vt 0.107910156 0.748779297
vn 0.885631442 0.340019256 -0.316297084
vt 0.139648438 0.754150391
v 0.158126816 0.372802734 -0.048454326
vt 0.102539062 0.726318359
vn 0.965842903 0.259128600 -0.000000138
vt 0.098876953 0.707275391
vt 0.111083984 0.770751953
v 0.145660385 0.407524109 -0.024456061
vt 0.074218750 0.721435547
vn 0.947499692 0.110541679 0.300041437
vt 0.068603516 0.711669922
v 0.149566635 0.401939392 -0.043029822
vt 0.083007812 0.733154297
vn 0.995713115 -0.086927295 -0.031610068
v 0.134597763 0.435859680 -0.010640182
vt 0.049560547 0.708984375
vn 0.488810807 -0.094608463 0.867244720
v 0.145263657 0.402580261 -0.078125037
vt 0.093994141 0.755859375
vn 0.804572523 -0.457502007 -0.378622472
v 0.157440171 0.405235291 -0.029258767
vt 0.072021484 0.728515625
vn 0.370722979 -0.867649317 0.331284225
v 0.154327378 0.412994385 -0.019224206
vt 0.065185547 0.723388672
vn 0.896859765 0.039336011 0.440562546
v 0.148147568 0.435440063 -0.011767427
vt 0.046875000 0.715087891
vn 0.908870876 0.189677462 0.371451437
v 0.162429795 0.404182434 -0.052280467
vt 0.076904297 0.741943359
vn 0.950753868 -0.267153919 0.157149285
v 0.153961167 0.445056915 -0.049907722
vt 0.046875000 0.741455078
vn 0.948564768 0.316188276 -0.015809551
v 0.165084824 0.405616760 -0.068206824
vt 0.078369141 0.751708984
vn 0.987878382 -0.109764226 -0.109764382
v 0.155273423 0.424705505 -0.078453109
vt 0.066406250 0.760009766
vn 0.915117979 0.347113788 -0.205112800
v 0.140274018 0.453620911 -0.097885169
vt 0.050781250 0.780517578
vn 0.826233923 0.369838059 -0.424920470
v 0.157943696 0.406219482 -0.099189796
vt 0.082275391 0.769287109
vn 0.778370321 -0.581812084 -0.235869870
v 0.140762299 0.403259277 -0.094833404
vt 0.091796875 0.772705078
vn -0.204679981 -0.960421562 -0.188935310
v 0.155624360 0.408668518 -0.104766883
vt 0.081542969 0.773681641
vn 0.874097049 0.141745508 -0.464610279
v 0.141342133 0.414527893 -0.119346648
vt 0.079833984 0.788818359
vn 0.667452335 -0.180604771 -0.722419143
v 0.116874665 0.424880981 -0.145141631
vt 0.081542969 0.812744141
vn 0.560132623 0.007889181 -0.828365445
v 0.122779816 0.412673950 -0.115074188
vt 0.087646484 0.794433594
vn -0.440903842 -0.897554338 0.000000097
v 0.095573395 0.427055359 -0.137619048
vt 0.088623047 0.818603516
vn -0.836723387 -0.528872371 -0.142084956
v 0.118209817 0.432205200 -0.104118384
vt 0.094970703 0.792480469
vn -0.739241362 -0.456127703 0.495449185
v 0.129608124 0.414443970 -0.101280242
vt 0.093017578 0.782226562
vn -0.794955194 -0.558829963 0.236125469
v 0.132308930 0.411735535 -0.090232879
vt 0.097167969 0.773681641
vn 0.678597271 0.031562667 -0.733832121
v 0.120254494 0.426078796 -0.099746741
vt 0.096923828 0.786865234
vn 0.409639239 0.259963453 -0.874422610
v 0.114677407 0.440757751 -0.097663917
vt 0.097656250 0.797119141
vn 0.330176711 0.243701935 -0.911917090
v 0.125152558 0.405822754 -0.105384856
vt 0.104492188 0.778320312
vn 0.568411112 0.355257034 -0.742092490
vt 0.113037109 0.780761719
vt 0.100341797 0.797363281
vt 0.979003906 0.973388672
vt 0.985839844 0.984375000
vt 0.979248047 0.980712891
vt 0.988037109 0.974121094
vt 0.988525391 0.965820312
vt 0.995849609 0.954589844
vt 0.951660156 0.983642578
vt 0.960205078 0.990722656
vt 0.981689453 0.988769531
vt 0.983398438 0.999511719
vt 0.912353516 0.835205078
vt 0.910400391 0.817871094
vt 0.914550781 0.833496094
v 0.176574692 0.302200317 -0.043529548
vt 0.917724609 0.840576172
vn -0.471695930 0.455972522 -0.754713178
vt 0.940429688 0.836181641
v 0.180587754 0.319244385 -0.030960122
vt 0.913574219 0.851806641
vn 0.940366268 0.173849270 -0.292382956
vt 0.887939453 0.851562500
v 0.140869126 0.291793823 -0.022701295
vt 0.948242188 0.855224609
vn -0.561532557 0.434989899 -0.703892767
vt 0.962890625 0.860595703
v 0.175430283 0.331481934 -0.024837531
vt 0.917968750 0.859375000
vn -0.392873615 0.597167671 -0.699314773
v 0.184463486 0.321670532 -0.009382287
vt 0.907470703 0.863525391
vn 0.904474974 0.424710035 0.039324861
v 0.188125610 0.308197021 0.006246528
vt 0.901123047 0.874267578
vn 0.782732427 0.399193555 0.477466643
vt 0.877197266 0.874267578
v 0.160308823 0.332305908 -0.012249029
vt 0.924560547 0.869140625
vn 0.094327495 0.958996296 0.267261237
v 0.140991196 0.317565918 -0.006588015
vt 0.940185547 0.872070312
vn -0.573383093 0.439855337 -0.691201329
v 0.127136230 0.313552856 0.003632753
vt 0.948730469 0.880615234
vn -0.581740320 0.440235764 -0.683937669
v 0.100280754 0.288711548 0.009238217
vt 0.962646484 0.907470703
vn -0.913612545 0.291410863 -0.283534795
v 0.136611938 0.329895020 0.004949060
vt 0.935302734 0.882568359
vn -0.094696864 0.986425459 0.134153828
v 0.148315430 0.324645996 0.004850830
vt 0.926269531 0.883056641
vn 0.307688177 0.757386208 0.575928986
v 0.170303345 0.305984497 0.017766917
vt 0.910156250 0.891113281
vn 0.565528452 0.000000061 0.824728847
vt 0.896240234 0.920166016
v 0.144088745 0.302017212 0.036071744
vt 0.922607422 0.903808594
vn 0.393932909 0.575142086 0.716957808
v 0.139373779 0.280105591 0.033153504
vt 0.913085938 0.922119141
vn -0.157793581 -0.370815188 0.915203512
v 0.136856079 0.300781250 0.040790524
vt 0.924804688 0.907470703
vn -0.376693577 -0.023543332 0.926038742
v 0.119812004 0.325622559 0.017198533
vt 0.942382812 0.893310547
vn -0.450244904 0.892590702 -0.023697078
v 0.118469238 0.319030762 0.025752991
vt 0.939697266 0.899658203
vn -0.282877535 0.550039887 0.785771251
v 0.107299805 0.304244995 0.021095248
vt 0.946533203 0.905517578
vn -0.692548394 -0.086568564 0.716158211
v 0.103569023 0.275985718 0.005559418
vt 0.335937500 0.028564453
vn -0.589073777 -0.377007306 0.714743018
vt 0.356933594 0.048095703
vt 0.342285156 0.056152344
vt 0.342285156 0.022705078
vt 0.327392578 0.031494141
v 0.102470390 0.263839722 -0.008725191
vt 0.340820312 0.019042969
vn -0.694898248 0.371138722 -0.615932286
vt 0.345214844 0.008300781
vt 0.325683594 0.009277344
v 0.466156006 0.633026123 -0.005536168
vt 0.935058594 0.694335938
vn 0.787303865 0.055111285 -0.614097238
v 0.467041016 0.619812012 0.003821285
vt 0.930419922 0.708007812
vn 0.260230005 -0.757032871 -0.599317729
v 0.444000244 0.637954712 -0.024557199
vt 0.918701172 0.681884766
vn 0.338477671 -0.527395666 -0.779286087
v 0.445831299 0.632888794 -0.011943904
vt 0.916503906 0.691650391
vn -0.141785055 -0.882218063 -0.448985934
v 0.447662354 0.624320984 0.001695904
vt 0.914550781 0.702636719
vn -0.662712812 -0.733717859 0.149899468
v 0.430419922 0.633728027 -0.012526597
vt 0.904296875 0.689697266
vn -0.653948843 -0.614554405 0.441218644
v 0.425415039 0.638763428 -0.020031059
vt 0.903808594 0.682128906
vn -0.219927669 -0.973965526 -0.054981854
v 0.452575684 0.644943237 -0.015049069
vt 0.929443359 0.681152344
vn 0.707609236 0.479601860 -0.518913567
v 0.458801270 0.645339966 -0.000913768
vt 0.938720703 0.687988281
vn 0.726574898 0.497545868 -0.473853350
v 0.444122314 0.650146484 -0.009415713
vt 0.938232422 0.679199219
vn 0.764324665 0.543694973 -0.346704125
v 0.448608398 0.668258667 0.009201915
vt 0.954833984 0.683105469
vn 0.847352028 0.517826319 -0.117687926
v 0.449493408 0.651489258 -0.018879026
vt 0.935058594 0.673828125
vn 0.188550264 -0.903469563 0.384956598
v 0.445281982 0.658981323 -0.006471245
vt 0.943359375 0.678466797
vn 0.173459843 -0.859414160 0.480956554
v 0.469879150 0.666961670 0.008617310
vt 0.958251953 0.672363281
vn 0.126168340 -0.591413438 0.796436846
v 0.469085693 0.658676147 -0.009101004
vt 0.947753906 0.668701172
vn 0.259834558 -0.818872213 0.511795163
v 0.474700928 0.652206421 -0.015573593
vt 0.945068359 0.665527344
vn 0.243777335 -0.967245400 0.070774063
v 0.453826904 0.653289795 -0.029069990
vt 0.933105469 0.664062500
vn 0.441712290 -0.481150985 -0.757221282
v 0.443603516 0.651916504 -0.020488827
vt 0.928710938 0.673339844
vn 0.550686181 -0.574287117 -0.605754972
v 0.433685303 0.652740479 -0.042057123
vt 0.915039062 0.662841797
vn 0.567721605 -0.488871455 -0.662342012
v 0.428924561 0.638122559 -0.028949821
vt 0.909667969 0.675781250
vn 0.282276928 -0.690010488 -0.666487336
v 0.422302246 0.661590576 -0.049968805
vt 0.906250000 0.651855469
vn 0.055267263 -0.378976256 -0.923754573
v 0.417510986 0.638732910 -0.029178701
vt 0.900634766 0.673095703
vn -0.260513723 -0.836801589 -0.481555581
v 0.399353027 0.660888672 -0.046070181
vt 0.886474609 0.650390625
vn -0.125661448 -0.392691702 -0.911044717
v 0.399963379 0.651763916 -0.036228262
vt 0.886962891 0.660888672
vn -0.458115309 -0.860940874 -0.221159011
v 0.390167236 0.654937744 -0.030033192
vt 0.877441406 0.662353516
vn -0.047226522 -0.976015031 -0.212519363
v 0.390991211 0.653091431 -0.011785587
vt 0.876953125 0.675537109
vn -0.235702202 -0.942809105 0.235702351
v 0.406097412 0.647552490 -0.015764318
vt 0.888671875 0.678955078
vn -0.377123624 -0.895668685 0.235702395
v 0.383209229 0.657943726 -0.007106384
vt 0.869628906 0.675781250
vn -0.361622274 -0.880471647 -0.306592703
v 0.391754150 0.658966064 -0.003003916
vt 0.871337891 0.681640625
vn 0.235716879 -0.966438949 0.102143958
v 0.406616211 0.658279419 0.001058377
vt 0.877929688 0.689208984
vn -0.314570695 -0.880798221 0.353892207
v 0.394226074 0.659805298 0.010825076
vt 0.866943359 0.690673828
vn 0.541130722 -0.839144766 0.054897286
v 0.410858154 0.659851074 0.013117706
vt 0.874023438 0.697753906
vn -0.180376783 -0.776404917 0.603870571
v 0.413879395 0.646286011 -0.014562690
vt 0.893066406 0.683105469
vn -0.519813955 -0.811224878 0.267783076
v 0.415344238 0.644744873 -0.006998622
vt 0.890380859 0.688476562
vn -0.299770623 -0.828313828 0.473322242
v 0.428222656 0.657379150 0.010017310
vt 0.882080078 0.704833984
vn -0.141207844 -0.823713124 0.549142063
v 0.425048828 0.641143799 -0.011324014
vt 0.896972656 0.690429688
vn -0.244542047 -0.749403417 0.615299761
v 0.438110352 0.649688721 0.002963933
vt 0.892822266 0.703857422
vn -0.550788403 -0.597998977 0.582262278
vt 0.018798828 0.939208984
vt 0.027832031 0.930419922
v 0.470458984 0.628982544 0.005501658
vt 0.023193359 0.942138672
vn 0.893574953 0.407595634 -0.188121185
vt 0.009033203 0.954101562
v 0.462646484 0.637817383 0.016475588
vt 0.036376953 0.951660156
vn 0.913131177 -0.401462823 0.070846274
v 0.471557617 0.639236450 0.014590173
vt 0.037109375 0.942382812
vn 0.695853293 -0.340019226 -0.632594049
v 0.462097168 0.629699707 0.036514193
vt 0.048828125 0.940917969
vn -0.698668003 -0.714368522 0.039251138
v 0.452270508 0.641372681 0.014610202
vt 0.040283203 0.963378906
vn -0.719935775 -0.506328523 0.474683106
v 0.443908691 0.648742676 0.016317282
vt 0.049560547 0.962402344
vn -0.788379788 -0.528214514 0.315352052
v 0.473663330 0.628662109 0.024623781
vt 0.027343750 0.954101562
vn 0.485964507 0.721108556 0.493802518
v 0.478240967 0.617889404 0.022706894
vt 0.019775391 0.952392578
vn 0.977317631 -0.149750233 -0.149750412
v 0.471588135 0.609695435 0.021682650
vt 0.017089844 0.957519531
vn 0.446815014 -0.885791123 -0.125421762
vt 0.054687500 0.975097656
v 0.436645508 0.656707764 0.015058432
vt 0.062744141 0.968017578
vn -0.495051086 -0.793653488 0.353608102
vt 0.069580078 0.974121094
vt 0.036621094 0.998779297
vt 0.016601562 0.987792969
v 0.463073730 0.610641479 0.020011812
vt 0.018798828 0.965087891
vn -0.669249773 -0.716491044 0.196838304
v 0.470916748 0.617828369 0.031967074
vt 0.021240234 0.957275391
vn -0.284729451 -0.055364057 0.957007885
v 0.457977295 0.628707886 0.017057331
vt 0.027587891 0.965820312
vn -0.678407252 0.039442293 0.733626664
v 0.368347108 0.644836426 -0.074813917
vt 0.813232422 0.449218750
vn 0.718923986 -0.363412172 -0.592519939
v 0.350036561 0.632141113 -0.093002394
vt 0.813720703 0.463378906
vn 0.197414249 -0.979174554 -0.047379397
v 0.336486757 0.642883301 -0.106788710
vt 0.804199219 0.471191406
vn 0.653847337 -0.472660780 -0.590826035
v 0.358978212 0.653320312 -0.097389296
vt 0.804199219 0.458984375
vn 0.516936004 -0.720577538 -0.462109476
v 0.340179443 0.637756348 -0.051750258
vt 0.833984375 0.458007812
vn 0.007856562 -0.989919007 0.141417027
v 0.312835634 0.631347656 -0.096031256
vt 0.818847656 0.479248047
v 0.301269531 0.639221191 -0.040401530
vt 0.847167969 0.483398438
vn 0.000000064 -0.987440705 0.157990545
v 0.330383241 0.629028320 -0.114135817
vt 0.808349609 0.476318359
vn 0.361443639 -0.911466479 -0.196436748
v 0.338989198 0.653747559 -0.120430067
vt 0.799316406 0.472656250
vn 0.536114931 -0.709563911 -0.457274556
v 0.363769472 0.663070679 -0.106773451
vt 0.800292969 0.458984375
vn 0.560150146 -0.662712932 -0.497034729
v 0.369506776 0.664703369 -0.102867201
vt 0.800292969 0.455322266
vn 0.645829439 -0.519813955 -0.559193850
v 0.366790712 0.671966553 -0.111251906
vt 0.797607422 0.458007812
vn 0.701265752 -0.244261131 -0.669748366
v 0.351348817 0.664718628 -0.123184279
vt 0.796386719 0.468261719
vn 0.630782187 -0.520395339 -0.575588882
v 0.313201845 0.653411865 -0.150894225
vt 0.792724609 0.492187500
vn 0.488719523 -0.717314184 -0.496602148
v 0.317474306 0.662216187 -0.158416808
vt 0.788330078 0.492431641
vn 0.212374598 -0.369689345 -0.904558897
v 0.304809511 0.641265869 -0.140914977
vt 0.799316406 0.491943359
vn 0.400273919 -0.259000838 -0.879033208
v 0.306030214 0.653427124 -0.146926939
vt 0.794189453 0.496582031
vn -0.589437723 -0.243634269 -0.770198405
v 0.301513612 0.669509888 -0.146469176
vt 0.786865234 0.501953125
vn -0.362519652 -0.181259826 -0.914179623
v 0.307891786 0.625473022 -0.137863219
vt 0.804931641 0.490966797
vn 0.094453029 -0.834335446 -0.543105066
v 0.292266786 0.654220581 -0.136215270
vt 0.796630859 0.505126953
vn -0.007837980 -0.556490660 -0.830816984
v 0.276031435 0.627319336 -0.120307989
vt 0.814453125 0.501708984
vn 0.023563743 -0.989674628 0.141382128
v 0.273132265 0.625717163 -0.130249083
vt 0.811035156 0.503662109
vn -0.401313722 -0.731807292 -0.550822556
v 0.272277772 0.639816284 -0.134262145
vt 0.806396484 0.508056641
vn -0.560080528 0.015776854 -0.828287959
v 0.291595399 0.645782471 -0.132400572
vt 0.800048828 0.503173828
vn -0.402913660 0.110603660 -0.908530414
v 0.265075624 0.628112793 -0.109985419
vt 0.817626953 0.507568359
vn -0.691030800 -0.691030860 -0.212020710
v 0.276550233 0.644805908 -0.130737364
vt 0.804687500 0.510986328
vn -0.346704036 -0.795843244 -0.496417016
v 0.265533388 0.632644653 -0.082962103
vt 0.828125000 0.500732422
vn 0.039514955 -0.987872243 0.150156632
v 0.261077821 0.640686035 -0.105949469
vt 0.817871094 0.514160156
vn -0.912848413 0.188865125 -0.361991465
v 0.257415712 0.630355835 -0.091445990
vt 0.824218750 0.508056641
vn -0.900124729 -0.300041616 -0.315833122
v 0.263519228 0.644577026 -0.100875922
vt 0.820068359 0.517822266
vn -0.481600612 -0.876355231 0.007895194
v 0.260162294 0.629318237 -0.090263434
vt 0.824462891 0.506103516
vn 0.086568631 -0.983733654 0.157397419
v 0.253478944 0.641830444 -0.086135924
vt 0.825439453 0.513183594
vn -0.889212728 0.346242070 -0.299027175
v 0.253601015 0.632110596 -0.081237853
vt 0.827636719 0.507324219
vn -0.924129188 -0.379129976 -0.047391105
v 0.256042421 0.632492065 -0.076171935
vt 0.829345703 0.505126953
vn 0.015703382 -0.973605216 0.227698043
v 0.277679443 0.637451172 -0.050895758
vt 0.840087891 0.493408203
vn 0.000000065 -0.986179948 0.165678278
v 0.260009766 0.636093140 -0.060108248
vt 0.834472656 0.501953125
vn -0.315420449 -0.859520972 0.402161241
v 0.295959473 0.640411377 -0.040805884
vt 0.847656250 0.485839844
vn -0.392727911 0.172800377 0.903274536
v 0.322937012 0.640838623 -0.030300211
vt 0.848144531 0.467773438
vn -0.243973389 -0.566648126 0.787011445
v 0.314239502 0.653259277 -0.037448954
vt 0.854736328 0.477294922
vn -0.353433341 -0.039270356 0.934635162
v 0.297637939 0.654296875 -0.044326849
vt 0.851318359 0.488769531
vn -0.400966108 -0.086482897 0.912001669
v 0.265075684 0.652832031 -0.059352938
vt 0.837402344 0.508056641
vn -0.431508541 -0.117684163 0.894399762
v 0.268554688 0.638076782 -0.053005282
vt 0.837890625 0.498535156
vn -0.479468405 0.094321690 0.872475564
v 0.255248964 0.649703979 -0.064697325
vt 0.833251953 0.508544922
vn -0.967036128 0.251586586 0.039310526
v 0.254272401 0.634857178 -0.071617186
vt 0.830810547 0.505615234
vn -0.882081151 -0.291401833 0.370159209
v 0.252136171 0.644882202 -0.073097289
vt 0.829833984 0.510009766
vn -0.884002507 0.457786947 -0.094714448
v 0.266265810 0.648452759 -0.094146796
vt 0.825683594 0.520507812
vn -0.888168335 0.448014051 -0.102178551
v 0.255432069 0.656326294 -0.087631285
vt 0.825195312 0.526367188
vn -0.761282086 -0.400261730 0.510137618
v 0.265472353 0.659164429 -0.082008429
vt 0.829101562 0.524169922
vn -0.970280170 -0.078884609 0.228765383
v 0.256561220 0.675170898 -0.078064032
vt 0.832031250 0.533935547
vn -0.832275271 -0.149181440 0.533912599
v 0.267455995 0.677978516 -0.073700018
vt 0.835693359 0.531494141
vn -0.982396007 0.180760831 0.047155131
v 0.251464784 0.678024292 -0.097587645
vt 0.824462891 0.537841797
vn -0.849577665 -0.157329217 0.503453553
v 0.258422792 0.691421509 -0.074745245
vt 0.836914062 0.538574219
vn -0.590807557 0.133916393 0.795620978
v 0.272857606 0.693084717 -0.074531622
vt 0.841308594 0.537109375
vn -0.824677944 0.243476361 0.510515034
v 0.250350922 0.705352783 -0.093421996
vt 0.833984375 0.546875000
vn -0.919437468 0.015716856 0.392922163
v 0.264587343 0.708755493 -0.077781744
vt 0.842041016 0.544677734
vn -0.243491277 0.408437163 0.879710853
v 0.275909364 0.713562012 -0.078636236
vt 0.846923828 0.545654297
vn -0.924129188 0.331738621 0.189565077
v 0.256561220 0.715286255 -0.087036200
vt 0.839355469 0.549316406
vn -0.629063725 0.487524450 0.605473995
v 0.272521913 0.723312378 -0.087768622
vt 0.846435547 0.551269531
vn -0.110538147 0.773767352 0.623751163
v 0.280548036 0.724243164 -0.089851446
vt 0.849609375 0.553466797
vn -0.553883493 0.822912633 0.126601994
v 0.275878847 0.731842041 -0.108589239
vt 0.849853516 0.559570312
vn 0.070749961 0.990499973 0.117916614
v 0.285369813 0.726760864 -0.106483527
vt 0.853515625 0.559814453
vn -0.290574014 0.895281792 -0.337694019
v 0.265472353 0.728927612 -0.096649237
vt 0.844970703 0.554687500
vn -0.291032016 0.888827443 0.353957862
v 0.260833681 0.727203369 -0.111900397
vt 0.844238281 0.558349609
vn 0.110004567 0.974326313 0.196436688
v 0.254821718 0.724105835 -0.101913512
vt 0.840576172 0.555664062
vn 0.173056826 0.715825737 0.676494539
v 0.248138398 0.706390381 -0.095970213
vt 0.833496094 0.548583984
vn 0.411237627 -0.134442970 0.901559114
v 0.220855668 0.737930298 -0.099914610
vt 0.843261719 0.570312500
vn 0.502505958 0.667390645 0.549615800
v 0.251068056 0.735366821 -0.118591368
vt 0.850830078 0.564208984
vn 0.493544966 0.830408990 0.258523464
v 0.225570634 0.743499756 -0.113098204
vt 0.851074219 0.572998047
vn 0.950841904 -0.180738509 -0.251462430
v 0.216186479 0.733520508 -0.094993651
vt 0.841796875 0.569824219
vn 0.361622363 0.448097229 0.817580700
v 0.245132416 0.707107544 -0.082649291
vt 0.832519531 0.554199219
vn 0.354045630 0.165221289 0.920518160
v 0.240447968 0.680526733 -0.096839964
vt 0.822753906 0.542236328
vn 0.746621072 -0.416535914 0.518705010
v 0.191986054 0.721969604 -0.075363211
vt 0.834716797 0.578125000
vn 0.212856039 0.244390190 0.946026325
v 0.198928803 0.734466553 -0.086654715
vt 0.842285156 0.578369141
vn 0.402424157 -0.015781280 0.915317357
v 0.189636201 0.689102173 -0.078346305
vt 0.821044922 0.568847656
vn 0.031586416 -0.434311330 0.900208950
v 0.237228364 0.677307129 -0.084449828
vt 0.822021484 0.548583984
vn 0.125502884 -0.541230500 0.831455708
v 0.195388764 0.663299561 -0.106559806
vt 0.806152344 0.556396484
vn -0.173120961 -0.912820041 0.369849563
v 0.152938813 0.672363281 -0.101257376
vt 0.811523438 0.572998047
vn -0.213147506 -0.939428151 0.268408120
v 0.235259980 0.667449951 -0.096008360
vt 0.817138672 0.544189453
vn 0.251937389 -0.747938752 0.614097118
v 0.238754243 0.669342041 -0.110115111
vt 0.815429688 0.537597656
vn 0.608548403 -0.663870871 0.434677303
v 0.234268159 0.653305054 -0.112602293
vt 0.809082031 0.539794922
vn 0.054993875 -0.966319680 0.251400262
v 0.207183793 0.660263062 -0.137283385
vt 0.794921875 0.544921875
vn -0.220664099 -0.937822342 -0.267949194
v 0.181335405 0.668884277 -0.146408141
vt 0.787353516 0.553466797
vn -0.181819633 -0.893287659 -0.411070347
v 0.240280107 0.657775879 -0.134521544
vt 0.803466797 0.530517578
vn -0.259697556 -0.920746207 0.291176230
v 0.235702470 0.652450562 -0.136093199
vt 0.800292969 0.533447266
vn -0.110714339 -0.893622756 -0.434949100
v 0.208312944 0.675842285 -0.150329649
vt 0.785400391 0.543457031
vn -0.015738359 -0.574447215 -0.818390369
v 0.185684159 0.697799683 -0.165145934
vt 0.770751953 0.551269531
vn 0.023656452 -0.536214948 -0.843749940
v 0.201629594 0.703887939 -0.168640196
vt 0.769042969 0.546142578
vn -0.015702941 -0.259096622 -0.965723753
v 0.226577714 0.664978027 -0.144256651
vt 0.792724609 0.536865234
vn -0.204699099 -0.621970177 -0.755811810
v 0.222564653 0.679519653 -0.153961241
vt 0.783935547 0.537841797
vn -0.188410744 -0.557381630 -0.808595777
v 0.230194047 0.677658081 -0.159011900
vt 0.783935547 0.534423828
vn -0.338645726 -0.590661168 -0.732419670
v 0.220107988 0.699981689 -0.168701231
vt 0.770996094 0.539550781
vn -0.055089198 -0.346274316 -0.936514497
v 0.236312822 0.690444946 -0.165359557
vt 0.775390625 0.533935547
vn -0.204237565 -0.290645659 -0.934779167
v 0.225311235 0.714187622 -0.167617857
vt 0.762451172 0.539794922
vn 0.047451824 0.189807802 -0.980673909
v 0.203277543 0.731658936 -0.164093077
vt 0.754150391 0.547363281
vn 0.062820844 0.251283914 -0.965872645
v 0.212615922 0.736541748 -0.160675108
vt 0.750000000 0.543457031
vn 0.173201382 0.621950865 -0.763661265
v 0.235244706 0.703231812 -0.167053282
vt 0.768066406 0.535156250
vn 0.353008956 0.062757149 -0.933512926
v 0.233718827 0.727127075 -0.163650572
vt 0.757812500 0.536621094
vn 0.236286297 0.330800951 -0.913640857
v 0.241744950 0.693817139 -0.162933409
vt 0.771728516 0.531982422
vn 0.479409158 0.298648387 -0.825212717
v 0.240463212 0.722381592 -0.159942687
vt 0.758544922 0.533447266
vn 0.687945783 0.142333627 -0.711668313
v 0.238815263 0.732894897 -0.157104552
vt 0.753417969 0.534423828
vn 0.376612365 0.721840620 -0.580611050
v 0.237579301 0.743057251 -0.139328063
vt 0.742187500 0.534667969
vn 0.338289082 0.881125331 -0.330422044
v 0.221282914 0.745330811 -0.148391783
vt 0.742919922 0.541992188
vn 0.260343313 0.891478896 -0.370792180
v 0.207366899 0.755767822 -0.118804999
vt 0.723388672 0.540283203
vn 0.267476112 0.936166644 -0.228141531
v 0.247253373 0.708221436 -0.153823912
vt 0.763671875 0.529296875
vn 0.495786339 0.212479904 -0.842050076
v 0.247817948 0.727066040 -0.150894225
vt 0.754882812 0.528320312
vn 0.007852001 0.259120554 -0.965813160
v 0.251403749 0.733337402 -0.142501891
vt 0.748535156 0.527832031
vn 0.031518456 0.921917439 -0.386102200
v 0.236633256 0.745849609 -0.125991881
vt 0.735351562 0.532958984
vn 0.528329432 0.843750060 0.094626069
vt 0.727294922 0.532226562
vt 0.733154297 0.525634766
v 0.254943788 0.703933716 -0.156051695
vt 0.765625000 0.526611328
vn -0.329840809 0.557587802 -0.761774898
v 0.247558549 0.735443115 -0.135879576
vt 0.743408203 0.529052734
vn 0.510640979 0.840593636 0.180688247
v 0.255493104 0.723587036 -0.122489989
vt 0.737060547 0.522460938
vn 0.378893584 0.915659547 0.134191394
vt 0.734375000 0.517822266
v 0.258239686 0.736312866 -0.134445250
vt 0.743896484 0.523925781
vn -0.267153949 0.785746992 0.557880342
v 0.269317567 0.729400635 -0.123352118
vt 0.739257812 0.516113281
vn 0.039203931 0.948735178 0.313631415
vt 0.733642578 0.512451172
vt 0.737060547 0.509277344
v 0.288757265 0.724304199 -0.118980475
vt 0.742919922 0.509033203
vn -0.689502001 0.720842838 -0.070517175
v 0.287811220 0.730590820 -0.131530851
vt 0.750488281 0.509033203
vn 0.134124577 0.978320897 -0.157793760
v 0.262420595 0.743698120 -0.141891539
vt 0.747558594 0.522216797
vn 0.141403854 0.989827394 -0.015711607
v 0.258026063 0.732101440 -0.153564513
vt 0.754882812 0.522460938
vn 0.315351814 0.528214395 -0.788379908
v 0.282592714 0.721954346 -0.143051207
vt 0.758056641 0.509521484
vn -0.031539246 0.496740997 -0.867325604
v 0.288787782 0.709045410 -0.147125334
vt 0.765136719 0.508300781
vn 0.047156330 0.251501113 -0.966707587
v 0.269256532 0.708190918 -0.160659850
vt 0.765869141 0.519287109
vn 0.078422196 0.407796055 -0.909699023
v 0.263702333 0.699737549 -0.169494689
vt 0.771240234 0.521728516
vn 0.353673369 0.392970562 -0.848816514
v 0.292510927 0.696533203 -0.151641935
vt 0.773193359 0.508300781
vn 0.526499093 0.125731155 -0.840827227
v 0.305358827 0.696578979 -0.143447965
vt 0.772705078 0.502197266
vn -0.149974152 -0.063147008 -0.986671269
v 0.290832460 0.674530029 -0.152160734
vt 0.784179688 0.507568359
vn 0.244382441 -0.417815328 -0.875047207
v 0.273956239 0.685104370 -0.163375914
vt 0.779296875 0.517089844
vn 0.440167695 -0.212223813 -0.872475564
v 0.255737245 0.692199707 -0.173919737
vt 0.775634766 0.525146484
vn -0.235173121 0.642806113 -0.729036272
v 0.239227250 0.687164307 -0.169738829
vt 0.776855469 0.531982422
vn -0.440508246 0.432641834 -0.786621571
v 0.264923036 0.688598633 -0.168777525
vt 0.777587891 0.521240234
vn 0.456622064 -0.527477324 -0.716424465
v 0.254058778 0.687805176 -0.174301207
vt 0.777832031 0.526123047
vn -0.039492775 -0.631883264 -0.774056911
v 0.241989091 0.669479370 -0.154571593
vt 0.790527344 0.529785156
vn -0.173099682 -0.684530318 -0.708134770
v 0.251434267 0.673324585 -0.160034239
vt 0.787353516 0.526123047
vn 0.227375731 -0.588040948 -0.776214063
v 0.262481630 0.683212280 -0.160034239
vt 0.782714844 0.521240234
vn 0.268625677 -0.632060647 -0.726869702
v 0.270294130 0.681030273 -0.158538878
vt 0.782714844 0.517822266
vn 0.078701079 -0.731920600 -0.676829696
v 0.263885438 0.672286987 -0.156082213
vt 0.788085938 0.520263672
vn 0.354539514 -0.330903590 -0.874531031
v 0.246902421 0.667572021 -0.156570494
vt 0.790771484 0.527343750
vn -0.251322776 -0.722552776 -0.644014299
v 0.279937685 0.673553467 -0.146347106
vt 0.787353516 0.512451172
vn 0.164676681 -0.478346854 -0.862592578
v 0.278655946 0.662017822 -0.146392882
vt 0.792968750 0.512207031
vn 0.251656532 -0.463991940 -0.849341214
v 0.261810243 0.659957886 -0.151565611
vt 0.794677734 0.520507812
vn -0.047076624 -0.690456331 -0.721840560
v 0.247314408 0.659500122 -0.142837584
vt 0.798828125 0.527587891
vn -0.189517707 -0.837036431 -0.513276994
v 0.267211854 0.648010254 -0.138900816
vt 0.801513672 0.515869141
vn 0.039252181 -0.777194142 -0.628035545
v 0.250015199 0.649047852 -0.128997862
vt 0.806396484 0.523681641
vn -0.314376444 -0.919551075 -0.235782251
v 0.249755830 0.648208618 -0.103942931
vt 0.817138672 0.524658203
vn -0.847639143 -0.463062167 0.259001017
v 0.248199433 0.663681030 -0.113311827
vt 0.814453125 0.532226562
vn -0.864989400 -0.267360359 0.424631298
v 0.252868593 0.667846680 -0.099052489
vt 0.821777344 0.533203125
vn -0.958996236 -0.015721280 0.282982618
v 0.249053925 0.670898438 -0.105697691
vt 0.819580078 0.535400391
vn -0.402574331 -0.647276580 0.647276640
v 0.369049013 0.635879517 -0.075065687
vt 0.324462891 0.829101562
vn 0.770769954 -0.306735009 -0.558415115
vt 0.319824219 0.810058594
vt 0.334472656 0.829345703
v 0.387573242 0.638900757 -0.045368277
vt 0.319824219 0.853027344
vn 0.220609322 -0.969105005 0.110304646
vt 0.291992188 0.829833984
vt 0.271972656 0.837890625
vt 0.263183594 0.824462891
v 0.341735840 0.641921997 -0.024091793
vt 0.283447266 0.851074219
vn -0.039299399 -0.951047480 0.306535989
v 0.353546143 0.652557373 -0.023241119
vt 0.283691406 0.863525391
vn -0.299286723 -0.047255788 0.952992320
vt 0.260498047 0.843994141
v 0.325653076 0.663635254 -0.029535366
vt 0.263427734 0.864257812
vn -0.323064983 -0.535815179 0.780084074
v 0.365814209 0.642761230 -0.019937592
vt 0.296386719 0.862548828
vn -0.015687225 -0.431402445 0.902023315
v 0.378265381 0.641464233 -0.028120119
vt 0.307128906 0.861572266
vn 0.377847463 -0.826541126 0.417206436
v 0.371978760 0.650848389 -0.019348223
vt 0.298828125 0.869628906
vn 0.268224359 -0.504892647 0.820450604
v 0.375122070 0.656829834 -0.014180262
vt 0.295654297 0.873779297
vn -0.258913010 -0.706126750 0.659051716
v 0.383361816 0.653656006 -0.032375414
vt 0.314453125 0.866699219
vn 0.771104038 -0.487841219 0.409157127
v 0.384124756 0.652313232 -0.022369465
vt 0.308105469 0.871826172
vn 0.086365603 -0.989277959 0.117771223
vt 0.315917969 0.871337891
vt 0.305419922 0.878417969
vt 0.298095703 0.879150391
v 0.371917725 0.665512085 -0.004993517
vt 0.291992188 0.882568359
vn -0.826925457 -0.338645667 0.448902518
v 0.389587402 0.655929565 -0.042625509
vt 0.323242188 0.865234375
vn 0.662712932 -0.560150146 0.497034580
vt 0.330322266 0.871826172
v 0.356719971 0.662811279 -0.013692932
vt 0.282470703 0.875000000
vn -0.337808520 -0.573489070 0.746321499
v 0.320343018 0.667480469 -0.026228024
vt 0.257568359 0.867431641
vn -0.361622155 -0.448097169 0.817580819
v 0.363006592 0.682846069 -0.002196628
vt 0.278808594 0.889892578
vn -0.329698235 -0.062799662 0.941995442
v 0.374023438 0.686569214 -0.002385696
vt 0.282470703 0.895996094
vn -0.377777159 0.755554378 0.535184324
v 0.340820312 0.685287476 -0.010011748
vt 0.257324219 0.882324219
vn -0.314814150 0.094444312 0.944442928
v 0.314147949 0.688858032 -0.019493174
vt 0.242919922 0.874511719
vn -0.308302671 0.071146823 0.948624074
v 0.395629883 0.661209106 -0.047145925
vt 0.330810547 0.870361328
vn 0.690690219 0.651446462 0.313949972
v 0.407409668 0.660125732 -0.049137197
vt 0.333984375 0.864746094
vn 0.777481735 -0.172773659 0.604707837
v 0.405761659 0.662734985 -0.061534964
vt 0.344970703 0.863281250
vn 0.890592396 -0.401948720 -0.212796524
v 0.396606445 0.650100708 -0.051551901
vt 0.331787109 0.857177734
vn 0.519122124 -0.849472642 -0.094385877
v 0.388122559 0.645721436 -0.045993887
vt 0.324707031 0.854492188
vn 0.690520108 -0.635592282 -0.345260113
v 0.381988466 0.652847290 -0.067451559
vt 0.338134766 0.842773438
vn 0.448360473 -0.810195208 -0.377566755
vt 0.349609375 0.817138672
v 0.385772645 0.653121948 -0.069404684
vt 0.341064453 0.845214844
vn 0.473381072 -0.757409751 -0.449712068
vt 0.361572266 0.824707031
v 0.395080507 0.664230347 -0.074730001
vt 0.350585938 0.851318359
vn 0.684001088 -0.369517863 -0.628966689
vt 0.368652344 0.820312500
v 0.380920351 0.678695679 -0.097183309
vt 0.368896484 0.835693359
vn 0.777409613 -0.031410486 -0.628209949
v 0.387115419 0.680068970 -0.085922323
vt 0.365234375 0.845947266
vn 0.753642619 -0.086354896 -0.651587009
v 0.383605897 0.705169678 -0.090087973
vt 0.384033203 0.845947266
vn 0.730970263 0.369415134 -0.573772609
v 0.411315858 0.697372437 -0.061592184
vt 0.369628906 0.871826172
vn 0.746690094 0.385134935 -0.542332947
v 0.409149110 0.673568726 -0.060939871
vt 0.352783203 0.866699219
vn 0.849525094 -0.180917367 -0.495556444
v 0.415374696 0.696701050 -0.051208582
vt 0.369140625 0.876708984
vn 0.720071077 0.688419580 0.087041430
v 0.410003662 0.687896729 -0.048732840
vt 0.361572266 0.877685547
vn 0.228715554 -0.741353512 0.630939126
v 0.404540956 0.673004150 -0.059162222
vt 0.351318359 0.869140625
vn -0.385527939 -0.377660155 0.841867507
v 0.395965517 0.673492432 -0.065414511
vt 0.345703125 0.871337891
vn 0.764680982 0.086716458 0.638547838
v 0.393890381 0.672424316 -0.047153555
vt 0.336914062 0.876953125
vn 0.955216885 0.047366157 -0.292091250
v 0.399078310 0.688217163 -0.056495748
vt 0.354492188 0.879638672
vn 0.449824184 -0.615548730 0.647115231
v 0.391693115 0.678085327 -0.038002096
vt 0.341796875 0.885253906
vn 0.520136714 0.851132929 -0.070927843
v 0.382629395 0.697143555 -0.032939989
vt 0.354003906 0.892822266
vn 0.808297038 -0.015695026 0.588565707
v 0.401153564 0.691085815 -0.041595541
vt 0.362304688 0.884521484
vn -0.418088347 -0.047330800 -0.907172501
v 0.391387939 0.697265625 -0.026802147
vt 0.361816406 0.895996094
vn -0.959322274 -0.062906414 0.275215536
vt 0.370605469 0.893066406
vt 0.373535156 0.894531250
v 0.480987549 0.621627808 0.048953921
vt 0.464599609 0.036132812
vn 0.716846704 -0.590807617 0.370239407
v 0.472412109 0.620872498 0.047161013
vt 0.459228516 0.036376953
vn -0.235578701 -0.950167477 -0.204168141
v 0.479766846 0.629287720 0.035751250
vt 0.464355469 0.027099609
vn 0.921259880 -0.204724401 -0.330708802
v 0.469543457 0.631698608 0.059554961
vt 0.472656250 0.048339844
vn -0.581309140 -0.212099329 0.785553098
vt 0.458251953 0.010742188
v 0.480621338 0.635025024 0.053794768
vt 0.472900391 0.037353516
vn 0.529119730 0.663373888 0.529119611
v 0.457672119 0.646636963 0.040962130
vt 0.490478516 0.030761719
vn -0.597481251 0.377356648 0.707543731
v 0.476470947 0.650054932 0.032737639
vt 0.477294922 0.021484375
vn 0.877477229 0.474312097 -0.071146935
v 0.463623047 0.661483765 0.017230896
vt 0.484619141 0.010986328
vn 0.728120625 0.554004908 -0.403632224
vt 0.467529297 0.000000000
vt 0.495361328 0.001464844
v 0.460723877 0.658706665 0.023294359
vt 0.488037109 0.015380859
vn 0.015707223 0.824627221 0.565458536
v 0.443939209 0.656082153 0.022399815
vt 0.499511719 0.015136719
vn 0.188190535 -0.925269663 0.329333276
vt 0.504882812 0.018554688
vt 0.506103516 0.013671875
vt 0.500244141 0.036865234
vt 0.544677734 0.952392578
vt 0.563964844 0.969482422
vt 0.552001953 0.968505859
vt 0.563232422 0.980957031
vt 0.545166016 0.978759766
v 0.388610840 0.632858276 0.056781687
vt 0.057617188 0.198486328
vn -0.212750152 -0.977074921 0.007879707
v 0.400329590 0.640304565 0.051143564
vt 0.050537109 0.189941406
vn 0.965813160 -0.259120554 -0.007852254
v 0.394592285 0.645263672 0.062210001
vt 0.058349609 0.184082031
vn 0.259834558 0.559037805 0.787377119
v 0.397827148 0.661300659 0.039462961
vt 0.036376953 0.179931641
vn 0.623246312 0.670581460 0.402348757
v 0.393859863 0.641326904 0.030116955
vt 0.035156250 0.194824219
vn 0.086654477 -0.921688557 -0.378128618
v 0.396636963 0.660812378 0.018861689
vt 0.022216797 0.184814453
vn 0.977074921 -0.133953765 -0.165472493
v 0.394226074 0.669479370 0.024923243
vt 0.023925781 0.177490234
vn 0.330085129 0.793776035 0.510845840
v 0.390502930 0.647613525 0.014053265
vt 0.022216797 0.195312500
vn 0.323135316 -0.922117889 -0.212796450
v 0.399475098 0.664337158 0.014279284
vt 0.017822266 0.182861328
vn 0.409043431 0.007866275 0.912481129
v 0.398193359 0.677734375 0.007527269
vt 0.012451172 0.171630859
vn -0.063054651 0.685720026 0.725129128
v 0.393005371 0.680587769 0.013921657
vt 0.016601562 0.167968750
vn -0.031527355 0.945820630 0.323155344
v 0.384155273 0.679397583 -0.005479893
vt 0.005126953 0.158447266
vn -0.086528376 0.928213537 0.361845940
vt 0.016845703 0.188476562
vt 0.012451172 0.183837891
v 0.389343262 0.649642944 0.001659433
vt 0.013916016 0.199218750
vn 0.637301624 -0.653037429 -0.409131944
vt 0.009033203 0.197509766
vt 0.005859375 0.204833984
v 0.375091553 0.648315430 0.038806837
vt 0.026123047 0.348144531
vn -0.777553499 -0.620472074 -0.102102846
vt 0.011962891 0.351318359
vt 0.019775391 0.328857422
v 0.381713867 0.642318726 0.060405653
vt 0.027587891 0.333007812
vn -0.767476082 0.015824245 0.640882254
vt 0.034423828 0.326660156
v 0.372253418 0.655990601 0.019678038
vt 0.027832031 0.362060547
vn -0.822192192 -0.569210052 0.000000133
v 0.375000000 0.662689209 0.039813917
vt 0.035888672 0.349853516
vn -0.449083507 0.709079266 0.543627381
vt 0.049560547 0.341796875
vt 0.051757812 0.354248047
vt 0.012939453 0.363769531
v 0.373535156 0.674133301 0.015645903
vt 0.040527344 0.367431641
vn -0.653442085 0.677060425 0.338530272
vt 0.054687500 0.364746094
vt 0.053222656 0.378906250
vt 0.045410156 0.382080078
v 0.377563477 0.682388306 -0.013552746
vt 0.053222656 0.386230469
vn -0.070916705 0.882519305 0.464898497
vt 0.031738281 0.381103516
v 0.370239258 0.654037476 0.007600230
vt 0.026123047 0.370361328
vn -0.893657386 -0.399794132 -0.203816459
vt 0.020263672 0.382080078
v 0.382843018 0.647827148 0.006333272
vt 0.016845703 0.369873047
vn -0.338121802 -0.927869201 -0.157265872
vt 0.012939453 0.373046875
v 0.140502915 0.480281830 -0.036003154
vt 0.790527344 0.372070312
vn 0.927983880 0.369620740 0.047185484
v 0.138412461 0.465797424 -0.004348317
vt 0.771240234 0.379150391
vn 0.776715636 0.149066672 0.611957550
vt 0.762207031 0.364990234
vt 0.757568359 0.371093750
v 0.122299179 0.471050262 -0.002142705
vt 0.769287109 0.391113281
vn 0.275650471 -0.126011536 0.952962697
vt 0.780517578 0.351562500
v 0.122383103 0.501620173 0.005452118
vt 0.778320312 0.396240234
vn 0.732011259 0.440780997 0.519491673
v 0.107673630 0.498874187 0.004889452
vt 0.771484375 0.400878906
vn 0.615299702 0.244542226 0.749403358
v 0.128906235 0.504067898 -0.031799357
vt 0.796630859 0.383789062
vn 0.876382589 0.473720402 -0.086848862
v 0.130142182 0.480051041 -0.090927161
vt 0.820800781 0.358154297
vn 0.811375737 0.464768678 -0.354484767
vt 0.804931641 0.342529297
v 0.109008759 0.455097198 -0.135803252
vt 0.823730469 0.322753906
vn 0.434406012 0.402812928 -0.805625916
vt 0.815429688 0.303466797
v 0.093597382 0.499488205 -0.120422401
vt 0.840087891 0.343017578
vn 0.410225213 0.457559019 -0.788894951
vt 0.828857422 0.305664062
v 0.084464997 0.458366394 -0.126602203
vt 0.839111328 0.320556641
vn -0.943712413 -0.314570814 -0.102235362
v 0.069908112 0.496202946 -0.113449126
vt 0.853271484 0.337890625
vn -0.887428403 -0.447640926 0.109947033
vt 0.850585938 0.296142578
v 0.107238747 0.459808350 -0.095367469
vt 0.858886719 0.309082031
vn -0.845856428 -0.529648483 0.063241743
vt 0.855224609 0.299072266
v 0.091041535 0.484483719 -0.095230140
vt 0.866210938 0.325683594
vn -0.448679954 -0.086587399 -0.889488041
v 0.089614846 0.496470928 -0.086067237
vt 0.870605469 0.330566406
vn -0.745769203 -0.463161975 0.478862524
v 0.126098618 0.456760406 0.000728391
vt 0.426513672 0.335449219
vn 0.733717978 0.149899423 0.662712812
vt 0.407226562 0.320800781
vt 0.416992188 0.322265625
vt 0.435058594 0.333740234
vt 0.450195312 0.337158203
vt 0.414062500 0.344482422
v 0.102478012 0.504245281 0.014394725
vt 0.448486328 0.343261719
vn 0.424670726 0.487584859 0.762834191
v 0.095390312 0.446132660 0.028228726
vt 0.427246094 0.362792969
vn 0.502645493 0.031415395 0.863921642
vt 0.408935547 0.358398438
vt 0.416748047 0.373779297
v 0.089073174 0.489966393 0.027023282
vt 0.447509766 0.356201172
vn -0.102330416 0.637597680 0.763542891
v 0.083457939 0.478809357 0.033962216
vt 0.442871094 0.362548828
vn 0.125832349 0.047187131 0.990928710
v 0.071334831 0.462272644 0.030578583
vt 0.441406250 0.373291016
vn -0.537100554 0.102681018 0.837245226
v 0.082389817 0.479492188 0.011738745
vt 0.457519531 0.365722656
vn 0.055075511 0.653037429 0.755320311
v 0.096282944 0.492364883 -0.013153112
vt 0.457275391 0.344238281
vn 0.323668540 0.844695985 0.426295102
v 0.068313584 0.523405075 -0.002210172
vt 0.471435547 0.341064453
vn 0.723983288 0.393469185 0.566595376
v 0.069755547 0.461299896 0.017927140
vt 0.445556641 0.377441406
vn -0.228141338 0.204540640 0.951900661
v 0.058773030 0.445144653 0.021337481
vt 0.436035156 0.386962891
vn -0.377111882 -0.164986461 0.911354065
v 0.046344746 0.481489182 0.023309680
vt 0.461425781 0.378173828
vn 0.576719463 -0.134304434 0.805826902
v 0.061359394 0.501811028 0.016084641
vt 0.466064453 0.365966797
vn 0.503687322 0.251843661 0.826361835
v 0.049613941 0.502490282 0.022172900
vt 0.470703125 0.372070312
vn 0.884636521 -0.086883880 0.458115190
v 0.055183399 0.444076538 0.013626072
vt 0.438964844 0.392333984
vn -0.276130229 -0.165678173 0.946732759
v 0.040107716 0.460041046 0.018430684
vt 0.451904297 0.394531250
vn 0.709189355 -0.622510552 0.330954939
v 0.029453266 0.448356628 0.008950209
vt 0.448486328 0.404785156
vn 0.047261797 -0.748309910 0.661663532
vt 0.400634766 0.402099609
vt 0.389160156 0.384277344
v 0.039962757 0.428901672 0.012037252
vt 0.431396484 0.403076172
vn -0.636848271 -0.157246515 0.754783392
v 0.039905537 0.431259155 0.001390075
vt 0.436035156 0.409179688
vn -0.688031852 -0.253069252 0.680123687
v 0.018506991 0.436134338 -0.012228034
vt 0.443603516 0.422851562
vn -0.322914660 -0.897860467 0.299286902
vt 0.404296875 0.409423828
vt 0.392333984 0.400146484
v 0.024225222 0.418701172 -0.015754722
vt 0.429443359 0.423828125
vn -0.805550456 -0.213233978 0.552828908
v 0.024915680 0.421905518 -0.022739433
vt 0.433349609 0.427246094
vn -0.810897946 -0.322784632 0.488113493
vt 0.407714844 0.437744141
vt 0.384521484 0.433349609
v 0.013116821 0.413726807 -0.034015674
vt 0.426757812 0.437011719
vn -0.949903786 -0.062803589 0.306167454
v 0.007818205 0.430992126 -0.040935535
vt 0.440673828 0.442382812
vn -0.793383956 -0.581291318 0.180671737
v 0.019512160 0.418693542 -0.035209678
vt 0.432128906 0.437988281
vn -0.978229523 -0.031555824 0.205112770
v 0.011053067 0.413444519 -0.057697315
vt 0.427246094 0.451904297
vn -0.996147394 0.015687322 0.086280622
v 0.002618534 0.438419342 -0.038246173
vt 0.444335938 0.441650391
vn -0.323456883 -0.938814044 0.118337996
v -0.008902566 0.438995361 -0.030706424
vt 0.449218750 0.438964844
vn 0.000000033 -0.996914387 -0.078497149
v -0.001143951 0.435340881 -0.047786731
vt 0.446533203 0.447753906
vn 0.054926090 -0.996515274 0.062772654
v 0.005775908 0.436691284 -0.068244956
vt 0.443115234 0.462158203
vn -0.408336431 -0.848083377 -0.337662697
v -0.001435541 0.434135437 -0.079559349
vt 0.448486328 0.464843750
vn 0.237104192 -0.964223564 -0.118552066
v 0.016220072 0.417465210 -0.065605186
vt 0.432373047 0.458007812
vn -0.995930731 -0.055329535 -0.071137778
v 0.012383437 0.459228516 -0.085174583
vt 0.446533203 0.475585938
vn 0.197119355 -0.425778061 -0.883095145
v -0.004181408 0.435951233 -0.083450340
vt 0.449707031 0.466064453
vn 0.841633081 -0.527003825 -0.117986038
v 0.013504003 0.471851349 -0.089881919
vt 0.452636719 0.483398438
vn 0.922261059 -0.299537748 -0.244359881
v 0.019577000 0.480550766 -0.089416526
vt 0.455078125 0.489746094
vn -0.188556135 -0.000000051 -0.982062519
v 0.016019795 0.499184310 -0.091568016
vt 0.465576172 0.495605469
vn 0.849472463 -0.094385818 -0.519122183
v 0.030343983 0.498552561 -0.089546233
vt 0.463867188 0.503417969
vn 0.047232248 0.118080914 -0.991880059
v 0.027654622 0.461669922 -0.092491172
vt 0.445556641 0.488281250
vn -0.315430462 0.070971765 -0.946290970
v 0.040397618 0.474332809 -0.096977264
vt 0.453613281 0.500244141
vn -0.007865136 0.133704945 -0.990989983
v 0.046646092 0.505424976 -0.086097747
vt 0.465087891 0.515380859
vn 0.298519254 0.329942405 -0.895558178
v 0.057525609 0.478990555 -0.091110259
vt 0.454101562 0.509521484
vn 0.322514743 0.251718909 -0.912481129
v 0.068428017 0.498178244 -0.080291778
vt 0.466064453 0.524902344
vn 0.490812898 0.411649585 -0.767884910
v 0.047607396 0.472332001 -0.092613250
vt 0.450927734 0.502441406
vn 0.078995124 -0.055296723 -0.995340228
v 0.066040017 0.489046097 -0.081924468
vt 0.461181641 0.520263672
vn 0.424709886 0.291005015 -0.857285082
v 0.060337041 0.466190338 -0.095016509
vt 0.448242188 0.509277344
vn -0.393749744 0.629999399 -0.669374287
v 0.078300454 0.481803894 -0.079925567
vt 0.460205078 0.525878906
vn -0.102245100 0.833689988 -0.542685032
v 0.088455178 0.491781235 -0.065460242
vt 0.473388672 0.542724609
vn 0.409005225 0.739355743 -0.534853220
v 0.086799599 0.483488083 -0.081443824
vt 0.461914062 0.531982422
vn -0.165781513 0.939428151 -0.299985468
v 0.098556496 0.495665550 -0.070053138
vt 0.468505859 0.546142578
vn -0.984832287 -0.007878694 0.173330620
v 0.097602822 0.479650497 -0.082618751
vt 0.461914062 0.535888672
vn -0.718856871 0.695158184 0.000000064
v 0.089454629 0.486249924 -0.089286841
vt 0.459716797 0.536376953
vn -0.821319997 0.213227332 0.529119790
vt 0.459716797 0.540283203
vt 0.456787109 0.534912109
v 0.081832856 0.485412598 -0.097244292
vt 0.455566406 0.529296875
vn -0.417724580 0.906383336 -0.063052744
v 0.067169160 0.472778320 -0.103965789
vt 0.447509766 0.517089844
vn -0.678935647 0.734197855 0.000000057
v 0.074066132 0.478137970 -0.105697662
vt 0.448974609 0.522949219
vn -0.173335969 0.787890255 -0.590917766
v 0.063026398 0.468755722 -0.114112884
vt 0.442138672 0.517578125
vn 0.276095897 0.339203626 -0.899284244
vt 0.448486328 0.549560547
vt 0.436279297 0.549804688
vt 0.425537109 0.551513672
vt 0.424072266 0.537109375
vt 0.422363281 0.519775391
v 0.038928960 0.444839478 -0.114692718
vt 0.432617188 0.500976562
vn -0.549226701 0.470765620 -0.690456271
v 0.043037388 0.427291870 -0.117874175
vt 0.420898438 0.498779297
vn -0.450244993 0.023697039 -0.892590642
vt 0.394042969 0.501464844
v 0.031635258 0.434333801 -0.100639373
vt 0.433105469 0.488281250
vn -0.691201508 0.439855337 -0.573382854
vt 0.392822266 0.479248047
v 0.023410771 0.427627563 -0.103752159
vt 0.426025391 0.483886719
vn -0.658423781 0.015676692 -0.752484143
v 0.013338066 0.448532104 -0.080436729
vt 0.443115234 0.473144531
vn -0.714721024 -0.149227500 -0.683304489
v 0.012906053 0.433792114 -0.073341392
vt 0.439453125 0.465820312
vn -0.793677986 -0.290753365 -0.534357309
v 0.026344275 0.425529480 -0.090850852
vt 0.432128906 0.476806641
vn -0.907087982 0.094652601 -0.410161346
v 0.020940758 0.420257568 -0.081047080
vt 0.431884766 0.468750000
vn -0.913499117 0.299249679 -0.275624603
v 0.014490103 0.417984009 -0.095825218
vt 0.425781250 0.476318359
vn -0.763661265 0.645569205 -0.007872724
v 0.014021850 0.417945862 -0.094314598
vt 0.426513672 0.475097656
vn -0.583401144 0.812031209 -0.015767556
v 0.016775107 0.411262512 -0.096450821
vt 0.419189453 0.475830078
vn -0.719643235 -0.173979729 -0.672194004
v 0.008509614 0.414596558 -0.083992019
vt 0.425292969 0.466552734
vn -0.976983905 -0.212730408 -0.015757667
v 0.019885994 0.382072449 -0.090400711
vt 0.400634766 0.469238281
vn -0.946968555 -0.291981995 -0.134153739
vt 0.382324219 0.474365234
vt 0.045410156 0.565673828
v 0.101249665 0.525207520 -0.083961524
vt 0.023681641 0.560058594
vn 0.568127930 0.678597391 -0.465549469
v 0.108001687 0.525726318 -0.074180640
vt 0.025634766 0.555664062
vn 0.786840677 0.582262278 -0.204578727
vt 0.028320312 0.578369141
vt 0.040283203 0.539550781
v 0.116569497 0.520523071 -0.042511024
vt 0.031005859 0.542968750
vn 0.259834439 0.952726424 0.157475352
v 0.122032143 0.516670227 -0.028966943
vt 0.034423828 0.537597656
vn 0.251075029 0.910146952 0.329535902
vt 0.042236328 0.523925781
v 0.101043686 0.511233330 -0.022775685
vt 0.026367188 0.532714844
vn -0.754130900 0.526320457 0.392776579
v 0.095725991 0.520435333 -0.048088107
vt 0.022216797 0.543457031
vn 0.707543731 0.377356678 0.597481191
v 0.104263291 0.502584219 -0.000266916
vt 0.034423828 0.522216797
vn -0.495740384 0.826233983 0.267542452
vt 0.036865234 0.520507812
vt 0.034667969 0.515869141
v 0.102935769 0.500251293 -0.036163367
vt 0.020996094 0.529052734
vn -0.984374106 0.157499805 0.078750044
v 0.099723794 0.497994542 -0.059314761
vt 0.011230469 0.529541016
vn -0.977712512 -0.118271716 0.173465267
v 0.112258889 0.534767151 -0.030494729
vt 0.072021484 0.676513672
vn 0.963291407 0.268458277 -0.000000138
v 0.110084511 0.529558182 -0.028797189
vt 0.070556641 0.679687500
vn 0.661663532 -0.748309970 -0.047261734
v 0.103095986 0.530397415 -0.074180640
vt 0.050292969 0.669921875
vn 0.900433481 0.213260606 -0.379130036
v 0.100311257 0.524892807 -0.066162147
vt 0.051025391 0.674072266
vn 0.795226276 0.606261671 -0.007873658
vt 0.057373047 0.679931641
vt 0.053222656 0.686767578
vt 0.046142578 0.678710938
vt 0.041259766 0.676757812
v 0.082359284 0.521173477 -0.092865020
vt 0.036132812 0.669677734
vn 0.479187250 0.612731397 -0.628442466
v 0.082824677 0.519962311 -0.112503082
vt 0.028564453 0.676757812
vn 0.141534865 0.857072949 -0.495372504
vt 0.023925781 0.685791016
v 0.066467255 0.512610435 -0.101745635
vt 0.027343750 0.670410156
vn -0.761586964 -0.612410247 0.211988270
v 0.077613801 0.513545990 -0.112976104
vt 0.025390625 0.677246094
vn -0.258523673 0.368200183 -0.893081248
vt 0.017822266 0.679931641
v 0.061733216 0.504308701 -0.117904693
vt 0.018554688 0.676513672
vn -0.684827268 0.322734594 -0.653340757
v 0.081237763 0.526605606 -0.106575042
vt 0.031982422 0.662109375
vn 0.684022129 0.094347902 -0.723334074
v 0.075866669 0.559726715 -0.092140228
vt 0.043945312 0.646240234
vn 0.733147562 0.386282116 -0.559714973
v 0.088325471 0.563934326 -0.071739234
vt 0.054443359 0.649414062
vn 0.801066339 0.471215546 -0.369118959
v 0.061954468 0.561866760 -0.106597930
vt 0.037109375 0.639404297
vn 0.275573373 0.858214498 -0.433044076
v 0.097984292 0.570236206 -0.029813806
vt 0.072753906 0.656005859
vn 0.894867957 0.408185422 -0.180543691
v 0.094833352 0.572357178 -0.010514297
vt 0.082519531 0.655517578
vn 0.913839221 0.386018306 0.126046658
v 0.095123269 0.572921753 -0.030050317
vt 0.073486328 0.654052734
vn 0.142351374 0.980643332 -0.134443089
v 0.105957016 0.531524658 0.017995797
vt 0.097900391 0.673095703
vn 0.965634465 0.109909661 0.235520467
v 0.084724396 0.567459106 -0.071075469
vt 0.055419922 0.646728516
vn 0.007847480 0.988790512 -0.149103373
v 0.073432900 0.570755005 -0.037952460
vt 0.072998047 0.641357422
vn -0.102508545 0.985658526 -0.134049594
v 0.086990342 0.578559875 0.016214333
vt 0.094238281 0.650634766
vn 0.015738238 0.999380589 0.031476505
v 0.089912400 0.574104309 0.017885171
vt 0.095703125 0.652832031
vn 0.685443282 0.425447613 0.590899289
v 0.099525437 0.544078827 0.027112924
vt 0.102294922 0.660644531
vn 0.000000127 0.086970843 0.996210933
v 0.064147934 0.567283630 0.011529889
vt 0.101074219 0.641113281
vn -0.377111882 0.164986521 0.911354065
v 0.086700425 0.512853622 0.018907513
vt 0.111328125 0.668212891
vn 0.298142523 -0.745355964 0.596284807
v 0.100921616 0.520059586 0.000416123
vt 0.115722656 0.678710938
vn 0.639981449 -0.766397476 0.055306986
v 0.088645920 0.513748169 -0.002987181
vt 0.119384766 0.665771484
vn -0.751369774 -0.640641630 -0.158182964
v 0.079963669 0.526203156 0.024160350
vt 0.111083984 0.660400391
vn -0.836958051 -0.378999889 0.394791692
v 0.077690110 0.541229248 0.002821888
vt 0.118164062 0.642578125
vn -0.899228215 -0.394398391 -0.189311087
v 0.071456894 0.542072296 0.018705335
vt 0.111328125 0.646972656
vn -0.747799635 -0.118073650 0.653340936
v 0.073730454 0.546291351 0.003456082
vt 0.114257812 0.640136719
vn -0.157734692 -0.796560764 0.583618820
v 0.063758835 0.565505981 0.006823029
vt 0.099121094 0.636718750
vn -0.830740392 -0.321324140 0.454556197
v 0.064781174 0.568023682 0.004492249
vt 0.096435547 0.635742188
vn -0.670706749 0.741722703 0.000000056
v 0.061820965 0.576538086 0.008886303
vt 0.094482422 0.640136719
vn -0.392958492 0.919522762 -0.007859157
v 0.067314126 0.569526672 -0.017877614
vt 0.083496094 0.637207031
vn -0.897637844 0.417322814 -0.141732171
v 0.067825295 0.570632935 -0.030086553
vt 0.076904297 0.638183594
vn 0.993111670 0.086700268 -0.078818522
v 0.068054177 0.568260193 -0.048206363
vt 0.068847656 0.638183594
vn -0.062797815 0.989064693 -0.133445263
v 0.064727761 0.568763733 -0.054817233
vt 0.067871094 0.635986328
vn 0.965723813 -0.015702795 -0.259096742
v 0.056785557 0.565147400 -0.070701629
vt 0.055175781 0.633544922
vn 0.542349577 0.754573405 -0.369426638
v 0.052261323 0.564132690 -0.080162078
vt 0.050048828 0.632080078
vn 0.480657756 0.661889434 -0.575213552
v 0.041252106 0.562652588 -0.086502105
vt 0.045654297 0.630371094
vn 0.306924790 0.377753705 -0.873555541
v 0.030038804 0.560344696 -0.099868804
vt 0.035888672 0.624511719
vn -0.141421393 0.989949524 -0.000000025
v 0.029128999 0.551738739 -0.099227935
vt 0.038574219 0.622558594
vn -0.487223208 0.644392073 0.589383066
v 0.030956239 0.551803589 -0.089759856
vt 0.042236328 0.621582031
vn 0.306630582 0.125797167 -0.943479121
v 0.021882981 0.560020447 -0.099624656
vt 0.035888672 0.618896484
vn -0.338908553 0.906383336 0.252211034
v 0.037288632 0.558120728 -0.125808746
vt 0.023925781 0.629638672
vn 0.244117081 0.543357611 -0.803224444
v 0.021001784 0.558765411 -0.108779930
vt 0.031250000 0.619628906
vn -0.776261806 0.062728152 -0.627282083
v 0.045501675 0.524438858 -0.132034332
vt 0.015869141 0.646484375
vn -0.102371842 -0.070872776 -0.992218256
vt 0.999023438 0.103515625
v 0.106277451 0.526462555 -0.007522143
vt 0.996337891 0.113769531
vn 0.711023867 -0.703123569 -0.007900327
vt 0.996826172 0.104736328
vt 0.999755859 0.124023438
vt 0.993408203 0.117675781
vt 0.423095703 0.758300781
vt 0.418457031 0.768798828
vt 0.409912109 0.764160156
vt 0.409423828 0.767822266
v 0.075805634 0.515722275 -0.086448699
vt 0.427001953 0.765625000
vn -0.474311978 -0.782614827 0.403165311
v 0.088775612 0.516164780 -0.065902747
vt 0.437011719 0.760498047
vn -0.763093770 -0.550686300 0.338278830
vt 0.429931641 0.753662109
vt 0.435791016 0.752929688
v 0.092956521 0.517965317 -0.046299014
vt 0.445068359 0.755371094
vn -0.770817578 -0.597777009 0.220233753
vt 0.443359375 0.745849609
vt 0.446533203 0.753417969
v 0.081977822 0.518606186 -0.067375213
vt 0.437988281 0.763671875
vn -0.739424288 -0.582100093 0.338247418
v 0.091476418 0.519031525 -0.027504001
vt 0.456542969 0.755615234
vn -0.511604905 -0.857922137 0.047225177
vt 0.451904297 0.746582031
vt 0.459716797 0.744140625
v 0.089866623 0.516921997 -0.014515912
vt 0.463378906 0.752197266
vn -0.550141811 -0.793776095 -0.259352475
vt 0.464355469 0.743652344
vt 0.468017578 0.747558594
vt 0.479492188 0.758056641
v 0.078224167 0.543956757 -0.005650555
vt 0.476074219 0.760986328
vn -0.788085938 -0.583183706 -0.197021350
vt 0.481933594 0.760253906
v 0.080253579 0.544059753 -0.025037801
vt 0.464111328 0.765869141
vn -0.872044504 -0.463519186 0.157125279
v 0.059513073 0.545188904 -0.001451167
vt 0.482910156 0.770019531
vn 0.837846577 -0.308264226 0.450539976
v 0.073348977 0.556190491 -0.011631046
vt 0.472656250 0.766601562
vn -0.251835853 -0.936514497 -0.243965909
v 0.064498879 0.545280457 -0.013423952
vt 0.476074219 0.771240234
vn 0.984954536 -0.126074135 0.118194431
v 0.074439980 0.548816681 -0.020313296
vt 0.469238281 0.769042969
vn 0.292091221 -0.899956405 0.323668540
v 0.075462319 0.547103882 -0.035476722
vt 0.461914062 0.770996094
vn -0.165267184 -0.967994034 0.188876957
v 0.071121193 0.541271210 -0.061958343
vt 0.448974609 0.775878906
vn -0.667308331 -0.612353623 0.423937231
v 0.070068337 0.543655396 -0.035858188
vt 0.463378906 0.774658203
vn 0.701461911 -0.701461792 0.126105443
v 0.071037270 0.537643433 -0.043628722
vt 0.460693359 0.778808594
vn 0.931446731 0.363106400 -0.023680987
v 0.066886880 0.540569305 -0.058197051
vt 0.451416016 0.778564453
vn 0.922261000 0.110356048 -0.370481074
v 0.060226414 0.522605896 -0.086830169
vt 0.431884766 0.775146484
vn -0.714654684 -0.337694019 0.612561345
v 0.074180588 0.523832321 -0.016920123
vt 0.472900391 0.784423828
vn 0.864428461 0.455789596 0.212177768
v 0.078338601 0.521688461 -0.034931216
vt 0.464843750 0.786621094
vn 0.834051132 0.550788522 -0.031473756
vt 0.479492188 0.785156250
v 0.086395249 0.511457443 -0.023603473
vt 0.470214844 0.792236328
vn 0.788968444 0.599616110 0.134124503
v 0.092765786 0.499375165 -0.046459232
vt 0.459472656 0.798828125
vn 0.789779961 0.600232899 -0.126364946
v 0.099281296 0.494289398 -0.025558507
vt 0.467773438 0.799560547
vn 0.197537392 0.979785740 0.031605922
vt 0.474121094 0.797851562
v 0.078803994 0.516307831 -0.047943149
vt 0.457519531 0.789550781
vn 0.821935296 0.497903198 -0.276612997
v 0.094848610 0.495476246 -0.048389468
vt 0.457275391 0.801513672
vn 0.509901941 0.784464598 -0.353009164
v 0.077285744 0.512963295 -0.054199252
vt 0.453125000 0.791503906
vn 0.789140344 0.449810028 -0.418244570
vt 0.447998047 0.803466797
v 0.068748452 0.510063171 -0.069168121
vt 0.443847656 0.792236328
vn 0.667472839 0.345515460 -0.659620404
vt 0.438964844 0.800292969
vt 0.430419922 0.797363281
v 0.060306523 0.534854889 -0.072792083
vt 0.442382812 0.781005859
vn 0.786524296 0.070787191 -0.613489091
v 0.039730046 0.517139435 -0.086761504
vt 0.427978516 0.791259766
vn 0.510735452 -0.267153978 -0.817176938
vt 0.421386719 0.799316406
v 0.051486943 0.521776199 -0.080001861
vt 0.434814453 0.787353516
vn 0.684827030 -0.322734624 -0.653340936
v 0.061489079 0.536659241 -0.075302154
vt 0.441162109 0.779541016
vn 0.086587436 -0.889488101 0.448679864
v 0.016609164 0.511046410 -0.092262290
vt 0.416015625 0.794433594
vn 0.462819755 -0.525575101 -0.713840842
vt 0.414794922 0.800048828
v 0.028346987 0.511305809 -0.097702049
vt 0.418212891 0.789550781
vn -0.023630029 -0.960957706 0.275684595
v 0.017051667 0.510180473 -0.104637168
vt 0.412597656 0.792480469
vn 0.733147562 -0.386282057 -0.559714913
v 0.040317506 0.523044586 -0.099815398
vt 0.425048828 0.786376953
vn 0.558708906 -0.692484200 0.456409991
v 0.053546876 0.503795862 -0.103225738
vt 0.419189453 0.781005859
vn -0.228056639 -0.574073911 0.786402762
v 0.054893468 0.529512405 -0.085159332
vt 0.434082031 0.783203125
vn 0.559037805 -0.787377238 -0.259834528
v 0.050418824 0.534011841 -0.093315154
vt 0.429931641 0.781982422
vn -0.487841159 -0.487841278 0.723893583
v 0.055839512 0.507280350 -0.089454681
vt 0.423828125 0.775390625
vn -0.692376971 -0.306848913 0.653037548
v 0.068206757 0.515254974 -0.082923919
vt 0.428955078 0.768798828
vn -0.031473521 -0.834051251 0.550788581
v 0.062774628 0.504045486 -0.089622527
vt 0.423583984 0.772949219
vn 0.606430829 -0.763945341 -0.220520347
v 0.056686372 0.511089325 -0.100372344
vt 0.419921875 0.772460938
vn 0.518464983 -0.840541780 -0.157110646
v 0.058925599 0.513948441 -0.112777740
vt 0.412597656 0.775390625
vn 0.527820885 -0.645989776 -0.551454723
v 0.045059174 0.503211737 -0.113746673
vt 0.410400391 0.782958984
vn -0.094327495 -0.958996296 -0.267261237
vt 0.408691406 0.767578125
v 0.040595975 0.511462212 -0.124565154
vt 0.404296875 0.777099609
vn 0.031503804 -0.653705478 -0.756093025
vt 0.399169922 0.772460938
vt 0.945068359 0.702636719
vt 0.938720703 0.707763672
vt 0.938964844 0.703369141
vt 0.949707031 0.696289062
v 0.097335793 0.495472908 -0.040023837
vt 0.954833984 0.693603516
vn -0.323065072 0.945556283 0.039398178
vt 0.949707031 0.695068359
vt 0.958984375 0.694580078
vt 0.962402344 0.687744141
vt 0.982421875 0.689697266
vt 0.971191406 0.684814453
vt 0.963134766 0.668701172
vt 0.992919922 0.689697266
vt 0.495849609 0.800537109
vt 0.496093750 0.791503906
v 0.052642807 0.515438080 0.017534226
vt 0.497070312 0.784179688
vn 0.904782951 0.086544506 0.416986793
vt 0.502197266 0.792236328
v 0.048805226 0.505977154 0.040969819
vt 0.510253906 0.790527344
vn 0.850789547 -0.212697327 0.480538398
v 0.047920212 0.541976929 0.016035050
vt 0.494384766 0.770507812
vn 0.897526562 -0.007872981 0.440890104
v 0.056602463 0.532073975 0.019561736
vt 0.499023438 0.775878906
vn 0.990928710 0.047187123 -0.125832349
v 0.056423176 0.531379700 0.039443940
vt 0.509033203 0.774658203
vn 0.966230273 -0.204243734 0.157110482
v 0.063354477 0.545543671 0.011474577
vt 0.488037109 0.763916016
vn 0.636651754 -0.385134876 0.668091118
v 0.046119675 0.545227051 0.027137727
vt 0.500244141 0.767089844
vn 0.856094360 0.306309015 0.416265905
v 0.052883133 0.567703247 0.014961211
vt 0.497070312 0.753906250
vn 0.607713878 0.355157465 0.710314751
vt 0.490234375 0.751220703
vt 0.490478516 0.749511719
v 0.055316914 0.534824371 0.038528413
vt 0.508056641 0.772705078
vn 0.811325550 0.567140222 0.141784906
v 0.052783955 0.531471252 0.042587250
vt 0.511474609 0.774414062
vn 0.748472631 -0.149694443 0.646049857
v 0.031118385 0.503402472 0.052143071
vt 0.521972656 0.792968750
vn 0.693968475 -0.346984118 0.630880177
v 0.053455334 0.568344116 0.006175486
vt 0.496337891 0.749755859
vn 0.797205627 0.118396938 0.591984272
v 0.062469464 0.567672729 -0.009655986
vt 0.493896484 0.744873047
vn 0.880118191 0.227887779 0.416484356
vt 0.493896484 0.741455078
v 0.066169716 0.568824768 -0.021389043
vt 0.494873047 0.740478516
vn 0.961196303 0.007878711 0.275752872
vt 0.495605469 0.737304688
v 0.036914811 0.567222595 0.025857894
vt 0.506591797 0.754394531
vn 0.588910460 0.431867689 0.683135986
v 0.040798172 0.564468384 0.027700393
vt 0.505126953 0.756835938
vn 0.897304118 0.338456839 0.283359081
v 0.040157307 0.566314697 0.053955048
vt 0.516845703 0.759521484
vn 0.741146028 0.654416263 0.149805993
v 0.043617237 0.549030304 0.039874997
vt 0.508056641 0.765136719
vn 0.939428151 0.331562907 0.086837769
v 0.042415608 0.544891357 0.051929444
vt 0.515136719 0.766601562
vn 0.873555541 0.306924969 0.377753615
v 0.021913515 0.566764832 0.032478303
vt 0.513427734 0.749023438
vn 0.282703191 0.612523556 0.738169253
v 0.049133290 0.532260895 0.053123444
vt 0.517822266 0.772949219
vn 0.859227300 -0.283781379 0.425672084
v 0.031139366 0.512110710 0.066764802
vt 0.529052734 0.783447266
vn 0.427214801 -0.245252803 0.870252013
v 0.042259209 0.531700134 0.060089085
vt 0.523193359 0.771972656
vn 0.393798560 0.196899280 0.897860408
v 0.023574822 0.501305103 0.057559941
vt 0.526855469 0.794677734
vn 0.211890340 -0.486562669 0.847560823
v -0.007632261 0.511021614 0.072875954
vt 0.546142578 0.789306641
vn 0.126250818 -0.520783961 0.844301462
v -0.017002113 0.501526237 0.063896157
vt 0.547363281 0.802001953
vn 0.039485447 -0.292191267 0.955544472
v -0.019659048 0.519233704 0.072250344
vt 0.552490234 0.782958984
vn 0.149583235 0.338530242 0.928989947
v 0.038349140 0.549972534 0.057956666
vt 0.520996094 0.763671875
vn 0.322674781 -0.062960848 0.944413602
v 0.033325188 0.521596909 0.062454194
vt 0.529052734 0.776123047
vn 0.070682421 0.439801186 0.895309508
v 0.021499626 0.524662018 0.061721776
vt 0.535644531 0.774902344
vn 0.134003833 0.417776376 0.898613274
v -0.020015724 0.525516510 0.069038369
vt 0.552001953 0.778808594
vn 0.244359881 0.299537838 0.922261000
v 0.007507316 0.530342102 0.062492348
vt 0.538818359 0.770019531
vn 0.172901824 0.070732564 0.982396007
v 0.032119744 0.531688690 0.058708165
vt 0.528076172 0.771240234
vn 0.078635529 0.110089608 0.990806103
v 0.008921615 0.534217834 0.063766457
vt 0.537597656 0.768066406
vn 0.173903674 -0.094856426 0.980183542
v -0.020799644 0.534526825 0.067947365
vt 0.550048828 0.765136719
vn 0.173335984 0.000000051 0.984862804
v -0.002123364 0.539672852 0.065498330
vt 0.540771484 0.764648438
vn 0.157946289 -0.023691872 0.987163424
v 0.033668511 0.538768768 0.058452580
vt 0.525878906 0.767578125
vn 0.141351700 -0.031411409 0.989461064
v 0.021286001 0.544445038 0.062202424
vt 0.530029297 0.764160156
vn 0.173072949 0.055068679 0.983368337
v -0.030414589 0.545806885 0.069152817
vt 0.553222656 0.757568359
vn -0.078564867 0.117847547 0.989919007
v -0.024415977 0.553600311 0.070526101
vt 0.550048828 0.752197266
vn 0.142085224 -0.078936115 0.986702085
v 0.021377554 0.554119110 0.062942483
vt 0.528564453 0.759277344
vn 0.188550323 -0.007856206 0.982032180
v 0.006163588 0.567184448 0.064262368
vt 0.532226562 0.752441406
vn 0.086579308 0.897276282 0.432896405
v 0.035751332 0.566612244 0.059112519
vt 0.520263672 0.757812500
vn 0.189641923 0.821781516 0.537318587
v 0.004188286 0.567161560 0.038524602
vt 0.521484375 0.743896484
vn 0.205406949 0.434514582 0.876929343
v -0.021568311 0.567619324 0.043510415
vt 0.533447266 0.739257812
vn -0.031479437 0.794856846 0.605979979
v 0.083541840 0.610015869 -0.066131629
vt 0.766845703 0.044677734
vn 0.635123253 -0.768420696 -0.078410320
v 0.078025788 0.607795715 -0.088249244
vt 0.772949219 0.052246094
vn 0.503297746 -0.841450930 -0.196600705
v 0.095733613 0.637115479 -0.093345687
vt 0.758056641 0.057373047
vn 0.892201126 -0.363196880 -0.268449962
v 0.090911843 0.614265442 -0.040515937
vt 0.757568359 0.037597656
vn 0.848083377 -0.526125729 -0.062821083
v 0.105033845 0.642288208 -0.055816695
vt 0.746582031 0.045654297
vn 0.896609962 -0.416844964 -0.149435103
v 0.104835480 0.638977051 -0.044120833
vt 0.745361328 0.040527344
vn 0.915459991 -0.363027185 0.173621610
v 0.109085053 0.656951904 -0.051792189
vt 0.739501953 0.047851562
vn 0.979816318 -0.189641818 -0.063214079
v 0.111862153 0.682907104 -0.067955062
vt 0.734130859 0.060058594
vn 0.978229523 -0.031555757 -0.205112770
v 0.104186974 0.676437378 -0.098266646
vt 0.744140625 0.069091797
vn 0.930288136 0.055186614 -0.362654835
v 0.109168984 0.676132202 -0.006253764
vt 0.722900391 0.034667969
vn 0.953584075 -0.204902291 0.220663965
v 0.100219704 0.658142090 0.003280836
vt 0.728759766 0.028320312
vn 0.870943308 -0.384470403 0.306006998
v 0.111953706 0.679855347 -0.045581862
vt 0.729248047 0.051513672
vn 0.981789827 -0.188503608 0.023562836
v 0.099349946 0.692626953 -0.070831344
vt 0.730957031 0.066162109
vn 0.918190837 0.329607010 -0.219738126
v 0.094032250 0.681991577 -0.109306380
vt 0.745117188 0.075195312
vn 0.950871289 -0.125735015 -0.282903969
v 0.107459992 0.691589355 -0.059219405
vt 0.728271484 0.060546875
vn 0.793972075 0.393055528 -0.463805646
v 0.100318879 0.707748413 -0.059108779
vt 0.722900391 0.066894531
vn 0.924129128 0.047391266 -0.379130036
v 0.113655061 0.688385010 -0.045024917
vt 0.725830078 0.053955078
vn 0.985474706 0.063070416 -0.157676086
v 0.115417458 0.695678711 -0.015728042
vt 0.717529297 0.043457031
vn 0.953317642 0.039393343 0.299388856
v 0.098594643 0.685653687 0.009534792
vt 0.715087891 0.028320312
vn 0.855408669 0.000000060 0.517953694
v 0.107727021 0.707290649 -0.054771468
vt 0.721191406 0.062988281
vn 0.826745987 0.062990189 -0.559037864
v 0.105445832 0.734786987 -0.057407428
vt 0.710937500 0.069824219
vn 0.848083198 -0.062820971 -0.526125848
v 0.098762475 0.739486694 -0.065216109
vt 0.710937500 0.074218750
vn 0.999938011 0.007873571 0.007873396
v 0.110321015 0.728027344 -0.046947528
vt 0.711181641 0.063720703
vn 0.968203843 0.055101063 -0.244019002
v 0.106765717 0.761901855 -0.054168750
vt 0.704833984 0.078369141
vn 0.291763872 -0.252336442 -0.922605097
v 0.112724274 0.730072021 -0.026187943
vt 0.705566406 0.054687500
vn 0.984954536 0.126074225 0.118194416
v 0.107963532 0.759460449 -0.049961139
vt 0.702880859 0.067871094
vn 0.537318707 0.189641923 0.821781337
v 0.102378823 0.705078125 0.002719358
vt 0.708740234 0.035888672
vn 0.849972367 0.125921875 0.511557281
v 0.091751076 0.692932129 0.020955997
vt 0.709228516 0.024902344
vn 0.677753925 0.244306713 0.693515599
v 0.096923806 0.734924316 -0.001228497
vt 0.697509766 0.041992188
vn 0.827747464 0.228615999 0.512414932
v 0.109641999 0.750671387 -0.028896380
vt 0.697753906 0.054931641
vn 0.866034389 0.220445171 0.448763132
v 0.109245270 0.760101318 -0.037410785
vt 0.694580078 0.056884766
vn 0.969406009 0.244321883 0.023643911
v 0.102508515 0.753875732 -0.018884705
vt 0.693115234 0.051269531
vn 0.870461226 0.188207880 0.454835415
v 0.091773964 0.746215820 -0.000323207
vt 0.691162109 0.043457031
vn 0.678027689 0.425738364 0.599187195
v 0.096031167 0.714889526 0.010379747
vt 0.702148438 0.034179688
vn 0.717939079 0.213014945 0.662712753
v 0.085327126 0.707229614 0.014469104
vt 0.702636719 0.028076172
vn 0.605249524 0.125766173 0.786038101
v 0.084037758 0.692169189 0.023237186
vt 0.706787109 0.021728516
vn 0.833690047 0.322465062 0.448304862
v 0.083801247 0.708358765 0.024616199
vt 0.698730469 0.025878906
vn 0.837140858 0.165848702 0.521238446
v 0.088417031 0.740356445 0.006046727
vt 0.693115234 0.039062500
vn 0.740065753 0.307048619 0.598350883
v 0.078849770 0.753692627 0.007058100
vt 0.685058594 0.039794922
vn 0.628384352 0.534126639 0.565545738
v 0.073326088 0.736572266 0.030422168
vt 0.684814453 0.030029297
vn 0.708573639 0.409398109 0.574731767
v 0.067291245 0.697998047 0.053508721
vt 0.688232422 0.014892578
vn 0.758851945 0.063237712 0.648185849
vt 0.470703125 0.087646484
v 0.070915192 0.615379333 -0.058708224
vt 0.471923828 0.093261719
vn 0.353608012 -0.935096562 0.023573857
vt 0.462158203 0.081787109
v 0.087966897 0.612075806 -0.045536079
vt 0.479248047 0.091552734
vn -0.203785211 -0.948385417 0.242974848
vt 0.481445312 0.091064453
v 0.089317299 0.622215271 -0.020143548
vt 0.490966797 0.095703125
vn 0.793261826 -0.526223063 0.306308925
vt 0.492675781 0.079833984
vt 0.512695312 0.094726562
v 0.082160927 0.623542786 -0.011302033
vt 0.492675781 0.100585938
vn -0.118337825 -0.938814044 0.323457003
v 0.071624734 0.620658875 -0.034595527
vt 0.480468750 0.101562500
vn 0.691521525 -0.667946756 0.275036871
v 0.081573464 0.635650635 0.016004523
vt 0.505615234 0.107421875
vn 0.220746458 -0.819914997 0.528214514
v 0.089233376 0.645294189 0.011451680
vt 0.509277344 0.102294922
vn 0.810596645 -0.385623574 0.440712631
v 0.095413186 0.664260864 0.011506039
vt 0.518066406 0.097900391
vn 0.832583487 -0.172800288 0.526255429
vt 0.520263672 0.088134766
vt 0.527832031 0.093017578
v 0.093406655 0.679946899 0.023052173
vt 0.527099609 0.099853516
vn 0.840827227 -0.086440116 0.534357309
vt 0.532470703 0.099365234
v 0.084625229 0.660980225 0.026607472
vt 0.520263672 0.105957031
vn 0.802751660 -0.228233233 0.550907791
v 0.086753823 0.680297852 0.028211553
vt 0.528808594 0.103759766
vn 0.766397536 -0.055306975 0.639981270
v 0.084190354 0.682540894 0.034320790
vt 0.531738281 0.106445312
vn 0.784464657 -0.023533879 0.619726896
vt 0.535156250 0.101074219
vt 0.542724609 0.101318359
v 0.075477585 0.649047852 0.035419423
vt 0.515869141 0.112792969
vn 0.622587979 -0.362519473 0.693515599
vt 0.544433594 0.112792969
v 0.063194260 0.672851562 0.052776299
vt 0.530029297 0.120117188
vn 0.432575107 -0.361789942 0.825824976
v 0.065818772 0.651901245 0.035156213
vt 0.515380859 0.117431641
vn -0.165354207 -0.771653533 0.614173293
v 0.061347943 0.642120361 0.015178643
vt 0.503417969 0.117187500
vn 0.158207953 -0.870143175 0.466713130
v 0.043415055 0.694427490 0.070136987
vt 0.540283203 0.130615234
vn 0.545578301 -0.197673202 0.814413786
v 0.046440110 0.665573120 0.045494042
vt 0.521972656 0.127441406
vn 0.473322302 -0.552209139 0.686317086
v 0.058177933 0.717895508 0.062461816
vt 0.550781250 0.122070312
vn 0.699185431 0.149264351 0.699185252
vt 0.560791016 0.114013672
v 0.047260270 0.679809570 0.058196984
vt 0.531738281 0.128417969
vn 0.576485634 -0.465926558 0.671250165
v 0.052871689 0.723571777 0.061531026
vt 0.554931641 0.123046875
vn 0.378410637 0.543965220 0.748937488
v 0.042442307 0.706527710 0.072257958
vt 0.546630859 0.131103516
vn 0.149522975 0.543004155 0.826310694
v 0.034389485 0.691986084 0.078193627
vt 0.541748047 0.137451172
vn 0.300482273 -0.197685570 0.933076084
v 0.030525194 0.657669067 0.067726098
vt 0.524169922 0.140869141
vn 0.442001343 -0.426215410 0.789287806
v 0.051296216 0.653381348 0.034755670
vt 0.513916016 0.124511719
vn 0.699898541 -0.338153094 0.629122019
v 0.031211840 0.648178101 0.057647672
vt 0.517333984 0.140136719
vn 0.362711191 -0.378481060 0.851582468
v -0.016271602 0.658523560 0.076477021
vt 0.528076172 0.164062500
vn 0.000000137 -0.434528142 0.900658369
v -0.014140141 0.690444946 0.087013215
vt 0.544921875 0.162841797
vn -0.007844266 -0.196110055 0.980550528
v -0.016191496 0.650985718 0.068534821
vt 0.522216797 0.164794922
vn -0.110181458 -0.354155093 0.928673387
v 0.002107488 0.696014404 0.081375092
vt 0.548095703 0.151855469
vn 0.180643871 0.306309015 0.934635103
v -0.018583311 0.604408264 0.054016091
vt 0.496826172 0.167968750
vn -0.055219069 -0.433865160 0.899284184
v 0.014139161 0.701080322 0.077514619
vt 0.548828125 0.145507812
vn 0.141535029 0.715538025 0.684085667
v -0.013497366 0.706451416 0.083450288
vt 0.558837891 0.154541016
vn 0.344878078 0.619212806 0.705432236
v -0.009131446 0.706817627 0.073020905
vt 0.558349609 0.150146484
vn 0.394976318 0.829450250 0.394976199
v 0.012012467 0.702728271 0.069175690
vt 0.553955078 0.142822266
vn 0.173963428 0.553519726 0.814464688
v -0.018926635 0.716979980 0.071746796
vt 0.565673828 0.152099609
vn 0.528872430 0.268383026 0.805148840
v -0.013550775 0.731369019 0.065101594
vt 0.572021484 0.148437500
vn 0.392184168 0.180404723 0.902023256
v -0.003013151 0.735687256 0.060939755
vt 0.571289062 0.142822266
vn 0.227473840 0.047063582 0.972646236
v -0.011232393 0.743499756 0.068839997
vt 0.576904297 0.146240234
vn 0.259096742 -0.015702773 0.965723813
v 0.030433640 0.706970215 0.063400231
vt 0.552978516 0.134277344
vn 0.102178745 0.448014110 0.888168275
v 0.038776383 0.711578369 0.068138085
vt 0.550781250 0.130859375
vn -0.393408120 0.613716841 0.684530258
v 0.027675610 0.733032227 0.054428063
vt 0.564697266 0.130371094
vn 0.149601787 0.094485313 0.984221458
v 0.038406353 0.722091675 0.055953942
vt 0.558593750 0.128417969
vn -0.284524858 0.252911121 0.924706221
v 0.035575848 0.740386963 0.059513055
vt 0.567382812 0.125244141
vn 0.094782606 -0.023695569 0.995215952
v 0.037761670 0.747543335 0.053493463
vt 0.569335938 0.122558594
vn 0.355512023 0.363412261 0.861128867
v -0.000873107 0.750335693 0.061626401
vt 0.581298828 0.139160156
vn 0.203992262 0.431521952 0.878735542
v -0.018074052 0.747009277 0.066253632
vt 0.582031250 0.146484375
vn -0.102559410 0.370792150 0.923035681
v 0.083854638 0.639907837 -0.117355384
vt 0.692871094 0.870605469
vn 0.755530894 -0.409245908 -0.511557519
v 0.069526643 0.607353210 -0.101821937
vt 0.678222656 0.864746094
vn 0.544354320 -0.717916608 -0.433905631
v 0.065978967 0.638458252 -0.138839751
vt 0.699707031 0.860595703
vn 0.606449604 -0.441054314 -0.661581516
vt 0.672607422 0.869140625
v 0.057796445 0.612983704 -0.092384376
vt 0.673095703 0.860107422
vn 0.400422037 -0.863655388 -0.306205124
vt 0.660156250 0.870605469
vt 0.685058594 0.878173828
v 0.058952294 0.611412048 -0.119461097
vt 0.686279297 0.859130859
vn 0.015789686 -0.931591868 -0.363162905
v 0.039409604 0.620285034 -0.107894935
vt 0.680908203 0.854248047
vn 0.031502869 -0.858454049 -0.511922061
v 0.031242331 0.622741699 -0.137573272
vt 0.691894531 0.847412109
vn 0.023630112 -0.960957706 -0.275684536
v 0.020923577 0.627075195 -0.133804351
vt 0.686523438 0.845703125
vn -0.007867540 -0.180956528 0.983459711
v 0.087882958 0.676010132 -0.129943907
vt 0.706298828 0.878906250
vn 0.870889604 -0.141225308 -0.470751286
vt 0.697509766 0.890869141
vt 0.703369141 0.888183594
v 0.077033952 0.680923462 -0.147995055
vt 0.713378906 0.872802734
vn 0.788502276 -0.236550704 -0.567721784
v 0.081199601 0.686950684 -0.137039244
vt 0.711914062 0.878906250
vn 0.750080466 -0.363196880 -0.552690983
v 0.095924340 0.694229126 -0.132507384
vt 0.712158203 0.885498047
vn 0.620051384 -0.737782657 -0.266857594
v 0.086837724 0.701354980 -0.147720397
vt 0.718505859 0.883056641
vn 0.007895045 -0.781614125 -0.623712242
v 0.105255082 0.693572998 -0.134552062
vt 0.712646484 0.890380859
vn -0.031582318 -0.986948133 -0.157911658
v 0.075660661 0.701339722 -0.149551451
vt 0.720458984 0.878173828
vn 0.496740937 -0.362699807 -0.788477898
v 0.125717118 0.695297241 -0.140472472
vt 0.714111328 0.896972656
vn 0.055212311 -0.883397341 -0.465361059
v 0.133361772 0.695281982 -0.132019103
vt 0.711425781 0.900390625
vn 0.172688544 -0.981184721 -0.086344235
v 0.132995561 0.705474854 -0.152511656
vt 0.717285156 0.903564453
vn -0.188935444 -0.739996970 -0.645529151
v 0.109893754 0.706222534 -0.157959044
vt 0.720458984 0.894042969
vn -0.000000065 -0.691222727 -0.722641766
v 0.127822831 0.721542358 -0.163757384
vt 0.722900391 0.904296875
vn -0.181091234 -0.480285227 -0.858214498
v 0.110076860 0.719192505 -0.165985167
vt 0.724609375 0.896972656
vn 0.015809301 -0.316188276 -0.948564768
v 0.110656694 0.735427856 -0.167663634
vt 0.729003906 0.899902344
vn -0.007872929 0.015745550 -0.999845147
v 0.118957475 0.738510132 -0.166427672
vt 0.729980469 0.902099609
vn -0.699898541 -0.251648962 -0.668442190
v 0.086814836 0.720413208 -0.163955748
vt 0.727050781 0.887451172
vn -0.219866782 -0.369061917 -0.903023839
v 0.086875871 0.737945557 -0.165771544
vt 0.732421875 0.891601562
vn -0.204445869 0.086496226 -0.975048959
v 0.070892289 0.736343384 -0.159057677
vt 0.734130859 0.884521484
vn 0.125583783 -0.078489974 -0.988973260
v 0.074142411 0.714477539 -0.153808653
vt 0.726318359 0.880126953
vn 0.370342791 -0.165472388 -0.914037883
v 0.071807817 0.686904907 -0.156646788
vt 0.717773438 0.871337891
vn 0.774274230 -0.031603023 -0.632060766
v 0.063766435 0.716888428 -0.165405333
vt 0.730957031 0.875488281
vn 0.385099113 -0.078591704 -0.919522703
v 0.063491777 0.745941162 -0.167923033
vt 0.739990234 0.882812500
vn 0.456409901 -0.031476572 -0.889212728
v 0.043609571 0.744110107 -0.171402007
vt 0.745117188 0.875488281
vn 0.188550040 0.007856223 -0.982032180
v 0.066932634 0.679565430 -0.159988463
vt 0.716796875 0.867187500
vn 0.442373335 -0.276483387 -0.853148878
v 0.039394330 0.729675293 -0.171371490
vt 0.742675781 0.869384766
vn 0.774056733 -0.039492689 -0.631883264
v 0.041702226 0.706848145 -0.168350250
vt 0.733398438 0.864501953
vn 0.611149371 -0.015670508 -0.791360259
v 0.046413377 0.687759399 -0.166046172
vt 0.725341797 0.861328125
vn 0.259737730 -0.102321006 -0.960243106
v 0.050353955 0.716156006 -0.174484283
vt 0.739501953 0.862548828
vn 0.969406009 -0.165508300 -0.181271166
v 0.041522931 0.746383667 -0.172637969
vt 0.748291016 0.872802734
vn 0.502878189 -0.007857409 0.864321649
v 0.051380109 0.729568481 -0.176956207
vt 0.745361328 0.864746094
vn 0.824703515 -0.094251759 0.557656467
v 0.047004655 0.690963745 -0.168762237
vt 0.726806641 0.858886719
vn 0.984587789 -0.141780585 -0.102397241
v 0.048961595 0.678649902 -0.163452178
vt 0.720458984 0.861083984
vn 0.094327398 -0.361588806 -0.927553773
v 0.054546311 0.668304443 -0.158111602
vt 0.713867188 0.860107422
vn 0.227887616 -0.416484505 -0.880118191
v 0.041313127 0.672988892 -0.159301788
vt 0.718017578 0.857666016
vn 0.180738464 -0.369335353 -0.911550999
v 0.044788320 0.661499023 -0.157363921
vt 0.713623047 0.854248047
vn 0.914179742 -0.181259751 -0.362519681
v 0.036090806 0.654830933 -0.179992706
vt 0.719482422 0.843505859
vn 0.929970264 -0.189146474 -0.315244287
v 0.043880422 0.647705078 -0.151275665
vt 0.707519531 0.851562500
vn 0.330708563 -0.425196886 -0.842519760
v 0.043250997 0.646438599 -0.154083282
vt 0.707763672 0.849853516
vn 0.948772252 -0.166035101 -0.268818915
v 0.060260735 0.632919312 -0.139358550
vt 0.698242188 0.857910156
vn 0.252163887 -0.583129287 -0.772252202
v 0.038639028 0.637664795 -0.146896392
vt 0.701660156 0.849365234
vn 0.613318205 -0.542550743 -0.574003041
v 0.042297326 0.620361328 -0.142059356
vt 0.695800781 0.843750000
vn 0.997467637 -0.070686631 -0.007854204
v 0.029005010 0.599197388 -0.168411285
vt 0.699951172 0.827392578
vn 0.738875926 -0.644551277 -0.196509615
v 0.039043389 0.607643127 -0.134948760
vt 0.688720703 0.840087891
vn 0.471856326 0.039321408 0.880798161
v 0.039230309 0.604560852 -0.139999419
vt 0.690673828 0.837646484
vn 0.619879663 -0.784657657 0.007846530
v 0.020442925 0.603210449 -0.132553130
vt 0.685546875 0.827148438
vn 0.126042962 -0.968954682 0.212697402
v 0.010784114 0.608070374 -0.123184234
vt 0.679931641 0.823486328
vn 0.354726940 0.094593875 0.930172503
v -0.011983907 0.601760864 -0.119949371
vt 0.682861328 0.812744141
vn 0.102661870 -0.955544472 0.276397169
v -0.020484963 0.596771240 -0.150741607
vt 0.694091797 0.805908203
vn 0.023542685 -0.996638060 0.078475483
v -0.014236485 0.604843140 -0.114532501
vt 0.680419922 0.810791016
vn -0.803622961 -0.070907928 0.590899467
v -0.025503198 0.597732544 -0.158065826
vt 0.696533203 0.801025391
vn -0.834335387 -0.401425540 -0.377812088
v 0.026206927 0.600502014 -0.176757842
vt 0.703369141 0.824462891
vn -0.180962235 -0.590094090 -0.786791980
v 0.027688935 0.627029419 -0.188186675
vt 0.714355469 0.829833984
vn 0.031550784 -0.402273804 -0.914975643
v -0.023958249 0.618804932 -0.167419463
vt 0.709960938 0.802978516
vn -0.590404868 -0.283394337 -0.755718052
v -0.018451730 0.617942810 -0.140289336
vt 0.706054688 0.791503906
vn -0.897415340 -0.425091535 0.118081108
v -0.019613311 0.648147583 -0.181106597
vt 0.724853516 0.808105469
vn -0.520508707 -0.307573348 -0.796535850
v 0.029291105 0.659378052 -0.203002959
vt 0.728027344 0.835205078
vn -0.039302014 -0.408739924 -0.911804378
v 0.031787820 0.702529907 -0.222061187
vt 0.748779297 0.840087891
vn 0.812915802 -0.260448784 -0.520897686
v -0.019466443 0.637191772 -0.160354644
vt 0.718505859 0.798583984
vn -0.997529209 0.062836438 0.031418368
v -0.023458520 0.624649048 -0.145309478
vt 0.711669922 0.791748047
vn -0.015793195 -0.726484418 -0.687001407
v -0.019022031 0.646194458 -0.163940459
vt 0.723144531 0.800048828
vn -0.561427176 -0.363741577 -0.743297815
v -0.038158458 0.623680115 -0.144226104
vt 0.713378906 0.785644531
vn -0.157774106 -0.686317146 -0.709983170
v -0.051670112 0.618614197 -0.137634307
vt 0.710937500 0.778564453
vn -0.110099770 -0.959440947 -0.259520859
v -0.069839515 0.627410889 -0.136734009
vt 0.715820312 0.772949219
vn -0.276121825 -0.639024734 -0.717916608
v -0.065582313 0.632720947 -0.144042969
vt 0.719726562 0.775146484
vn -0.173573166 -0.465491414 -0.867865324
v -0.035953563 0.631637573 -0.152999908
vt 0.718750000 0.789794922
vn -0.322305620 -0.385194451 -0.864722133
v -0.027404826 0.634979248 -0.159759551
vt 0.720458984 0.794433594
vn -0.189612344 -0.560936332 -0.805852115
v -0.056152385 0.658340454 -0.155960113
vt 0.732177734 0.782958984
vn -0.205112740 -0.347113758 -0.915117919
v -0.031837508 0.667434692 -0.167480499
vt 0.735351562 0.795654297
vn -0.393798530 -0.307162851 -0.866356552
v -0.029012725 0.656753540 -0.168426543
vt 0.730468750 0.797363281
v -0.015873000 0.663162231 -0.173568755
vt 0.732421875 0.804199219
vn -0.849972367 -0.125921875 -0.511557281
v -0.028602645 0.674240112 -0.175354034
vt 0.740234375 0.798339844
vn -0.362925589 -0.339256495 -0.867865264
v -0.015148211 0.675567627 -0.194458038
vt 0.737548828 0.813476562
vn -0.573861122 -0.298722267 -0.762527704
v -0.012363482 0.699478149 -0.189941436
vt 0.749023438 0.809082031
v 0.011593767 0.703063965 -0.215667754
vt 0.749267578 0.829833984
vn -0.306507707 -0.298648447 -0.903804362
v -0.013911298 0.706054688 -0.207733184
vt 0.751708984 0.817138672
vn -0.785238147 -0.133490533 -0.604633212
v -0.009795239 0.725036621 -0.196868926
vt 0.760009766 0.811279297
vn -0.928759694 0.023612475 -0.369929582
v -0.007944162 0.747253418 -0.219787627
vt 0.768310547 0.822509766
vn -0.589747488 -0.094359629 -0.802056253
v 0.033744756 0.740814209 -0.232162505
vt 0.764892578 0.839111328
vn -0.268609136 -0.118504040 -0.955932081
v 0.031375833 0.716278076 -0.225585967
vt 0.754882812 0.841308594
vn 0.683262348 -0.235607743 -0.691116154
v -0.021766711 0.711013794 -0.189987212
vt 0.754638672 0.805419922
vn 0.023650547 -0.323225677 -0.946026325
v -0.019693425 0.738220215 -0.196685821
vt 0.766113281 0.805908203
vn -0.181271136 -0.165508375 -0.969405890
v 0.042194314 0.719940186 -0.201416045
vt 0.750244141 0.853271484
vn 0.928299725 -0.039334711 -0.369746655
v 0.039215036 0.723022461 -0.205093414
vt 0.753417969 0.852539062
vn 0.966438949 -0.102143906 -0.235716954
v 0.041980691 0.741561890 -0.211105376
vt 0.759521484 0.852294922
vn 0.936514437 -0.243965924 -0.251835942
v 0.043064069 0.727813721 -0.189117461
vt 0.750732422 0.859619141
vn 0.891035259 -0.134049535 -0.433689892
v 0.042663522 0.747634888 -0.206359893
vt 0.759033203 0.859863281
vn 0.972766042 -0.211811915 -0.094138771
v 0.050266217 0.729217529 -0.182434112
vt 0.746826172 0.863281250
vn 0.872044504 -0.157125115 -0.463519275
v 0.048953958 0.751098633 -0.196273834
vt 0.754638672 0.867187500
vn 0.647983432 -0.387209684 -0.655885816
v 0.052455850 0.751159668 -0.191864043
vt 0.752197266 0.869628906
vn 0.911916971 -0.243701935 -0.330176979
v -0.025909476 0.729812622 -0.204238921
vt 0.762451172 0.802734375
vn 0.361622185 -0.306592792 -0.880471706
v -0.031097464 0.730422974 -0.200515777
vt 0.763183594 0.800537109
vn -0.976771712 0.173298165 -0.126034945
v -0.026817372 0.733047485 -0.192123443
vt 0.766845703 0.798095703
v -0.028516818 0.704574585 -0.188613921
vt 0.753173828 0.800048828
vn -0.635494590 -0.360898197 -0.682568073
v -0.028879214 0.709625244 -0.183822662
vt 0.756347656 0.795654297
vn -0.654742002 -0.236653775 -0.717849553
v -0.030727433 0.683181763 -0.173507720
vt 0.744628906 0.795898438
vn -0.560132861 -0.276121825 -0.781030118
v -0.052349139 0.722381592 -0.179397613
vt 0.759277344 0.786621094
vn -0.023639018 -0.346704036 -0.937676728
v -0.052536063 0.749450684 -0.187881500
vt 0.771728516 0.788574219
vn -0.118194677 -0.126074225 -0.984954536
v -0.055114798 0.737655640 -0.190841705
vt 0.766845703 0.784423828
vn 0.417776287 0.134003714 -0.898613453
v -0.059814502 0.696014404 -0.176818877
vt 0.751708984 0.780029297
vn 0.157125056 -0.463519186 -0.872044563
v -0.066497847 0.675155640 -0.159942657
vt 0.739257812 0.777099609
vn -0.173535332 -0.567933559 -0.804572523
v -0.058593798 0.713867188 -0.186096221
vt 0.759277344 0.781982422
vn 0.023647638 -0.583310425 -0.811904967
v -0.079567000 0.704360962 -0.175292999
vt 0.760498047 0.773925781
vn -0.478951067 -0.392582804 -0.785165429
v -0.057533316 0.724060059 -0.197982818
vt 0.764160156 0.781494141
vn 0.496247530 -0.173292845 -0.850710273
v -0.069442801 0.729461670 -0.190811187
vt 0.768310547 0.776611328
vn -0.322814792 0.275573462 -0.905455709
v -0.073974662 0.743591309 -0.185913116
vt 0.772949219 0.776367188
vn -0.252595842 -0.197340474 -0.947233975
v -0.068763785 0.720855713 -0.192184478
vt 0.763916016 0.778076172
vn -0.472206891 -0.535167754 -0.700440049
v -0.077705435 0.727508545 -0.186996490
vt 0.765380859 0.773681641
vn -0.590661168 -0.259890914 -0.763921618
v 0.071060158 0.627380371 -0.009882011
vt 0.492187500 0.105957031
vn -0.510845840 -0.833071828 0.212197646
v 0.068191506 0.633407593 0.008101426
vt 0.500244141 0.111083984
vn -0.395124167 -0.853468418 0.339806944
v 0.064620949 0.633941650 -0.012346304
vt 0.490722656 0.109863281
vn 0.691884816 -0.448152542 0.566087306
v 0.053031903 0.635757446 0.005934680
vt 0.496337891 0.118408203
vn 0.867973506 -0.355079979 0.347189277
v 0.052467328 0.625198364 0.020528758
vt 0.498291016 0.125732422
vn 0.865605295 -0.432802588 0.251812339
v 0.054809552 0.610321045 0.004032101
vt 0.484863281 0.122070312
vn 0.808396578 0.000000061 0.588638186
v 0.040729504 0.613189697 0.020311322
vt 0.490966797 0.131103516
vn 0.903469622 -0.322106510 0.282825142
v 0.038669571 0.605468750 0.030431716
vt 0.491699219 0.136718750
v 0.026868807 0.604980469 0.044841737
vt 0.495361328 0.144531250
vn 0.463977754 -0.511161745 0.723490477
v 0.036121354 0.604759216 0.025396315
vt 0.488525391 0.136474609
vn 0.599616170 -0.134124577 0.788968384
v 0.002979741 0.604606628 0.037227605
vt 0.489990234 0.156494141
vn 0.267949343 -0.386162072 0.882656217
v -0.023483289 0.602012634 0.042175271
vt 0.490966797 0.169433594
vn -0.165739983 -0.173632473 0.970763624
vt 0.472656250 0.160644531
vt 0.475097656 0.174804688
vt 0.472412109 0.149902344
vt 0.471679688 0.142333984
vt 0.467285156 0.131591797
v 0.063514687 0.606513977 -0.011076009
vt 0.479248047 0.115234375
vn 0.919437587 -0.015716823 0.392921925
vt 0.462402344 0.123535156
vt 0.460205078 0.117675781
v 0.069496132 0.598999023 -0.031362571
vt 0.471679688 0.107666016
vn 0.993976474 -0.055220865 0.094664291
vt 0.458984375 0.113281250
v 0.066329926 0.593742371 -0.055919681
vt 0.463623047 0.099121094
vn 0.954651892 -0.157793656 -0.252470016
vt 0.458007812 0.083007812
vt 0.451416016 0.101562500
v 0.053226441 0.589035034 -0.082908668
vt 0.452392578 0.090087891
vn 0.611149371 -0.289904207 -0.736513436
vt 0.448730469 0.096679688
vt 0.450683594 0.103027344
vt 0.443847656 0.093750000
v -0.005122685 0.433250427 -0.086441062
vt 0.965576172 0.590576172
vn 0.047274936 -0.992772460 0.110308088
v -0.003310944 0.434494019 -0.098678611
vt 0.964111328 0.583251953
vn 0.739424348 -0.582099974 -0.338247359
vt 0.968017578 0.592041016
v 0.014418575 0.471977234 -0.103126548
vt 0.979003906 0.566406250
vn 0.692055702 -0.290977985 -0.660598755
vt 0.983154297 0.572509766
v 0.016023608 0.488595963 -0.104331993
vt 0.983398438 0.558349609
vn 0.901801288 -0.086259238 -0.423454672
vt 0.991210938 0.560302734
v 0.001320571 0.500715137 -0.112274192
vt 0.975830078 0.546386719
vn 0.543492377 -0.267807901 -0.795547068
v -0.009672195 0.494703770 -0.117149375
vt 0.968017578 0.546875000
vn 0.220746249 -0.339003325 -0.914520621
v -0.015544917 0.434799194 -0.106964134
vt 0.958007812 0.579101562
vn 0.258873194 -0.345164418 -0.902134240
v -0.011839895 0.463973999 -0.114494346
vt 0.963134766 0.563476562
vn 0.141679466 -0.165292904 -0.976015031
v -0.035198241 0.495311737 -0.115219131
vt 0.952636719 0.544921875
vn -0.197334364 -0.221014410 -0.955097795
v -0.041790038 0.500149965 -0.123779312
vt 0.953613281 0.540039062
vn -0.227278128 -0.532927871 -0.815065980
v -0.035423305 0.454746246 -0.111015335
vt 0.948730469 0.567382812
vn -0.196448982 -0.165017098 -0.966528416
v -0.019599941 0.431877136 -0.102386497
vt 0.955810547 0.581542969
vn 0.015711570 -0.989827394 -0.141403854
v -0.033725765 0.435699463 -0.105621353
vt 0.948242188 0.578369141
vn -0.236081585 -0.409207910 -0.881370783
v -0.062667876 0.477310181 -0.105224624
vt 0.935791016 0.554687500
vn -0.463633746 -0.102156624 -0.880118072
v -0.065040618 0.497316837 -0.105369583
vt 0.935058594 0.543457031
vn -0.386775255 -0.536749244 -0.749870121
v -0.071579009 0.498636842 -0.098327652
vt 0.930664062 0.542968750
vn -0.780860186 -0.260286778 -0.567898095
v -0.078895591 0.469301224 -0.087097183
vt 0.923583984 0.558837891
vn -0.904810846 -0.196698055 -0.377660036
v -0.060470607 0.455284119 -0.102928177
vt 0.934570312 0.568359375
vn -0.496432573 -0.236396462 -0.835267305
v -0.054576900 0.432731628 -0.096809402
vt 0.936279297 0.582275391
vn -0.165781438 -0.931533813 -0.323668480
v -0.063377403 0.433265686 -0.091903701
vt 0.930908203 0.583496094
vn -0.795226276 -0.606261671 -0.007873397
v -0.038715385 0.434165955 -0.081382766
vt 0.945800781 0.592285156
vn 0.007852454 -0.973695278 0.227719098
v -0.056594871 0.434921265 -0.076858535
vt 0.934570312 0.592041016
vn -0.277019650 -0.767740548 0.577784240
v -0.022817634 0.434455872 -0.080993675
vt 0.956298828 0.593505859
vn 0.015797142 -0.987317383 0.157970831
v -0.035980247 0.437202454 -0.080299392
vt 0.947265625 0.593505859
vn -0.165952191 -0.916688263 -0.363514245
v -0.026039146 0.433860779 -0.078506492
vt 0.954589844 0.595214844
vn 0.023613295 -0.991757214 -0.125937372
vt 0.968750000 0.593750000
vt 0.012695312 0.811767578
v -0.028152488 0.436149597 -0.072410598
vt 0.024658203 0.825927734
vn 0.039280128 -0.997713923 0.054992147
vt 0.009521484 0.830810547
vt 0.023193359 0.829345703
v -0.029623050 0.435325623 -0.051315323
vt 0.028320312 0.814208984
vn 0.141382128 -0.989674628 -0.023563657
v -0.035720848 0.431549072 -0.072235122
vt 0.028564453 0.826416016
vn 0.172901765 -0.982396007 0.070732534
v -0.045375846 0.432380676 -0.073898330
vt 0.032470703 0.828613281
vn -0.433057457 -0.873988688 -0.220465496
vt 0.027832031 0.832763672
v -0.041034717 0.433967590 -0.054714218
vt 0.035156250 0.817626953
vn 0.378622353 -0.804572523 -0.457502037
v -0.052978538 0.438976288 -0.063377395
vt 0.036621094 0.825683594
vn -0.338530272 -0.653442085 -0.677060366
v -0.060634635 0.448619843 -0.072776809
vt 0.040771484 0.835937500
vn -0.802950442 -0.495940059 0.330626816
v -0.047924064 0.438545227 -0.077445999
vt 0.033447266 0.833251953
vn -0.173206776 -0.826669157 0.535366714
vt 0.028564453 0.834960938
vt 0.034423828 0.838378906
v -0.024490373 0.436027527 -0.033275619
vt 0.025878906 0.803955078
vn 0.173465192 -0.977712512 0.118271701
vt 0.016845703 0.801757812
v -0.023721710 0.438591003 -0.026254671
vt 0.023925781 0.799804688
vn 0.591726363 -0.804747820 -0.047338154
v -0.030748384 0.430465698 -0.034954086
vt 0.031250000 0.804443359
vn 0.735367537 -0.640481293 -0.221401036
v -0.030681623 0.423873901 -0.005306259
vt 0.031005859 0.787597656
vn 0.844301403 -0.520783901 0.126250595
v -0.024927152 0.435226440 -0.001865046
vt 0.023681641 0.785400391
vn 0.102245025 -0.990989983 -0.086514972
v -0.028234493 0.441055298 0.013069137
vt 0.021728516 0.777099609
vn 0.409131914 -0.794659913 0.448471397
v -0.034011852 0.418815613 -0.004051222
vt 0.034912109 0.786376953
vn 0.945732474 -0.299481899 -0.126097754
v -0.037311569 0.416519165 -0.017490400
vt 0.038818359 0.793701172
vn 0.971035779 -0.031578369 -0.236838132
v -0.028842937 0.416297913 0.000414476
vt 0.037109375 0.782958984
vn 0.972218156 0.229222193 -0.047425415
v -0.041511551 0.416091919 -0.034591690
vt 0.041748047 0.802978516
vn 0.898976386 -0.102514826 -0.425831079
v -0.051380176 0.419128418 -0.051368725
vt 0.045166016 0.812988281
vn 0.746874630 0.275164366 -0.605361760
v -0.036006946 0.411705017 -0.047531143
vt 0.050048828 0.804199219
vn 0.803149521 0.078740172 -0.590551317
v -0.032787338 0.412765503 -0.025033966
vt 0.044677734 0.796386719
vn 0.989064693 -0.062797718 -0.133445367
v -0.033000957 0.404861450 0.002536045
vt 0.043212891 0.780029297
vn 0.946261644 -0.323306024 -0.007885624
v -0.042064682 0.394744873 -0.045627609
vt 0.058349609 0.798828125
vn 0.844695866 -0.323668540 -0.426295280
v 0.028316468 0.512934685 -0.113304161
vt 0.932128906 0.140869141
vn -0.788747668 -0.339161515 -0.512685835
vt 0.933593750 0.133544922
vt 0.939453125 0.133300781
vt 0.927001953 0.130615234
vt 0.936035156 0.144531250
vt 0.942871094 0.133789062
v 0.025669068 0.520465851 -0.104034446
vt 0.930175781 0.146240234
vn 0.385994256 -0.039387204 -0.921660066
v 0.022865264 0.542335510 -0.109542869
vt 0.918701172 0.145751953
vn -0.831891000 -0.078480333 -0.549361765
vt 0.912841797 0.143798828
vt 0.915283203 0.134277344
v 0.021102875 0.550132751 -0.103225730
vt 0.910888672 0.150878906
vn 0.292091012 0.323668510 -0.899956465
vt 0.910400391 0.143066406
vt 0.938720703 0.149902344
vt 0.906250000 0.142089844
vt 0.940429688 0.144775391
vt 0.943847656 0.145751953
vt 0.947509766 0.149902344
vt 0.944580078 0.157958984
v -0.003274711 0.511183739 -0.126037627
vt 0.937744141 0.163818359
vn 0.542349458 -0.157202780 -0.825314641
v -0.007639918 0.532577515 -0.125000030
vt 0.926025391 0.165039062
vn 0.440508008 0.125859439 -0.888882518
v -0.011694940 0.499473453 -0.127655059
vt 0.944091797 0.168701172
vn 0.094523259 -0.259939283 -0.960987568
vt 0.949218750 0.164062500
vt 0.945068359 0.184814453
v -0.012672456 0.518157959 -0.124092124
vt 0.934082031 0.168945312
vn -0.236926779 0.300107032 -0.924013793
v -0.039665252 0.511948586 -0.122596756
vt 0.937988281 0.184326172
vn -0.157622218 0.409817398 -0.898445904
v -0.067451507 0.516128540 -0.113922134
vt 0.947998047 0.195068359
vn -0.157149509 0.267153919 -0.950753808
v -0.033988982 0.516529083 -0.117683426
vt 0.933593750 0.181640625
vn -0.220356494 0.464322299 -0.857815862
v -0.058376342 0.517621994 -0.110260025
vt 0.936279297 0.194335938
vn -0.165673196 0.386570454 -0.907257259
v -0.020694764 0.518812180 -0.118736289
vt 0.932617188 0.174316406
vn -0.221186861 0.229086176 -0.947943091
v -0.034889251 0.531707764 -0.115692154
vt 0.925781250 0.182861328
vn -0.212250113 -0.141500041 -0.966916621
v -0.016401323 0.530321121 -0.118423484
vt 0.927490234 0.171386719
vn -0.378375411 -0.078828238 -0.922289670
v -0.015712770 0.534557343 -0.122840904
vt 0.924804688 0.170654297
vn -0.173105091 -0.220315471 -0.959945738
v -0.038410220 0.537120819 -0.120101944
vt 0.921630859 0.184570312
vn -0.229022071 -0.063178517 -0.971368909
v -0.060348541 0.530279160 -0.108825698
vt 0.927734375 0.194091797
vn -0.102681123 -0.173767909 -0.979418874
v -0.009574924 0.552318573 -0.122657798
vt 0.916503906 0.168457031
vn -0.110486671 0.173621655 -0.978595018
v -0.043945346 0.555122375 -0.116577163
vt 0.915039062 0.182128906
vn -0.086352341 0.855672121 -0.510263264
v -0.069961578 0.555934906 -0.108421341
vt 0.913574219 0.197998047
vn -0.291086167 0.770984650 -0.566437662
v -0.005601916 0.554248810 -0.120315574
vt 0.912353516 0.167236328
vn 0.126011521 0.952962756 -0.275650412
v -0.035476714 0.557487488 -0.087547317
vt 0.895263672 0.176757812
vn -0.204502746 0.692162752 -0.692162871
v 0.010819403 0.554653168 -0.108490013
vt 0.909912109 0.157226562
vn 0.448902279 0.732419670 -0.511906326
v -0.007941276 0.556549072 -0.094970725
vt 0.899169922 0.163574219
vn -0.126093879 0.622587860 -0.772324204
v 0.011878937 0.552120209 -0.097251914
vt 0.904296875 0.154785156
vn 0.086365417 0.117771171 -0.989278078
v 0.013059584 0.584144592 -0.102355979
vt 0.890869141 0.146728516
vn 0.220663995 -0.267949283 -0.937822342
vt 0.901123047 0.137695312
vt 0.890380859 0.130371094
vt 0.900390625 0.133056641
v -0.008287461 0.585342407 -0.099388152
vt 0.887207031 0.156494141
vn -0.220192865 -0.275240958 -0.935819209
v -0.032749206 0.586616516 -0.092597984
vt 0.881103516 0.171386719
v -0.057945281 0.582229614 -0.081993118
vt 0.879882812 0.183593750
vn -0.392728150 -0.172800407 -0.903274417
v -0.043228183 0.617881775 -0.104301475
vt 0.865966797 0.164550781
vn -0.275753111 -0.362418294 -0.890288353
v -0.062355071 0.594131470 -0.085250877
vt 0.866943359 0.177246094
vn -0.416073680 -0.400372714 -0.816446185
v 0.002683154 0.431503296 0.020637494
vt 0.952148438 0.360595703
vn -0.007892617 -0.978686512 -0.205208406
v 0.019807804 0.433074951 0.007918335
vt 0.939697266 0.363525391
vn 0.251152366 -0.965366781 -0.070636570
v 0.025365818 0.441658020 0.014971710
vt 0.936523438 0.356689453
vn 0.599001110 -0.701461852 -0.386198133
vt 0.931396484 0.358154297
vt 0.934326172 0.371582031
vt 0.946044922 0.386474609
vt 0.926513672 0.351074219
v 0.011707298 0.419509888 0.022018412
vt 0.949707031 0.353759766
vn 0.568181098 -0.749683440 -0.339330405
vt 0.962402344 0.373779297
vt 0.955322266 0.386962891
v -0.020967493 0.432373047 0.018709168
vt 0.963623047 0.363281250
vn -0.391991109 -0.917259336 0.070558496
vt 0.968505859 0.368652344
v -0.030513773 0.446968079 0.022483809
vt 0.972656250 0.365478516
vn -0.282755375 -0.918955266 0.274901181
v -0.030921943 0.440143585 0.028921111
vt 0.971435547 0.360839844
vn -0.765180290 -0.638965070 -0.078884445
v -0.008242616 0.434349060 0.023830397
vt 0.959960938 0.358398438
vn -0.291338682 -0.519685090 -0.803149521
v -0.014384277 0.419937134 0.027391417
vt 0.967285156 0.348876953
vn -0.442649722 -0.893203974 0.079044700
v 0.016080851 0.425743103 0.040180184
vt 0.950683594 0.343261719
vn 0.329973072 -0.872071505 0.361398995
v -0.012081151 0.431320190 0.052947979
vt 0.962646484 0.330566406
vn -0.259120435 -0.777361691 0.573206246
v -0.029600149 0.449954987 0.050601944
vt 0.974121094 0.317626953
vn -0.661355734 -0.472397089 0.582623124
v 0.033447258 0.449840546 0.039131142
vt 0.935058594 0.339111328
vn 0.833509624 -0.503251016 0.228035539
v 0.014275545 0.432708740 0.051265698
vt 0.949951172 0.335937500
vn 0.354100436 -0.236066818 0.904922962
v -0.012547498 0.441860199 0.056873303
vt 0.960937500 0.324218750
vn -0.141294807 -0.180543512 0.973365247
v -0.023612982 0.481937408 0.058666211
vt 0.958984375 0.307373047
vn -0.322096497 -0.149264261 0.934865832
v 0.039142601 0.458816528 0.029560063
vt 0.928955078 0.342529297
vn 0.936891735 -0.283429384 0.204698920
vt 0.918212891 0.339355469
v 0.039318077 0.474388123 0.042060826
vt 0.926025391 0.330078125
vn 0.734106481 -0.205233976 0.647276402
vt 0.911376953 0.322265625
vt 0.908935547 0.333007812
v 0.020471565 0.480195999 0.055515263
vt 0.932373047 0.317382812
vn 0.330177009 -0.125781611 0.935501099
vt 0.917968750 0.312255859
vt 0.923095703 0.308593750
vt 0.946289062 0.297851562
v -0.028152473 0.507845879 0.061233502
vt 0.950683594 0.296142578
vn -0.471695751 -0.330187082 0.817606151
v -0.015220648 0.471632004 0.060470562
vt 0.954101562 0.311279297
vn 0.102008775 -0.109855406 0.988699138
vt 0.154296875 0.122802734
vt 0.145263672 0.120361328
vt 0.153808594 0.107666016
v -0.036766060 0.451766968 0.030891404
vt 0.143310547 0.129394531
vn -0.078494646 -0.604409754 0.792797267
vt 0.140625000 0.121337891
v -0.033210762 0.457405090 0.051815014
vt 0.156494141 0.126708984
vn -0.696659565 -0.269163966 0.664993465
vt 0.172607422 0.125732422
v -0.044456489 0.505963802 0.056117997
vt 0.176757812 0.141845703
vn -0.661581278 -0.220527127 0.716713309
v -0.040733345 0.469699860 0.040470105
vt 0.154052734 0.137451172
vn -0.330544621 -0.267583787 0.905063033
v -0.046504982 0.496245861 0.043811783
vt 0.168212891 0.145751953
vn -0.684826970 -0.133816794 0.716313541
v -0.054126747 0.495451450 0.044052109
vt 0.166748047 0.150634766
vn 0.149190754 0.212007791 0.965813041
v -0.037105568 0.433830261 0.022218691
vt 0.131835938 0.123535156
vn 0.754876733 -0.401028156 0.518977582
vt 0.137207031 0.115478516
v -0.052597053 0.443073273 0.043148030
vt 0.134521484 0.141601562
vn 0.831455767 0.125502810 0.541230440
vt 0.125732422 0.105712891
v -0.054363258 0.469629288 0.046184525
vt 0.150878906 0.147216797
vn 0.402461737 -0.007891347 0.915402830
v -0.069313057 0.472602844 0.053119645
vt 0.150390625 0.158447266
vn 0.738967299 0.503126681 0.448097050
v -0.087951668 0.490903854 0.046977986
vt 0.166748047 0.167480469
vn 0.489969403 0.806078672 0.331914634
v -0.035644542 0.423332214 0.005609021
vt 0.124755859 0.113281250
vn 0.970552146 0.126250744 0.205157220
vt 0.122314453 0.107421875
vt 0.118896484 0.109619141
v -0.041492470 0.428207397 0.024780260
vt 0.127197266 0.125732422
vn 0.876055062 0.449866146 0.173632398
v -0.033084881 0.421432495 0.014191614
vt 0.121826172 0.118408203
vn 0.956840813 0.015685968 0.290189266
vt 0.111328125 0.110839844
v -0.072555549 0.488637924 0.073860154
vt 0.150390625 0.174804688
vn 0.331253409 0.583636999 0.741376519
v -0.095947273 0.505132675 0.060462940
vt 0.167236328 0.185058594
vn 0.133916453 0.795621037 0.590807676
v -0.120742805 0.481006622 0.057697289
vt 0.150390625 0.202636719
vn -0.347189218 0.236720040 0.907426715
v -0.059165958 0.459373474 0.062904343
vt 0.137939453 0.159423828
v -0.081146240 0.465358734 0.077156052
vt 0.133544922 0.181640625
vn 0.094385959 0.094385885 0.991051257
v -0.094993591 0.437854767 0.079444878
vt 0.123291016 0.191650391
vn -0.314376324 0.235782370 0.919551134
v -0.044685367 0.433723450 0.049228657
vt 0.125488281 0.141601562
vn 0.756093204 -0.031503815 0.653705359
v -0.076591492 0.431877136 0.070777878
vt 0.117675781 0.167968750
vn 0.550822735 -0.118033364 0.826233923
v -0.102256775 0.400466919 0.082771301
vt 0.094970703 0.184326172
vn 0.418088347 -0.047330681 0.907172501
v -0.040050514 0.428054810 0.038230881
vt 0.123291016 0.133056641
vn 0.923869908 -0.142133757 0.355334461
v -0.060440067 0.399627686 0.053565968
vt 0.101074219 0.146728516
vn 0.630488455 -0.173384234 0.756586015
v -0.040496834 0.403083801 0.019414889
vt 0.107421875 0.121093750
vn 0.881480157 -0.283332795 0.377777070
v -0.037925731 0.388610840 0.003492343
vt 0.100097656 0.109375000
vn 0.938376129 -0.307534993 0.157710165
v -0.055023201 0.348892212 0.011040679
vt 0.070800781 0.114746094
vn 0.872610331 -0.267285973 0.408790261
v -0.051685341 0.348052979 0.003670922
vt 0.070556641 0.109619141
vn 0.956559181 -0.284596056 -0.063243695
v -0.050662998 0.399139404 0.040290821
vt 0.102294922 0.135742188
vn 0.836853802 -0.300004095 0.457900971
v -0.069129944 0.341598511 0.035121910
vt 0.063720703 0.132080078
vn 0.833612800 -0.259520859 0.487584680
v -0.069137573 0.369171143 0.050441734
vt 0.080322266 0.144042969
vn 0.779141307 -0.299064279 0.550907791
v -0.086051941 0.357482910 0.067199707
vt 0.069824219 0.158447266
vn 0.717581868 -0.189252257 0.670268476
v -0.070709229 0.376731873 0.056617729
vt 0.085205078 0.149658203
vn 0.693257511 -0.196948037 0.693257272
v -0.088569641 0.389633179 0.072967529
vt 0.089355469 0.169433594
vn 0.583111286 -0.118198149 0.803747714
v -0.098434448 0.376457214 0.078407288
vt 0.078857422 0.171875000
vn 0.577079773 -0.063241549 0.814235568
v -0.100837708 0.339828491 0.077690125
vt 0.057128906 0.169677734
vn 0.339584351 -0.379070789 0.860806584
v -0.110946655 0.357971191 0.085563660
vt 0.063720703 0.176025391
vn 0.023647860 -0.299537748 0.953791440
v -0.112236023 0.397094727 0.084243774
vt 0.088867188 0.188720703
vn -0.180777505 0.180777654 0.966767311
v -0.124206543 0.367126465 0.087226868
vt 0.069335938 0.192138672
vn -0.338320464 -0.094415031 0.936282635
v -0.132583618 0.409126282 0.072418213
vt 0.091796875 0.205322266
vn -0.362835050 0.244519383 0.899200261
v -0.160644531 0.370330811 0.071548469
vt 0.063720703 0.213623047
vn -0.714148343 0.235433549 0.659214020
v -0.138427734 0.433990479 0.063644402
vt 0.102539062 0.215820312
vn -0.675242245 0.314066201 0.667390704
vt 0.787109375 0.057617188
v -0.018766409 0.509998322 0.073074318
vt 0.792968750 0.056640625
vn -0.392015129 -0.454737693 0.799711168
vt 0.794189453 0.064453125
vt 0.792236328 0.051269531
vt 0.801269531 0.061523438
v -0.037666328 0.533176422 0.071701035
vt 0.804931641 0.044921875
vn -0.513276875 -0.189517647 0.837036371
vt 0.804443359 0.035888672
vt 0.792724609 0.046142578
v -0.045997627 0.533943176 0.061202988
vt 0.812988281 0.045654297
vn -0.623556733 -0.023679368 0.781419396
vt 0.782714844 0.045654297
vt 0.796386719 0.041748047
vt 0.790039062 0.040283203
vt 0.810302734 0.061767578
vt 0.796875000 0.073974609
v -0.048503883 0.520792007 0.057006821
vt 0.813720703 0.053222656
vn -0.557776928 -0.243536472 0.793457568
v -0.052890789 0.525129318 0.047550187
vt 0.820068359 0.052246094
vn -0.933689296 -0.253203928 0.253204018
vt 0.812988281 0.067871094
v -0.054855358 0.526597977 0.038875565
vt 0.824462891 0.052246094
vn -0.630527437 0.133987099 0.764514744
v -0.053730018 0.534374237 0.056919083
vt 0.818115234 0.045898438
vn -0.836853683 0.300004184 0.457901210
v -0.055629741 0.534999847 0.044773087
vt 0.823974609 0.046875000
vn -0.973725259 0.164905027 0.157052591
v -0.054813396 0.544353485 0.033214550
vt 0.831542969 0.044189453
vn -0.638567686 -0.607033551 0.473013282
v -0.035301216 0.551441193 0.060012795
vt 0.811523438 0.034667969
vn -0.775388181 0.387694120 0.498463959
v -0.049865734 0.540622711 0.046031937
vt 0.824462891 0.041015625
vn -0.743669927 0.427214682 0.514239967
v -0.026346216 0.567832947 0.069427468
vt 0.804687500 0.025878906
vn -0.300210029 0.813727200 0.497716665
vt 0.800292969 0.031250000
vt 0.790527344 0.011962891
vt 0.811523438 0.015625000
v -0.036624920 0.567443848 0.046924569
vt 0.816894531 0.024658203
vn -0.582262158 0.550788522 0.597999036
v -0.054866802 0.547016144 0.043769818
vt 0.828613281 0.038085938
vn -0.394055098 -0.094573230 0.914208174
v -0.051315319 0.568420410 0.040698987
vt 0.825683594 0.024902344
vn -0.290977925 0.660598695 0.692055821
v -0.046459213 0.567695618 0.035148602
vt 0.824951172 0.020019531
vn -0.400681376 0.094278023 0.911354065
v -0.063568130 0.568572998 0.034908276
vt 0.833251953 0.025390625
vn 0.306583375 0.636749983 0.707499921
v -0.061267868 0.569221497 0.025999051
vt 0.832031250 0.019775391
vn -0.392970473 0.353673488 0.848816514
v -0.069580093 0.576858521 0.020765288
vt 0.834960938 0.014160156
vn -0.307458580 0.882957995 0.354759902
v -0.058582321 0.577522278 0.035778027
vt 0.836914062 0.022216797
vn 0.875400841 0.481076181 -0.047319103
v -0.069519058 0.580451965 0.045642834
vt 0.840820312 0.017822266
vn 0.478877217 0.777194142 0.408223093
v -0.061046612 0.563156128 0.041988354
vt 0.840820312 0.026611328
vn 0.978717029 -0.078928739 0.189428955
v -0.070579544 0.553588867 0.036388379
vt 0.840332031 0.033935547
vn 0.732806206 -0.598852336 0.323065013
v -0.085418716 0.544437408 0.029624926
vt 0.848144531 0.039550781
vn 0.535815239 -0.780084014 -0.323065102
v -0.065490738 0.544559479 0.027116761
vt 0.838134766 0.045654297
vn -0.574233711 -0.031464856 0.818086565
v -0.065940864 0.539791107 0.052959427
vt 0.852294922 0.024414062
vn 0.717738092 0.118308529 0.686188936
v -0.080436714 0.578346252 0.055080399
vt 0.847900391 0.011230469
vn 0.165472463 0.370342940 0.914037824
v -0.065620430 0.543083191 0.047405224
vt 0.849365234 0.027587891
vn 0.676389933 -0.369655013 -0.637065053
v -0.084999092 0.548126221 0.067443840
vt 0.866455078 0.016113281
vn -0.369198412 0.361343205 0.856226385
v -0.080513015 0.542804718 0.011536584
vt 0.850341797 0.047363281
vn -0.251812339 -0.865605235 0.432802677
v -0.071571358 0.520025253 0.054107655
vt 0.859619141 0.027587891
vn 0.828313887 -0.552209139 0.094664343
v -0.080261238 0.533332825 0.067756638
vt 0.863525391 0.022216797
vn 0.228680015 -0.228679821 0.946261585
v -0.099136360 0.535793304 0.057899468
vt 0.871826172 0.027099609
vn -0.590660989 -0.259890854 0.763921738
v -0.112312324 0.537162781 0.042881005
vt 0.881347656 0.033935547
v -0.080673225 0.519489288 0.059146870
vt 0.863281250 0.027587891
vn -0.283394158 -0.755718112 0.590404928
v -0.084747322 0.517757416 0.043724049
vt 0.861816406 0.032714844
vn 0.501810253 -0.603740573 -0.619422197
v -0.096138008 0.525501251 0.052307118
vt 0.869628906 0.031005859
vn -0.629238844 -0.629238904 0.456198305
v -0.115737930 0.527883530 0.020967474
vt 0.870117188 0.043457031
vn -0.796436787 0.126168206 0.591413617
v -0.096405037 0.521539688 0.043762196
vt 0.866699219 0.033935547
vn -0.370480895 -0.922261059 0.110356115
v -0.105339065 0.524959564 0.020589817
vt 0.865966797 0.040771484
vn 0.496602118 -0.843435407 -0.204946935
v -0.095855728 0.523675919 0.030664433
vt 0.862060547 0.038330078
vn 0.533042371 -0.650625288 -0.540881336
v -0.097160354 0.533020020 0.018270481
vt 0.859619141 0.043212891
vn 0.584619582 -0.750525117 -0.308110356
v -0.097564712 0.543365479 -0.000398200
vt 0.860839844 0.050048828
vn 0.701091826 -0.685336828 -0.196935967
v -0.108894363 0.523485184 0.001916400
vt 0.872070312 0.045898438
vn 0.800301731 -0.596303165 -0.062768839
v -0.089439407 0.539161682 0.000607121
vt 0.855957031 0.050781250
vn -0.793457448 0.243536472 0.557777166
vt 0.070800781 0.935791016
v -0.008595502 0.618217468 -0.113876373
vt 0.054687500 0.921875000
vn -0.189677507 -0.371451586 -0.908870816
v 0.017414058 0.609909058 -0.113609344
vt 0.068359375 0.923339844
vn 0.219690546 -0.423689127 -0.878762603
vt 0.061767578 0.936279297
vt 0.089111328 0.937011719
vt 0.040283203 0.931640625
vt 0.075927734 0.919189453
vt 0.085449219 0.925537109
v 0.023487054 0.632461548 -0.122436553
vt 0.066162109 0.911865234
vn -0.142085150 -0.741999984 -0.655170143
vt 0.066650391 0.905761719
v 0.011011086 0.641632080 -0.125824004
vt 0.058837891 0.909179688
vn -0.212223858 -0.620951056 -0.754573405
v -0.007585564 0.647140503 -0.126297027
vt 0.048828125 0.906494141
vn -0.354451686 -0.527739108 -0.771916747
v -0.003342667 0.641433716 -0.130111724
vt 0.052734375 0.904785156
vn 0.282903969 0.125735104 0.950871289
vt 0.064941406 0.892822266
vt 0.073974609 0.897216797
v -0.011384999 0.619201660 -0.119346648
vt 0.050781250 0.893310547
vn 0.228829458 0.284064054 0.931098700
v -0.020851173 0.645477295 -0.119560272
vt 0.044189453 0.914062500
vn -0.306431979 -0.322146356 -0.895723939
v -0.018194238 0.667648315 -0.129898101
vt 0.038330078 0.908691406
vn -0.858880401 -0.496417135 -0.126074046
v -0.034839667 0.666275024 -0.122505210
vt 0.031738281 0.914062500
vn -0.220301867 -0.322584748 -0.920546651
v -0.057674445 0.662216187 -0.116531394
vt 0.018310547 0.913818359
vn -0.212988451 -0.362869054 -0.907172561
v -0.049236335 0.667739868 -0.120567344
vt 0.022216797 0.911132812
vn 0.308302850 -0.948624015 0.071146801
v -0.027437249 0.676300049 -0.128707916
vt 0.030273438 0.909912109
vn -0.031401817 -0.839997709 -0.541680634
v -0.042007484 0.661239624 -0.128845245
vt 0.023925781 0.902343750
vn 0.510593772 0.078552932 0.856226265
v -0.064605750 0.664001465 -0.118209861
vt 0.015380859 0.909912109
vn 0.559714973 -0.354748815 0.748914242
v -0.028387109 0.672500610 -0.133346587
vt 0.031494141 0.908203125
vn -0.212433755 -0.629433632 0.747452497
v -0.035549205 0.665679932 -0.136428863
vt 0.029785156 0.905029297
vn 0.543004274 -0.149522841 0.826310754
v -0.024009746 0.663177490 -0.138870269
vt 0.034912109 0.905761719
vn -0.409131765 -0.118018799 0.904810965
v -0.011915245 0.646453857 -0.128677398
vt 0.046142578 0.903808594
vn -0.345867395 0.141491279 0.927553833
v -0.020856896 0.652862549 -0.131286651
vt 0.040283203 0.903076172
vn -0.439421713 0.219710946 0.870996952
v -0.025438348 0.649963379 -0.135910064
vt 0.036376953 0.901611328
vn 0.275138944 0.479527801 0.833277702
v -0.024528541 0.640731812 -0.127212554
vt 0.040039062 0.897216797
vn 0.266882330 0.337527543 0.902689874
v -0.063156165 0.651550293 -0.117645286
vt 0.018798828 0.896728516
vn 0.401264012 0.220301822 0.889074922
v -0.055366553 0.630798340 -0.113838218
vt 0.029785156 0.888671875
vn 0.282616109 0.133457616 0.949903786
v -0.025835074 0.624267578 -0.122085601
vt 0.043945312 0.889648438
vn 0.212591976 -0.039368808 0.976347685
v -0.013685264 0.631851196 -0.124618560
vt 0.047119141 0.896972656
vn -0.102203801 0.290888101 0.951282620
v -0.013212240 0.621238708 -0.121574432
vt 0.049072266 0.892089844
vn -0.472792715 -0.378234267 0.795867980
v -0.038700141 0.621078491 -0.122245811
vt 0.043212891 0.883789062
vn 0.007883383 -0.969646931 0.244382605
v -0.079216041 0.623176575 -0.110847495
vt 0.037353516 0.868896484
vn 0.252470016 -0.788968444 0.560167611
vt 0.051025391 0.880859375
vt 0.041992188 0.874023438
vt 0.057373047 0.886962891
vt 0.052246094 0.867919922
vt 0.058349609 0.885253906
v -0.138977051 0.000488281 -0.078895554
vt 0.254882812 0.597900391
vn 0.872367620 -0.290789217 -0.392958522
v -0.146423340 0.000305176 -0.048576336
vt 0.265380859 0.591308594
vn 0.887510598 -0.400557816 0.227768093
v -0.157806396 0.000244141 -0.098228432
vt 0.255371094 0.607421875
vn 0.118106574 -0.889736295 -0.440931261
v -0.136932373 0.034179688 -0.077461228
vt 0.242919922 0.590087891
vn 0.997529209 0.062836528 -0.031418376
v -0.153152466 0.000305176 -0.023647288
vt 0.276611328 0.596923828
vn 0.204540685 -0.951900601 0.228141472
v -0.157287598 0.034271240 -0.098091103
vt 0.239013672 0.605712891
vn 0.560848713 0.102690615 -0.821525097
v -0.152297974 0.019744873 -0.023000699
vt 0.280029297 0.588378906
vn 0.683494449 -0.102131285 0.722775578
v -0.169799805 0.000152588 -0.028099038
vt 0.282958984 0.609130859
vn -0.039252158 -0.981305599 0.188410714
v -0.149551392 0.031524658 -0.027486783
vt 0.263671875 0.580078125
vn 0.956840813 -0.015685858 0.290189266
v -0.157119751 0.036193848 -0.020761471
vt 0.267333984 0.575927734
vn 0.927181423 0.369301111 0.062859625
v -0.153060913 0.019775391 -0.018804532
vt 0.282470703 0.588867188
vn 0.894399643 0.007845631 -0.447199970
v -0.148635864 0.035675049 -0.035179123
vt 0.257080078 0.579833984
vn 0.890288472 0.275753081 0.362418145
v -0.159561157 0.047454834 -0.026607495
vt 0.260742188 0.573242188
vn 0.534060776 -0.486937642 0.691137314
v -0.168518066 0.057281494 -0.014342288
vt 0.270996094 0.566650391
vn 0.944413662 0.322674692 0.062960766
v -0.167678833 0.018096924 -0.026025752
vt 0.286865234 0.604736328
vn 0.204775348 -0.559193790 0.803348899
v -0.161376953 0.007568359 -0.023588160
vt 0.291992188 0.604248047
vn 0.402023613 -0.047296934 -0.914407015
v -0.152908325 0.000518799 -0.018499354
vt 0.297363281 0.601806641
vn 0.773478031 -0.631410599 -0.055248506
v -0.174682617 0.000305176 -0.027402855
vt 0.294189453 0.619873047
vn 0.118503973 -0.955932021 -0.268608987
v -0.171859741 0.016571045 -0.027526835
vt 0.288085938 0.609619141
vn 0.362519413 -0.181259796 -0.914179742
v -0.177566528 0.012237549 -0.029180504
vt 0.289062500 0.614990234
vn 0.125847906 -0.251695514 0.959589362
v -0.179595947 0.000030518 -0.030864691
vt 0.287109375 0.619384766
vn 0.000000047 -0.999721110 0.023615502
v -0.195587158 0.000122070 -0.081832863
vt 0.264648438 0.628906250
vn -0.557777047 -0.793457508 -0.243536368
v -0.210311890 0.000244141 -0.047759984
vt 0.269042969 0.645751953
vn -0.742092431 -0.568411291 -0.355256915
v -0.188934326 0.000152588 -0.097213723
vt 0.259521484 0.621093750
vn -0.165554643 -0.827773154 -0.536081553
v -0.187988281 0.034729004 -0.096435525
vt 0.242675781 0.622558594
vn -0.842519760 0.141732216 -0.519684911
v -0.173675537 0.036315918 -0.096816994
vt 0.239501953 0.614746094
vn -0.055029612 0.125781611 -0.990530550
v -0.201934814 0.034057617 -0.065238923
vt 0.243408203 0.638183594
vn -0.892395914 0.244816512 -0.379070699
v -0.184371948 0.039123535 -0.086349465
vt 0.235839844 0.622558594
vn -0.517523825 0.376380831 -0.768444240
v -0.168548584 0.038055420 -0.095306374
vt 0.236083984 0.611328125
vn -0.015789831 0.363162905 -0.931591868
v -0.152709961 0.040313721 -0.087570168
vt 0.234619141 0.599609375
vn 0.558414876 0.078649983 -0.825825095
v -0.168212906 0.055145264 -0.094085671
vt 0.226074219 0.609619141
vn 0.007844277 -0.086288489 -0.996239305
v -0.197021484 0.037292480 -0.064453103
vt 0.239746094 0.638671875
vn -0.839351416 0.384375781 -0.384375751
v -0.145233154 0.039794922 -0.076957680
vt 0.237304688 0.591064453
vn 0.884305477 -0.031582322 -0.465839624
v -0.141983032 0.037689209 -0.066368081
vt 0.243408203 0.585449219
vn 0.985934496 0.055212386 0.157749385
v -0.141098022 0.058654785 -0.082992539
vt 0.226074219 0.591308594
vn 0.730361462 -0.204187080 -0.651828110
v -0.146362305 0.044555664 -0.041992173
vt 0.250976562 0.576904297
vn 0.731332004 -0.636966467 0.243777260
v -0.138870239 0.043762207 -0.067146286
vt 0.238769531 0.584472656
vn 0.887428463 -0.447640866 -0.109946989
v -0.150177002 0.049194336 -0.036346421
vt 0.254882812 0.573974609
vn 0.007856325 -0.982032180 0.188550219
v -0.147155762 0.046478271 -0.032009110
vt 0.255126953 0.571289062
vn 0.110222638 -0.952637792 0.283429444
v -0.133895874 0.050689697 -0.032817826
vt 0.252197266 0.565673828
vn 0.504249871 -0.732737899 0.456976295
v -0.149337783 0.056427002 -0.092346169
vt 0.225341797 0.598388672
vn 0.392727911 -0.172800377 -0.903274536
v -0.151123062 0.067016602 -0.091911294
vt 0.218750000 0.599365234
vn 0.385862559 0.047248472 -0.921345651
v -0.126419067 0.088958740 -0.071617119
vt 0.212158203 0.580566406
vn 0.762810528 -0.149416521 -0.629122257
v -0.125442505 0.050323486 -0.044670094
vt 0.243164062 0.571533203
vn 0.653705478 -0.756093025 0.031503823
v -0.127990723 0.063720703 -0.071891770
vt 0.226074219 0.581787109
vn 0.871721745 -0.180627003 -0.455494374
v -0.127883911 0.068023682 -0.063148484
vt 0.224365234 0.577392578
vn 0.977955699 -0.039433662 -0.205055341
v -0.145736709 0.099151611 -0.087860093
vt 0.200927734 0.593994141
vn 0.353444219 -0.212066635 -0.911100984
v -0.131134033 0.059478760 -0.069946274
vt 0.229003906 0.582275391
vn 0.833638489 -0.519057810 -0.188748404
v -0.137359619 0.052215576 -0.056385025
vt 0.239013672 0.578857422
vn 0.606675506 -0.772132397 -0.189093694
v -0.130554199 0.061828613 -0.061653122
vt 0.230712891 0.577880859
vn 0.605829895 -0.566490293 -0.558622420
v -0.120872498 0.056518555 -0.054809559
vt 0.235351562 0.572753906
vn 0.809094667 -0.581291258 -0.086408250
v -0.118438728 0.067749023 -0.059055317
vt 0.229003906 0.571533203
vn 0.795226216 -0.007873519 -0.606261730
v -0.127990723 0.081451416 -0.058559403
vt 0.222900391 0.564697266
vn 0.693429470 0.543711782 -0.472792953
v -0.119888306 0.079742432 -0.054164875
vt 0.228515625 0.565673828
vn 0.723423302 0.550430894 -0.416754931
v -0.119583130 0.079467773 -0.046443928
vt 0.233154297 0.563476562
vn 0.895558178 -0.329942405 0.298519254
v -0.121406555 0.084838867 -0.041606892
vt 0.232421875 0.561035156
vn 0.691030860 0.722441375 0.023557745
v -0.129608154 0.090209961 -0.039085373
vt 0.232177734 0.557617188
vn 0.970642805 -0.157828018 0.181502163
v -0.123695374 0.072174072 -0.049724568
vt 0.235595703 0.565917969
vn 0.753642797 -0.321868181 0.573082387
v -0.124740601 0.076751709 -0.028871523
vt 0.241943359 0.558105469
vn 0.804948390 0.142049760 0.576090395
v -0.134689331 0.070831299 -0.022142395
vt 0.250244141 0.551757812
vn 0.761329055 -0.078487463 0.643597543
v -0.130706787 0.071502686 -0.033348069
vt 0.242919922 0.561279297
vn 0.944442868 -0.314814240 0.094444171
v -0.127563477 0.059906006 -0.046977982
vt 0.239746094 0.568603516
vn 0.958256364 0.102109328 0.267054915
v -0.127563477 0.063934326 -0.026926028
vt 0.248046875 0.560791016
vn 0.917569518 -0.149006948 0.368596166
vt 0.528564453 0.931640625
vt 0.530517578 0.943847656
v -0.163436875 0.000152588 0.011313459
vt 0.515136719 0.947998047
vn 0.511351585 -0.841763318 0.173072785
v -0.195663452 0.000091553 -0.021152470
vt 0.517333984 0.925048828
vt 0.528808594 0.928466797
vt 0.524658203 0.911621094
v -0.175643906 0.000213623 0.047966026
vt 0.495361328 0.955566406
vn 0.283175081 -0.951782823 0.117989615
v -0.153076172 0.023834229 -0.007705193
vt 0.528808594 0.958007812
vn 0.982729971 0.039309248 0.180822179
vt 0.533691406 0.954101562
vt 0.538574219 0.961669922
v -0.161636353 0.058258057 -0.000319865
vt 0.531738281 0.976318359
vn 0.935587883 0.345931709 0.070758611
vt 0.540283203 0.974853516
v -0.157791138 0.027526855 0.008678455
vt 0.520751953 0.962890625
vn 0.937472999 0.031511754 0.346628577
v -0.168838501 0.056030273 0.016704578
vt 0.521240234 0.979492188
vn 0.811779022 0.307372689 0.496524900
v -0.169662461 0.028015137 0.038902305
vt 0.504882812 0.969482422
vn 0.882985473 0.063070446 0.465143979
v -0.184738144 0.000183105 0.061740901
vt 0.486816406 0.959228516
vn 0.276276618 -0.931446731 0.236808524
v -0.180725083 0.032958984 0.054702777
vt 0.496093750 0.976318359
vn 0.761892438 0.157091275 0.628364742
v -0.169265732 0.035369873 0.028604528
vt 0.510986328 0.972412109
vn 0.800301671 0.407996953 0.439381152
v -0.188140854 0.039001465 0.061878227
vt 0.494873047 0.982666016
vn -0.007847513 0.855382264 0.517937839
v -0.182983384 0.052551270 0.033596057
vt 0.511474609 0.984619141
vn -0.039501291 0.837428153 0.545118213
vt 0.373535156 0.093994141
vt 0.373535156 0.087402344
v -0.127761841 0.089447021 -0.058940873
vt 0.375976562 0.097656250
vn 0.937240422 -0.330790699 0.110263474
vt 0.382324219 0.093994141
vt 0.365234375 0.101806641
v -0.114730842 0.115173340 -0.076171868
vt 0.391601562 0.107177734
vn 0.808570921 -0.416060835 -0.416060925
vt 0.395996094 0.088378906
v -0.108154304 0.139221191 -0.050388329
vt 0.385009766 0.125488281
vn 0.908530533 -0.402913511 0.110603608
v -0.139236465 0.124023438 -0.094558708
vt 0.408203125 0.098144531
vn 0.362418145 -0.275753021 -0.890288472
v -0.168304458 0.133453369 -0.098716721
vt 0.419921875 0.086914062
vn -0.337777495 -0.109974086 -0.934779227
v -0.100006111 0.148895264 -0.079597466
vt 0.402832031 0.123535156
vn 0.805776715 -0.410788149 -0.426587820
v -0.128463760 0.154327393 -0.098236077
vt 0.419433594 0.111572266
vn 0.197407946 -0.181615457 -0.963351429
v -0.163452163 0.159271240 -0.103752121
vt 0.433349609 0.096435547
vn -0.544710577 -0.055260543 -0.836801589
v -0.159362808 0.186828613 -0.108009323
vt 0.445068359 0.111572266
vn -0.369301200 -0.062859811 -0.927181363
v -0.108932510 0.170745850 -0.092346184
vt 0.418212891 0.125976562
vn 0.480285108 -0.244079381 -0.842467546
v -0.119407669 0.184875488 -0.101219170
vt 0.428710938 0.126953125
vn 0.283429295 -0.110222585 -0.952637851
v -0.156158462 0.208557129 -0.108741745
vt 0.449707031 0.119384766
vn -0.078475572 0.023542585 -0.996638060
v -0.092811592 0.165802002 -0.081817620
vt 0.408935547 0.131835938
vn 0.897721350 -0.385862648 -0.212618321
v -0.115547195 0.211486816 -0.101310723
vt 0.438720703 0.137451172
vn 0.292191178 0.039485276 -0.955544531
v -0.155838028 0.230163574 -0.106460556
vt 0.458496094 0.129882812
vn -0.149899468 0.189346492 -0.970400989
v -0.111816421 0.229187012 -0.098106377
vt 0.442871094 0.146972656
vn 0.369335175 0.180738524 -0.911550939
v -0.105468765 0.197998047 -0.095367424
vt 0.428955078 0.137695312
vn 0.489160329 -0.086786553 -0.867865384
v -0.080619827 0.204589844 -0.081542969
vt 0.420410156 0.151611328
vn 0.840230584 -0.094231457 -0.533978462
v -0.074935928 0.231048584 -0.072792053
vt 0.427001953 0.166015625
vn 0.840827107 0.125731155 -0.526499331
v -0.086677566 0.184722900 -0.082496636
vt 0.415283203 0.140869141
vn 0.903692722 -0.290753275 -0.314328015
v -0.072700508 0.221160889 -0.021549225
vt 0.397705078 0.176025391
vn 0.990928710 -0.125832170 -0.047187209
v -0.072105408 0.233795166 -0.000817777
vt 0.391845703 0.184814453
vn 0.887976468 -0.133589312 0.440059006
v -0.072647095 0.217712402 -0.006274224
vt 0.388671875 0.177246094
vn 0.794586360 -0.314687580 0.519234478
v -0.076980591 0.203460693 -0.010133742
vt 0.387451172 0.169433594
vn 0.907765985 -0.394680798 0.142084986
v -0.088302620 0.178436279 -0.049850460
vt 0.397460938 0.146240234
vn 0.908077240 -0.418505162 0.015792547
v -0.096878059 0.163269043 -0.038120266
vt 0.385986328 0.141113281
vn 0.886909068 -0.455227613 0.078487426
v -0.091178894 0.175781250 -0.017606732
vt 0.381103516 0.153564453
vn 0.732965529 -0.496524960 0.464999557
v -0.105010986 0.152343750 -0.021173472
vt 0.373779297 0.140136719
vn 0.707106948 -0.424264014 0.565685272
v -0.093879700 0.206481934 0.005010131
vt 0.375244141 0.174072266
vn 0.557639480 -0.447682261 0.699012697
v -0.088111877 0.222290039 0.009611131
vt 0.379638672 0.182617188
vn 0.654009938 -0.283666819 0.701287568
v -0.095222473 0.222503662 0.016197208
vt 0.376464844 0.183593750
vn 0.607619345 -0.370884389 0.702313066
v -0.116950989 0.197570801 0.017263418
vt 0.360839844 0.169677734
vn 0.568075061 -0.441836059 0.694313824
v -0.121315002 0.220581055 0.036231998
vt 0.355224609 0.184570312
vn 0.619422257 -0.501810312 0.603740513
v -0.150726318 0.188842773 0.038478862
vt 0.339111328 0.168945312
vn 0.299808145 -0.670623183 0.678512812
v -0.147888184 0.185150146 0.034358989
vt 0.340332031 0.166503906
vn 0.181530699 -0.315705299 0.931330681
v -0.132202148 0.169830322 0.013004312
vt 0.352294922 0.154052734
vn 0.614325702 -0.362294525 0.700961232
v -0.158920288 0.145904541 0.026294721
vt 0.335205078 0.141601562
vn 0.495679140 -0.291113019 0.818263710
v -0.144073486 0.141967773 0.011322034
vt 0.345947266 0.137695312
vn 0.646893859 -0.315557867 0.694227397
v -0.112716675 0.136169434 -0.021347037
vt 0.369628906 0.131103516
vn 0.797528744 -0.363230824 0.481675714
v -0.151763916 0.109375000 0.003499284
vt 0.340576172 0.119140625
v -0.130645752 0.093322754 -0.023374544
vt 0.358398438 0.108398438
vn 0.812941253 -0.315705270 0.489343137
vt 0.352783203 0.098876953
v -0.166275024 0.111785889 0.020191209
vt 0.329589844 0.122070312
vn 0.481076270 -0.047318906 0.875400782
v -0.135787964 0.053771973 -0.024244294
vt 0.345947266 0.092529297
vn 0.597962141 -0.416999757 0.684509039
vt 0.345703125 0.088378906
v -0.163421631 0.077117920 0.011551875
vt 0.326660156 0.107666016
vn 0.685209513 -0.267782927 0.677333295
v -0.184127793 0.087402344 0.036159534
vt 0.313720703 0.114746094
vn 0.244390294 0.000000053 0.969677031
v -0.175979629 0.072357178 -0.094642617
vt 0.215087891 0.613525391
vn -0.039295975 0.047154963 -0.998114347
v -0.168518081 0.084991455 -0.092842087
vt 0.207031250 0.608886719
vn 0.149922550 0.142031968 -0.978442788
v -0.160552993 0.097442627 -0.088706955
vt 0.199951172 0.603027344
vn 0.118033297 -0.055082306 -0.991480768
vt 0.177001953 0.602294922
v -0.177078262 0.096405029 -0.091560349
vt 0.198242188 0.612792969
vn -0.094856620 0.173903510 -0.980183661
v -0.177688614 0.098266602 -0.091102585
vt 0.196533203 0.613037109
vn -0.672089100 0.086976171 -0.735344410
v -0.185699478 0.058929443 -0.093383767
vt 0.224121094 0.620605469
vn -0.275377303 -0.180962235 -0.944150388
v -0.193099990 0.065338135 -0.089340188
vt 0.220214844 0.625000000
vn -0.307305902 -0.441259682 -0.843121052
v -0.187454224 0.042083740 -0.082916237
vt 0.234863281 0.625976562
vn -0.826361954 -0.251843661 -0.503687084
v -0.188522339 0.054992676 -0.089660622
vt 0.226562500 0.623535156
vn -0.780108213 -0.409753829 -0.472792715
v -0.195343018 0.040771484 -0.066604592
vt 0.237060547 0.637939453
vn -0.922863424 -0.220856249 -0.315508723
v -0.200225830 0.056488037 -0.066329926
vt 0.228271484 0.640380859
vn -0.860565066 -0.481600672 -0.165796801
v -0.198944092 0.057830811 -0.051559426
vt 0.231445312 0.649902344
vn -0.959589362 -0.125847831 -0.251695424
v -0.202789307 0.063171387 -0.079872102
vt 0.221679688 0.634521484
vn -0.613413095 -0.762834251 -0.204470932
v -0.206069946 0.064666748 -0.052806832
vt 0.225830078 0.652343750
vn -0.781030178 -0.623246372 -0.039445840
v -0.207595825 0.069061279 -0.056926705
vt 0.221923828 0.652343750
vn -0.926038682 -0.376693726 0.023543494
v -0.209869385 0.066925049 -0.037914254
vt 0.227539062 0.661621094
vn -0.971490085 -0.236948848 -0.007898156
v -0.212890625 0.065582275 -0.081283540
vt 0.217041016 0.638427734
vn -0.741722703 -0.536565423 -0.402423918
v -0.189071670 0.074127197 -0.091926560
vt 0.213134766 0.620117188
vn 0.031464737 -0.031464912 -0.999009490
v -0.203918472 0.075073242 -0.095664956
vt 0.211669922 0.627929688
vn -0.596009791 -0.172529191 -0.784223258
v -0.185028091 0.087524414 -0.089401230
vt 0.202880859 0.617675781
vn -0.047034733 0.517380536 -0.854461908
v -0.199752823 0.088165283 -0.096549965
vt 0.205810547 0.625732422
vn 0.172613949 0.502149999 -0.847378194
v -0.193420410 0.099212646 -0.075927719
vt 0.193359375 0.626953125
vn -0.353172213 0.714192450 -0.604316652
v -0.207077041 0.099090576 -0.084899880
vt 0.200195312 0.632324219
vn -0.638488472 0.646371007 -0.417776346
v -0.208755493 0.080963135 -0.081733681
vt 0.208984375 0.635498047
vn -0.871802509 0.102102920 -0.479098529
v -0.214004517 0.092315674 -0.073783852
vt 0.203125000 0.638916016
vn -0.906946898 0.260254264 -0.331232637
v -0.208801270 0.094268799 -0.066940285
vt 0.195068359 0.639648438
vn -0.614726186 0.788110435 -0.031524368
v -0.218658447 0.075073242 -0.068595864
vt 0.208251953 0.645019531
vn -0.969074965 0.070907861 -0.236359596
v -0.212722778 0.069274902 -0.060165379
vt 0.214843750 0.649902344
vn -0.433662742 -0.898864746 0.063078322
v -0.211044312 0.099731445 -0.058597542
vt 0.190429688 0.643554688
vn -0.849341214 0.440399081 -0.290977895
v -0.203033447 0.115173340 -0.057811715
vt 0.181396484 0.637451172
vn -0.810923219 0.236191168 -0.535366595
v -0.196929932 0.144561768 -0.060306530
vt 0.165039062 0.631103516
vn -0.849472582 0.094385773 -0.519121945
vt 0.161376953 0.598876953
v -0.206192017 0.115661621 -0.040183999
vt 0.177978516 0.649169922
vn -0.944384336 0.306924880 -0.118047930
v -0.195053115 0.162017822 -0.061607342
vt 0.154052734 0.628906250
vn -0.872610331 0.031445354 -0.487403810
vt 0.144775391 0.594726562
v -0.198989868 0.151275635 -0.039802533
vt 0.158447266 0.643554688
vn -0.979827344 0.180288181 -0.086224690
v -0.204833984 0.120849609 -0.025594691
vt 0.173339844 0.657958984
vn -0.967754304 0.251773447 0.007868037
v -0.196243286 0.168304443 -0.033447247
vt 0.147949219 0.645263672
vn -0.995464504 0.094806105 0.007900639
v -0.218429565 0.093597412 -0.029279685
vt 0.191406250 0.663330078
vn -0.898864746 0.433662772 -0.063078128
v -0.222961426 0.075134277 -0.054908726
vt 0.205810547 0.651611328
vn -0.972005606 0.158049628 -0.173854530
v -0.222091675 0.072875977 -0.037055943
vt 0.207519531 0.659912109
vn -0.306007028 -0.949406624 0.070617102
v -0.225646973 0.077423096 -0.028114293
vt 0.203125000 0.665771484
vn -0.999380589 0.031476509 -0.015738148
v -0.209869385 0.071990967 -0.052024819
vt 0.214843750 0.655273438
vn 0.355378896 -0.908190370 0.221124604
v -0.219512939 0.074707031 -0.018220877
vt 0.207031250 0.670898438
vn 0.164905131 -0.973725259 0.157052487
v -0.205062866 0.078399658 -0.045604683
vt 0.218017578 0.658691406
vn -0.613413036 -0.762834251 0.204471126
v -0.209945679 0.079010010 -0.027120566
vt 0.214355469 0.667480469
vn 0.482217252 -0.861666799 0.158103973
v -0.206893921 0.079376221 -0.015848136
vt 0.221191406 0.671386719
vn -0.952696860 0.244079337 0.181091249
v -0.213745117 0.077026367 -0.011812186
vt 0.208984375 0.675781250
vn 0.541747510 -0.832249761 0.117771156
v -0.219146729 0.076202393 -0.012369131
vt 0.205566406 0.674560547
vn -0.566314995 -0.755086780 0.330350518
v -0.207839966 0.083221436 -0.014533020
vt 0.216064453 0.675048828
vn 0.424290329 -0.872152209 0.243574023
v -0.224380493 0.081237793 -0.015939686
vt 0.200927734 0.672363281
vn -0.987440705 0.126392365 0.094794430
v -0.213058472 0.081359863 0.006640935
vt 0.203613281 0.686279297
vn -0.070971742 -0.946291029 0.315430373
v -0.222213745 0.085693359 -0.002723192
vt 0.198242188 0.680175781
vn -0.987286627 0.071084596 0.142169401
v -0.198837280 0.081390381 -0.012248971
vt 0.218261719 0.679931641
vn -0.338824213 -0.756445110 0.559454262
v -0.204147339 0.087738037 0.001114033
vt 0.211425781 0.686279297
vn 0.015745638 -0.999845147 0.007872839
v -0.191482544 0.075469971 -0.006682851
vt 0.218750000 0.686523438
vn -0.244763091 0.773767352 0.584273338
v -0.206741333 0.083435059 0.016239190
vt 0.203125000 0.692871094
vn -0.268057346 -0.898780823 0.346897960
v -0.218917847 0.094390869 0.019432092
vt 0.192626953 0.692871094
vn -0.758899093 -0.355733991 0.545458913
v -0.208450317 0.073516846 -0.010763145
vt 0.224121094 0.676757812
vn -0.354418606 0.787596881 0.504061997
v -0.215484619 0.101135254 0.015588783
vt 0.188476562 0.688720703
vn -0.708310246 0.605998695 0.362025291
v -0.203094482 0.091705322 0.027938865
vt 0.187255859 0.701904297
vn -0.369232595 0.274960518 0.887729764
v -0.204864502 0.120849609 0.001482865
vt 0.171875000 0.675781250
vn -0.829010546 0.481615603 0.284232259
v -0.181610107 0.112976074 0.017278690
vt 0.168701172 0.692138672
vn -0.370999873 0.284170181 0.884085119
vt 0.181396484 0.710937500
v -0.201156616 0.134674072 0.004567166
vt 0.162597656 0.674560547
vn -0.867865264 0.086786523 0.489160568
v -0.196975708 0.160766602 0.008736629
vt 0.146484375 0.672363281
vn -0.909780562 0.055377930 0.411379188
vt 0.164550781 0.699218750
v -0.169845581 0.143402100 0.021780029
vt 0.149414062 0.693115234
vn -0.276612729 -0.094838671 0.956290305
vt 0.144287109 0.699707031
vt 0.123291016 0.703125000
v -0.179183960 0.153747559 0.020603197
vt 0.147460938 0.686523438
vn -0.403568804 -0.094957374 0.910008430
v -0.174530029 0.189453125 0.027456297
vt 0.133544922 0.683593750
vn -0.464768559 -0.354484618 0.811375856
vt 0.120361328 0.703125000
v -0.175674438 0.205688477 0.047615062
vt 0.115478516 0.694824219
vn -0.408941954 -0.715648592 0.566227555
v -0.192916870 0.201843262 0.019437807
vt 0.123291016 0.673828125
vn -0.958996236 -0.157212541 0.235818893
v -0.195373535 0.198730469 -0.025291426
vt 0.130126953 0.647216797
vn -0.992218256 -0.102371760 0.070872858
v -0.195953384 0.178527832 -0.060581189
vt 0.144287109 0.630126953
vn -0.970673025 -0.094699860 -0.220966071
v -0.203094497 0.227691650 -0.062198624
vt 0.116699219 0.629150391
vn -0.964073002 -0.102729134 -0.244969249
v -0.179306045 0.190216064 -0.082336411
vt 0.138427734 0.615234375
vn -0.762174666 -0.062859818 -0.644312441
v -0.164398208 0.201843262 -0.100975022
vt 0.135498047 0.600830078
vn -0.737805486 -0.000000062 -0.675013363
vt 0.133300781 0.594238281
v -0.185226455 0.220764160 -0.079475388
vt 0.124023438 0.609619141
vn -0.714897454 -0.007856077 -0.699185193
v -0.173751846 0.227630615 -0.090332016
vt 0.122314453 0.599609375
vn -0.678703070 0.110486470 -0.726054311
vt 0.907226562 0.287841797
vt 0.913574219 0.283935547
vt 0.910644531 0.294433594
vt 0.902343750 0.296142578
v -0.161743164 0.060882568 -0.008354168
vt 0.901123047 0.313964844
vn 0.149569333 -0.787206411 0.598276913
vt 0.896240234 0.312500000
vt 0.902099609 0.333984375
v -0.167327881 0.064666748 -0.008662205
vt 0.898681641 0.316162109
vn 0.031445514 -0.872610271 0.487403959
v -0.169891357 0.063507080 -0.003064136
vt 0.897949219 0.320800781
vn 0.934894621 0.164981440 -0.314250439
vt 0.894531250 0.323486328
v -0.167541504 0.065979004 0.005239982
vt 0.898193359 0.328369141
vn 0.857099533 -0.110086106 0.503250957
vt 0.887939453 0.333740234
v -0.174301147 0.067596436 0.014605542
vt 0.889892578 0.339355469
vn 0.000000072 0.645589292 0.763684809
vt 0.879150391 0.333251953
v -0.180404663 0.073272705 0.023393651
vt 0.901123047 0.348144531
vn 0.141561344 -0.692077100 0.707806230
vt 0.915039062 0.357910156
v -0.197647095 0.081787109 0.021291755
vt 0.905273438 0.363281250
vn -0.330493540 -0.936398566 0.118033521
vt 0.912353516 0.371582031
vt 0.913330078 0.386230469
vt 0.903320312 0.369628906
vt 0.883789062 0.368896484
v -0.185501099 0.076110840 0.020589849
vt 0.899658203 0.352294922
vn -0.630058110 -0.622182310 -0.464667708
v -0.179885864 0.083892822 0.007697125
vt 0.886230469 0.358642578
vn -0.322824597 -0.944852650 -0.055116318
vt 0.866210938 0.355224609
v -0.172836304 0.078063965 -0.000155683
vt 0.882080078 0.353515625
vn -0.850604713 -0.504062116 0.149643555
vt 0.866943359 0.347900391
vt 0.857421875 0.344970703
v -0.170257568 0.063659668 -0.003129940
vt 0.883056641 0.345947266
vn -0.780957401 0.552191973 -0.291872889
v -0.177291870 0.072174072 0.000781019
vt 0.878417969 0.345214844
vn 0.451330394 0.673036456 0.585937619
v -0.167495728 0.065063477 -0.008470517
vt 0.881591797 0.347167969
vn 0.362970829 -0.126250625 0.923207998
v -0.208557129 0.032928467 -0.048683144
vt 0.246826172 0.649169922
vn -0.654497743 0.378504574 -0.654497564
v -0.208786011 0.022216797 -0.049007390
vt 0.253662109 0.646972656
vn -0.734175026 0.007894292 -0.678914368
v -0.217117310 0.000305176 -0.044868439
vt 0.267333984 0.649658203
vn -0.439367831 -0.808122933 -0.392292589
vt 0.283447266 0.650146484
v -0.217178345 0.020660400 -0.046333283
vt 0.257080078 0.651855469
vn -0.804422438 0.055205397 -0.591486990
v -0.240478516 0.000030518 -0.006813495
vt 0.275878906 0.673095703
vn -0.637065053 -0.676390052 -0.369654924
v -0.248184189 0.000030518 0.011477502
vt 0.281982422 0.684082031
vn -0.172992527 -0.982912242 -0.062906317
v -0.241088867 0.022186279 -0.007745236
vt 0.263427734 0.676269531
vn -0.900321245 0.086873047 -0.426467836
v -0.253662109 0.023101807 0.024601014
vt 0.266845703 0.695312500
vn -0.935501158 0.188672438 -0.298731327
v -0.205398560 0.036254883 -0.046672799
vt 0.243408203 0.650390625
vn -0.738579452 0.400718570 -0.542148590
v -0.215759277 0.046051025 -0.039813969
vt 0.245117188 0.658447266
vn -0.588801622 0.392534256 -0.706561744
v -0.211486816 0.070953369 -0.013700461
vt 0.233642578 0.673095703
vn -0.582623124 0.472396970 -0.661355734
v -0.237060547 0.034179688 -0.011919946
vt 0.253906250 0.674316406
vn -0.882081270 0.291401774 -0.370158970
v -0.240036011 0.038452148 0.009287864
vt 0.256347656 0.687500000
vn -0.857815921 0.464322299 -0.220356271
v -0.244659409 0.036743164 0.031158477
vt 0.252929688 0.700195312
vn -0.387366861 0.853788257 0.347839713
v -0.221176147 0.060668945 -0.025941823
vt 0.240966797 0.669433594
vn -0.695527375 0.458415598 -0.553260148
v -0.232666016 0.050476074 0.010836629
vt 0.249267578 0.689208984
vn -0.423376441 0.831072271 0.360654026
v -0.219894409 0.071075439 -0.013865446
vt 0.238281250 0.677490234
vn -0.806355715 0.585003078 -0.086959846
vt 0.235107422 0.706542969
v -0.207397461 0.065399170 -0.026020026
vt 0.228515625 0.670410156
vn -0.535366714 0.826669157 -0.173206836
vt 0.693847656 0.954345703
vt 0.677978516 0.886474609
vt 0.713134766 0.909912109
vt 0.681884766 0.957763672
v -0.238265976 0.000000000 0.068557769
vt 0.666015625 0.922851562
vn -0.031418189 -0.997529209 0.062836535
v -0.204635605 0.000213623 0.081405669
vt 0.669921875 0.944580078
vn 0.314337730 -0.762268782 0.565807700
v -0.193542466 0.016906738 0.066284202
vt 0.661621094 0.951171875
vt 0.652587891 0.958007812
vt 0.646972656 0.948730469
v -0.206344590 0.005249023 0.080673248
vt 0.666748047 0.941894531
vn -0.039466728 0.157867447 0.986671269
v -0.204498276 0.026885986 0.076469451
vt 0.654785156 0.940673828
vn -0.181327268 0.646471441 0.741076946
vt 0.633789062 0.954589844
vt 0.631347656 0.912597656
vt 0.645263672 0.906005859
v -0.240707383 0.002746582 0.068275481
vt 0.664062500 0.923583984
vn -0.424670517 0.173013985 0.888662636
v -0.258148193 0.000030518 0.042789493
vt 0.665283203 0.904296875
vn -0.817252517 -0.573648512 -0.055007249
vt 0.653808594 0.898437500
v -0.247848496 0.001434326 0.057777438
vt 0.664794922 0.914062500
vn -0.823105514 0.062712789 0.564415276
v -0.240951523 0.021301270 0.063644439
vt 0.656982422 0.919677734
vn -0.520136654 0.567421854 0.638349652
v -0.257751465 0.018554688 0.039695773
vt 0.656494141 0.905273438
vn -0.907709301 0.118396856 0.402549475
v -0.257537842 0.022369385 0.038669620
vt 0.654541016 0.904785156
vn -0.833226383 0.534522414 -0.141491175
v -0.253601074 0.027801514 0.041729007
vt 0.652587891 0.907226562
vn -0.619422138 0.650785267 0.439084113
vt 0.418945312 0.570068359
vt 0.412597656 0.552978516
vt 0.419921875 0.540039062
v -0.202560440 0.249954209 -0.060157761
vt 0.406005859 0.577392578
vn -0.845328450 0.213307127 -0.489816338
vt 0.401367188 0.547363281
vt 0.390869141 0.536132812
vt 0.398437500 0.525878906
v -0.172439590 0.252944946 -0.085578911
vt 0.388427734 0.558593750
vn -0.629316926 0.283192486 -0.723714232
v -0.154602066 0.254348755 -0.099906914
vt 0.379882812 0.547119141
vn -0.015687980 0.337288588 -0.941270590
vt 0.366455078 0.519775391
v -0.108352676 0.246917725 -0.092277527
vt 0.355712891 0.531982422
vn 0.346703887 0.338824332 -0.874639690
v -0.153091446 0.279281616 -0.088256828
vt 0.373046875 0.563232422
vn 0.015807321 0.774564445 -0.632297516
v -0.107185379 0.269180298 -0.081504822
vt 0.354980469 0.553222656
vn 0.393505603 0.857842445 -0.330544859
v -0.155303970 0.273147583 -0.059986107
vt 0.367919922 0.583984375
vn 0.173335820 0.984862804 -0.000000066
v -0.117744461 0.265304565 -0.061447140
vt 0.354492188 0.568847656
vn 0.329840571 0.903135180 -0.274867266
v -0.174667373 0.280426025 -0.069404595
vt 0.380615234 0.579345703
vn -0.377251834 0.801659942 -0.463705212
v -0.119499221 0.276992798 -0.056957241
vt 0.352783203 0.575439453
vn 0.157955885 -0.126364857 -0.979327261
v -0.177886978 0.274490356 -0.037490834
vt 0.382324219 0.602050781
vn -0.078458570 0.996423304 -0.031383444
v -0.154647842 0.279724121 -0.058303826
vt 0.366210938 0.589111328
vn -0.385206431 -0.361622334 -0.849026203
v -0.147552505 0.281478882 -0.060920708
vt 0.361328125 0.588378906
vn -0.063219994 -0.142244756 -0.987810552
v -0.117774978 0.278320312 -0.064002991
vt 0.349853516 0.577880859
vn 0.212651089 -0.346542716 -0.913612485
v -0.117256179 0.294281006 -0.061824799
vt 0.344726562 0.583984375
vn 0.188323513 0.251098156 -0.949465096
v -0.196395889 0.281326294 -0.049781784
vt 0.392578125 0.593261719
vn -0.669270635 0.732260764 -0.125980288
v -0.134185806 0.298934937 -0.059738155
vt 0.347656250 0.590820312
vn -0.165642247 -0.126203582 -0.978077412
v -0.124725357 0.299560547 -0.062835693
vt 0.344726562 0.588134766
vn 0.039398074 -0.323065102 -0.945556402
v -0.152587906 0.305618286 -0.062366482
vt 0.339355469 0.599365234
vn -0.204680115 -0.188935459 -0.960421562
v -0.120178238 0.324005127 -0.067031860
vt 0.326171875 0.590332031
vn 0.062990054 -0.165349245 -0.984221458
v -0.117790237 0.353408813 -0.071701050
vt 0.307617188 0.595214844
vn -0.165493041 -0.047283739 -0.985076845
v -0.150192276 0.351196289 -0.063179009
vt 0.310546875 0.609863281
vn -0.541747570 0.117771134 -0.832249701
v -0.163833633 0.312103271 -0.059761040
vt 0.335937500 0.606445312
vn -0.714897454 0.007855952 -0.699185193
v -0.175079361 0.354248047 -0.035030358
vt 0.318603516 0.630126953
vn -0.803448617 0.259939194 -0.535632253
v -0.158157364 0.309036255 -0.049713127
vt 0.342773438 0.605957031
vn -0.693623364 -0.662095070 -0.283754885
v -0.150924698 0.296829224 -0.060455319
vt 0.353759766 0.595947266
vn -0.070897050 0.417504042 -0.905905068
v -0.186203018 0.328002930 -0.031932820
vt 0.334716797 0.626708984
vn -0.879493833 -0.290547103 -0.376925766
v -0.194458023 0.334075928 -0.006018628
vt 0.337890625 0.641113281
vn -0.987687230 0.110620916 -0.110620849
v -0.182113662 0.368942261 -0.003058903
vt 0.314697266 0.650634766
vn -0.946791708 0.315597177 -0.063119330
v -0.180679336 0.325805664 -0.013222686
vt 0.346679688 0.635253906
vn -0.679868460 -0.719395757 -0.142297924
v -0.191528320 0.321014404 0.032978069
vt 0.352294922 0.661132812
vn -0.891063094 -0.449474335 -0.063083969
v -0.170379654 0.317871094 -0.031585686
vt 0.342529297 0.618896484
vn -0.844196320 -0.394484282 -0.362925351
v -0.160675064 0.301803589 -0.048896782
vt 0.347900391 0.604980469
v -0.179672241 0.316543579 0.015200624
vt 0.357666016 0.647460938
vn -0.921660006 0.385994345 0.039387282
v -0.178985596 0.313201904 0.025218973
vt 0.362548828 0.650878906
vn -0.945233643 0.110277236 0.307201058
v -0.181243911 0.319625854 -0.017185202
vt 0.349121094 0.630615234
vn -0.457958251 0.868541420 -0.189499930
v -0.173507705 0.309875488 -0.031948082
vt 0.346923828 0.616455078
vn 0.031589132 0.892395735 -0.450146556
v -0.173873916 0.302520752 -0.055885307
vt 0.356933594 0.604980469
vn -0.306205243 0.549598873 -0.777289867
v -0.197647110 0.315979004 -0.031471241
vt 0.357666016 0.621582031
vn -0.338404447 0.794856787 -0.503671646
v -0.195953384 0.313842773 -0.018501271
vt 0.361328125 0.627197266
vn -0.958581686 0.259288460 0.117858522
v -0.194046021 0.310089111 0.004800331
vt 0.366455078 0.638183594
vn -0.933742642 0.321709633 0.156931639
v -0.191864014 0.305664062 0.026680006
vt 0.373291016 0.647216797
vn -0.900124669 -0.300041616 0.315833360
v -0.190658584 0.299453735 -0.036426533
vt 0.366210938 0.614746094
vn -0.854215622 -0.284738541 -0.435017049
v -0.174514785 0.287597656 -0.051574700
vt 0.369384766 0.602539062
vn -0.671020150 -0.236830711 -0.702597499
v -0.189254776 0.297653198 -0.020174015
vt 0.372070312 0.621826172
vn -0.931446731 -0.363106400 -0.023680713
v -0.180572525 0.282867432 -0.042789448
vt 0.376708984 0.605468750
vn -0.825212657 -0.479409307 -0.298648238
v -0.159454361 0.285491943 -0.061496723
vt 0.364746094 0.594238281
vn -0.347189486 -0.236720100 -0.907426715
v -0.179687500 0.273162842 -0.017894734
vt 0.388671875 0.615234375
vn -0.959767520 -0.275343150 -0.055068489
v -0.178680420 0.269699097 0.003138792
vt 0.392333984 0.627929688
vn -0.901662648 -0.399867833 0.164651573
v -0.175170898 0.282394409 0.022010813
vt 0.390136719 0.638183594
vn -0.883232415 -0.315440148 0.346984297
v -0.169418335 0.264831543 0.015829097
vt 0.398437500 0.634521484
vn -0.582604885 -0.637716234 0.503874660
v -0.181335464 0.272338867 -0.027063359
vt 0.387939453 0.608886719
vn 0.109909594 0.965634465 0.235520542
v -0.179229736 0.265441895 -0.000914503
vt 0.396240234 0.624023438
vn 0.054978538 0.950343311 0.306308955
v -0.165954590 0.257766724 0.016323101
vt 0.405517578 0.632812500
vn 0.015728567 0.872934043 0.487584770
v -0.147811890 0.258880615 0.027973182
vt 0.402343750 0.640380859
vn -0.347329855 -0.663084447 0.663084507
v -0.155929565 0.279159546 0.046321880
vt 0.395751953 0.644287109
vn -0.322784513 -0.488113344 0.810898066
v -0.142974854 0.251739502 0.022916801
vt 0.404052734 0.641357422
vn 0.078635536 -0.110089518 0.990806103
v -0.146347046 0.248443604 0.036186226
vt 0.408935547 0.643066406
vn 0.314804405 0.755530834 -0.574518383
v -0.195388794 0.261245728 0.024597183
vt 0.419921875 0.630615234
vn 0.007867814 0.849735379 -0.527150691
v -0.197662354 0.273345947 -0.016592013
vt 0.402099609 0.610107422
vn -0.235578701 0.950167358 0.204168171
v -0.198730469 0.264526367 0.016664520
vt 0.417480469 0.625488281
vn -0.204496324 0.943829238 0.259553045
v -0.198867798 0.269790649 0.001407637
vt 0.409179688 0.618408203
vn -0.708134830 0.684530199 0.173099682
v -0.200195312 0.261108398 -0.020179734
vt 0.409179688 0.605712891
vn -0.989827394 0.141403854 0.015711671
v -0.200515747 0.250274658 0.004403129
vt 0.422119141 0.615722656
vn -0.996392667 -0.070610546 0.047073804
v -0.201995850 0.258834839 0.029468551
vt 0.425048828 0.630615234
vn -0.995464385 0.063204043 0.071104720
v -0.194915771 0.250457764 0.045814529
vt 0.432128906 0.640136719
vn -0.966319680 0.219975159 0.133556485
v -0.202148452 0.241119385 -0.030183777
vt 0.418212891 0.593505859
vn -0.995993078 -0.063237697 0.063237786
vt 0.445068359 0.588623047
v -0.199127197 0.238952637 0.064163230
vt 0.446533203 0.644775391
vn -0.911494553 -0.282877654 0.298593193
v -0.196640015 0.229034424 0.017980590
vt 0.439208984 0.619140625
vn -0.988366246 -0.150231704 0.023720926
vt 0.455566406 0.615722656
v -0.194656372 0.214752197 0.039157882
vt 0.453857422 0.627929688
vn -0.817580700 -0.487403959 0.306592941
v -0.175018311 0.215393066 0.059146892
vt 0.466796875 0.639892578
vn -0.410161376 -0.694119453 0.591579199
v -0.178146362 0.229187012 0.073371902
vt 0.462158203 0.649902344
vn -0.379425764 -0.316188246 0.869517744
v -0.150054917 0.226348877 0.081367508
vt 0.479736328 0.658691406
vn 0.015788838 -0.623653948 0.781541109
vt 0.468261719 0.630126953
vt 0.469482422 0.619873047
v -0.150619507 0.212249756 0.064979568
vt 0.481689453 0.649902344
vn 0.386198193 -0.701461852 0.599001110
v -0.133026123 0.237548828 0.072837837
vt 0.490234375 0.660644531
vn 0.682820559 -0.463062078 0.565092623
vt 0.486816406 0.637207031
v -0.114395142 0.238037109 0.048866276
vt 0.510498047 0.656250000
vn 0.733102143 -0.488734692 0.472969055
vt 0.509033203 0.648193359
vt 0.860351562 0.694580078
vt 0.843261719 0.704345703
vt 0.856201172 0.685302734
vt 0.866455078 0.708496094
v -0.074913040 0.260406494 -0.058959961
vt 0.851806641 0.721679688
vn 0.803623080 0.590899467 -0.070908047
vt 0.822509766 0.730468750
v -0.096847542 0.259841919 -0.046783447
vt 0.862792969 0.730468750
vn 0.455733210 0.887894094 0.062859662
vt 0.872558594 0.718261719
v -0.072525024 0.246307373 0.002117394
vt 0.833496094 0.748291016
vn 0.812410057 0.504798532 0.291836470
v -0.098884590 0.271697998 -0.042736053
vt 0.868896484 0.734375000
vn 0.606111288 -0.495909303 -0.621854603
vt 0.877929688 0.721435547
vt 0.826171875 0.745117188
vt 0.881591797 0.722412109
vt 0.816894531 0.753417969
vt 0.816650391 0.745117188
v -0.090271004 0.250793457 -0.006575107
vt 0.846435547 0.750976562
vn 0.370354384 0.898306370 0.236396328
v -0.094589233 0.243896484 0.024091722
vt 0.829101562 0.760986328
vn 0.627436578 0.345090151 0.698023081
vt 0.812500000 0.758544922
v -0.106079102 0.249847412 0.009452823
vt 0.842529297 0.763183594
vn 0.323638320 0.852510631 0.410467982
v -0.093391426 0.265060425 -0.008669853
vt 0.854980469 0.753906250
vn 0.905905128 -0.401749164 0.133916289
v -0.115524292 0.241912842 0.043418888
vt 0.826660156 0.771972656
vn 0.560866356 0.616163015 0.552966714
vt 0.812500000 0.769042969
vt 0.805175781 0.756835938
vt 0.822265625 0.775390625
v -0.120239258 0.249908447 0.018505100
vt 0.839599609 0.771484375
vn 0.339457363 -0.047366071 0.939428091
v -0.110252380 0.257034302 0.012220385
vt 0.845458984 0.767333984
vn 0.723960817 -0.582316220 0.369849443
v -0.108741760 0.258148193 0.024953846
vt 0.845458984 0.775146484
vn 0.684509158 -0.597961962 0.416999757
v -0.098899841 0.264572144 0.011341096
vt 0.853271484 0.767089844
vn 0.631332040 -0.662898600 0.402474105
v -0.103408813 0.279327393 0.031108856
vt 0.857666016 0.781250000
vn 0.914719701 -0.118282668 0.386390090
v -0.085334785 0.263931274 0.000206976
vt 0.859130859 0.759765625
vn 0.722441375 -0.691030800 0.023557803
v -0.084175117 0.273071289 0.007761001
vt 0.862792969 0.765869141
vn 0.640301287 -0.308293104 0.703540802
v -0.095329285 0.277359009 0.015084266
vt 0.861572266 0.773193359
vn 0.722174287 0.321838558 0.612277985
v -0.082603462 0.279129028 0.002780912
vt 0.867187500 0.765136719
vn 0.987317383 0.157970831 0.015796941
v -0.088974006 0.268051147 -0.034008026
vt 0.868652344 0.743408203
vn 0.762598455 -0.621085286 -0.180822387
v -0.107955933 0.281631470 0.025815966
vt 0.862060547 0.781982422
vn 0.744897604 0.580236137 0.329323024
v -0.110572815 0.287872314 0.031234741
vt 0.864013672 0.787841797
vn 0.551608801 -0.772252262 0.315204978
v -0.103996277 0.287109375 0.018695831
vt 0.866455078 0.778564453
vn 0.275215477 -0.927869081 0.251625538
v -0.089523323 0.280990601 -0.000696124
vt 0.871826172 0.766601562
vn 0.786621630 0.511304140 0.346113414
v -0.085449226 0.281585693 -0.023880007
vt 0.875976562 0.752441406
vn 0.958256423 0.267055094 -0.102109425
v -0.089408882 0.271942139 -0.047542572
vt 0.874267578 0.738525391
v -0.089065559 0.284957886 -0.027763369
vt 0.880126953 0.751708984
vn 0.990255177 0.039295878 -0.133605987
v -0.092079177 0.288146973 -0.049564365
vt 0.885009766 0.739746094
vn 0.684254825 0.204489991 -0.699985147
vt 0.891113281 0.725097656
v -0.085601814 0.286270142 -0.001732828
vt 0.875976562 0.767578125
vn 0.292410225 -0.956260383 0.007902982
v -0.089271553 0.289932251 -0.041397098
vt 0.886474609 0.745117188
vn 0.379070818 -0.892395854 -0.244816571
v -0.101257339 0.295181274 -0.047130585
vt 0.890869141 0.737060547
vn 0.314687520 -0.519234598 -0.794586241
vt 0.895751953 0.722412109
v -0.102073684 0.299194336 -0.060482025
vt 0.898925781 0.733642578
vn 0.252446234 -0.394447416 -0.883562207
vt 0.910888672 0.720947266
v -0.089729324 0.330245972 -0.063842773
vt 0.916992188 0.737548828
vn 0.212512687 -0.181029454 -0.960243046
v -0.081657425 0.325515747 -0.057613377
vt 0.913574219 0.743164062
vn 0.534357369 -0.243604153 -0.809394479
v -0.081184402 0.292007446 -0.045742039
vt 0.893310547 0.747314453
vn 0.431987435 -0.494822055 -0.754014671
v -0.068115249 0.314514160 -0.045341499
vt 0.908691406 0.752197266
vn 0.918955266 -0.282755405 -0.274901241
v -0.073333748 0.291412354 -0.036712650
vt 0.893066406 0.753173828
vn 0.733695030 -0.654803038 -0.181451514
v -0.062919624 0.305816650 0.008783335
vt 0.894042969 0.782470703
vn 0.958611369 -0.251439005 0.133576885
vt 0.919433594 0.789550781
vt 0.918457031 0.793945312
vt 0.906494141 0.806884766
v -0.067543037 0.288925171 0.009840962
vt 0.884521484 0.778320312
vn 0.672593892 -0.672593832 0.308601826
v -0.079910278 0.334411621 0.049262997
vt 0.896484375 0.812744141
vn 0.798450232 -0.237163380 0.553381205
vt 0.903564453 0.830322266
vt 0.887695312 0.831542969
v -0.093742371 0.291580200 0.050178524
vt 0.870361328 0.800781250
vn 0.378128767 -0.622336686 0.685358107
v -0.122924805 0.289291382 0.042724609
vt 0.855957031 0.792968750
vn -0.023589754 -0.330258459 0.943595767
v -0.056640640 0.354202271 -0.046539314
vt 0.449951172 0.206298828
vn 0.773767173 -0.244763106 -0.584273398
vt 0.463134766 0.183349609
vt 0.472167969 0.196289062
v -0.084770218 0.345382690 -0.065429695
vt 0.470947266 0.211914062
vn 0.442152649 -0.150016144 -0.884305596
vt 0.477050781 0.203369141
v -0.048118602 0.367889404 -0.016471874
vt 0.427490234 0.200683594
vn 0.943479061 -0.306630671 -0.125797302
vt 0.418945312 0.184082031
vt 0.405517578 0.201171875
vt 0.404541016 0.207275391
vt 0.431884766 0.226562500
vt 0.414550781 0.223388672
v -0.078216568 0.376792908 -0.066207893
vt 0.461425781 0.232421875
vn 0.393249869 -0.165165022 -0.904475033
v -0.105674759 0.351699829 -0.069351196
vt 0.483642578 0.223144531
vn 0.173298091 -0.126035094 -0.976771712
vt 0.493164062 0.209472656
vt 0.494384766 0.227783203
v -0.111030601 0.369506836 -0.073188782
vt 0.485595703 0.236328125
vn -0.031456240 -0.039320178 -0.998731434
v -0.065734886 0.402412415 -0.067619331
vt 0.445556641 0.248291016
vn 0.377812117 -0.228261575 -0.897304118
vt 0.422119141 0.243652344
v -0.100158714 0.406417847 -0.074958801
vt 0.469970703 0.259033203
vn -0.054973576 -0.047120143 -0.997375369
v -0.139953628 0.383010864 -0.065109253
vt 0.505371094 0.252929688
vn -0.557519138 0.149195179 -0.816647530
vt 0.518554688 0.234619141
v -0.136123672 0.394775391 -0.065101624
vt 0.500000000 0.260253906
vn -0.489938915 0.134337991 -0.861343920
v -0.163970962 0.386322021 -0.037128445
vt 0.529541016 0.265625000
vn -0.818872273 0.259834409 -0.511795044
vt 0.543945312 0.246826172
vt 0.558593750 0.266113281
v -0.150848404 0.418518066 -0.040275574
vt 0.512207031 0.284423828
vn -0.782712758 0.268810362 -0.561339259
v -0.173675552 0.393951416 -0.003826613
vt 0.546386719 0.280029297
vn -0.946644366 0.299770683 -0.118330434
v -0.162628189 0.406852722 -0.022062300
vt 0.529541016 0.283935547
vn -0.878843844 0.282485425 -0.384494036
v -0.169250488 0.391784668 0.034145359
vt 0.568359375 0.283691406
vn -0.924013853 0.300107032 0.236926749
v -0.180068970 0.357147217 0.033233650
vt 0.583007812 0.265869141
vn -0.935819209 0.275240898 0.220192865
v -0.168121353 0.413085938 -0.008535381
vt 0.536376953 0.293212891
vn -0.952608287 0.299166203 -0.055109456
v -0.148040786 0.434150696 -0.033355713
vt 0.510009766 0.297119141
vn -0.848947585 0.267261207 -0.455916137
v -0.141204849 0.435356140 -0.045131683
vt 0.500244141 0.293701172
vn -0.763945520 0.220520273 -0.606430769
v -0.156875625 0.447639465 -0.010341644
vt 0.521240234 0.315429688
vn -0.859654665 0.078867331 -0.504751205
v -0.153839126 0.451152802 0.006732464
vt 0.531250000 0.317626953
vn -0.962871253 0.213094413 0.165740237
v -0.159622192 0.422874451 0.031940464
vt 0.556884766 0.302734375
vn -0.895723879 0.322146267 0.306431979
v -0.147674575 0.459922791 0.026536940
vt 0.547851562 0.326416016
vn -0.841841459 0.275368690 0.464193076
vt 0.572998047 0.315429688
vt 0.592773438 0.291748047
v -0.174850464 0.347488403 0.054828651
vt 0.601806641 0.281005859
vn -0.678090811 -0.118271679 0.725399673
v -0.152404800 0.457546234 -0.013703346
vt 0.513671875 0.318603516
vn -0.731445134 0.086514942 -0.676389873
v -0.159545913 0.446151733 -0.021457672
vt 0.521728516 0.324951172
vn 0.878328502 -0.466859192 0.102867201
v -0.137512222 0.469240189 -0.032962803
vt 0.493896484 0.318359375
vn -0.852537215 0.221028104 -0.473631650
v -0.144042984 0.473577499 -0.023923876
vt 0.500000000 0.324707031
vn 0.812106907 -0.583455443 0.007884452
v -0.131851211 0.489349365 -0.034374241
vt 0.486083984 0.329101562
vn 0.899956405 -0.434189469 0.039471671
v -0.127197281 0.481592178 -0.048881538
vt 0.476562500 0.319824219
vn -0.676997602 0.393603116 -0.621892989
v -0.145797744 0.459159851 -0.045154575
vt 0.504394531 0.341308594
vn 0.850710273 -0.456862837 0.259939134
v -0.121650711 0.484149933 -0.032810219
vt 0.473144531 0.329589844
vn -0.324275494 0.640641510 -0.696005642
v -0.124786392 0.503409386 -0.024883276
vt 0.477539062 0.337890625
vn -0.109896198 0.722174108 -0.682925642
v -0.116447471 0.474143982 -0.053363807
vt 0.467285156 0.314697266
vn -0.528707743 0.623401523 -0.576054513
v -0.108764671 0.501235485 -0.038391121
vt 0.459228516 0.332519531
vn -0.668773353 0.472075164 -0.574358165
v -0.115364097 0.463489532 -0.066070564
vt 0.468017578 0.302734375
vn -0.370884567 0.386666685 -0.844353914
v -0.104827903 0.494683266 -0.054450996
vt 0.452880859 0.322265625
vn -0.511399150 0.558605075 -0.653017163
v -0.128982559 0.478523254 -0.064010628
vt 0.488037109 0.354248047
vn 0.842389166 -0.488113284 0.228310972
v -0.118782066 0.512705803 -0.031749733
vt 0.476074219 0.343261719
vn 0.842050076 -0.495786428 0.212479830
v -0.149108902 0.441543579 -0.063835144
vt 0.509765625 0.357666016
vn 0.874097168 -0.464610130 0.141745359
v -0.110031150 0.473323822 -0.061710365
vt 0.457031250 0.311767578
vn -0.509510279 0.101901963 -0.854409277
v -0.110626243 0.463775635 -0.055599220
vt 0.461425781 0.306152344
vn -0.133775488 0.173121005 -0.975773156
v -0.093704246 0.484283447 -0.064903267
vt 0.444091797 0.312500000
vn -0.220301896 0.322584689 -0.920546651
v -0.093330406 0.491886139 -0.054676067
vt 0.443847656 0.319335938
vn -0.314639062 0.542752087 -0.778731287
v -0.079544090 0.489850044 -0.065315261
vt 0.433105469 0.312011719
vn -0.346532047 0.244147420 -0.905708313
v -0.083045982 0.498069644 -0.062366497
vt 0.433593750 0.316894531
vn -0.630527616 0.133987024 -0.764514506
v -0.071426414 0.471246719 -0.069557205
vt 0.430419922 0.300292969
vn -0.259056836 -0.023550667 -0.965575039
v -0.092918418 0.466476440 -0.066719063
vt 0.446533203 0.301757812
vn -0.282147020 -0.078374207 -0.956164539
v -0.072189353 0.501161575 -0.067985550
vt 0.424560547 0.313964844
vn -0.830740511 0.015674287 -0.556439221
v -0.090194725 0.442245483 -0.065444954
vt 0.448974609 0.285888672
vn 0.361711591 0.597610593 -0.715560138
v -0.085304283 0.451404572 -0.065696724
vt 0.443115234 0.290527344
vn 0.015759636 -0.118198253 -0.992864966
v -0.072029136 0.469066620 -0.074623123
vt 0.426269531 0.300048828
vn -0.880118072 -0.227887750 0.416484594
v -0.073844932 0.506486416 -0.073875442
vt 0.419921875 0.315673828
vn -0.911494553 0.047146250 0.408601135
v -0.081748992 0.506649017 -0.087615982
vt 0.411376953 0.315429688
vn -0.992372096 -0.055131823 0.110263690
vt 0.401611328 0.311035156
vt 0.415527344 0.300537109
vt 0.397460938 0.285156250
vt 0.398681641 0.298095703
vt 0.416259766 0.288574219
vt 0.410644531 0.281982422
v -0.066253684 0.462261200 -0.066543594
vt 0.426757812 0.292724609
vn -0.236286536 -0.283543706 -0.929393172
vt 0.421386719 0.274169922
v -0.066619895 0.425849915 -0.062614456
vt 0.434814453 0.270507812
vn 0.259000719 -0.031394072 -0.965366840
vt 0.413818359 0.265869141
vt 0.423095703 0.259521484
v -0.060184501 0.419914246 -0.069717422
vt 0.436767578 0.261230469
vn 0.597481251 0.377356678 -0.707543790
v -0.088783287 0.437408447 -0.077522285
vt 0.454345703 0.278320312
vn 0.054973312 0.133506894 -0.989522040
v -0.120727561 0.435226440 -0.067214973
vt 0.479248047 0.284179688
vn -0.481091231 0.126187772 -0.867541254
v -0.183990479 0.279937744 0.023986828
vt 0.275878906 0.089843750
vn -0.717849553 -0.654742002 0.236653835
vt 0.280273438 0.098388672
vt 0.263916016 0.092041016
v -0.170867920 0.287002563 0.043567665
vt 0.278808594 0.072021484
vn -0.368426263 -0.282198906 0.885791183
vt 0.275878906 0.060302734
v -0.193893433 0.300277710 0.036460888
vt 0.285644531 0.082763672
vn -0.480956435 -0.173459709 0.859414220
v -0.141174316 0.295471191 0.042438511
vt 0.292480469 0.056152344
vn -0.157285273 -0.094371215 0.983033836
v -0.169708252 0.303329468 0.036556251
vt 0.292724609 0.075439453
vn -0.244200379 0.039387207 0.968924642
v -0.136047363 0.276412964 0.047122963
vt 0.281738281 0.048339844
vn -0.023612395 -0.369929671 0.928759634
v -0.194030762 0.301574707 0.033508312
vt 0.286132812 0.084228516
vn -0.205253348 0.544710398 -0.813118517
v -0.170257568 0.303268433 0.033496864
vt 0.294921875 0.076660156
vn -0.651446462 -0.313950151 -0.690690160
vt 0.263427734 0.047851562
vt 0.260742188 0.041992188
vt 0.293945312 0.043701172
v -0.111557007 0.275360107 0.045372013
vt 0.287109375 0.033447266
vn 0.228056937 -0.574073970 0.786402762
v -0.107620239 0.282882690 0.042407993
vt 0.293212891 0.034179688
vn 0.616086185 0.568694830 0.544999182
vt 0.299804688 0.033935547
vt 0.296875000 0.027099609
vt 0.292480469 0.017089844
v -0.179031372 0.293151855 0.029880535
vt 0.290039062 0.087158203
vn 0.204338253 0.526564240 -0.825212777
v -0.160156250 0.286529541 0.033470165
vt 0.300537109 0.086914062
vn -0.329333395 0.188190386 -0.925269604
v -0.167709351 0.296783447 0.026617059
vt 0.292724609 0.103027344
vn -0.588040829 -0.227375835 0.776214123
v -0.162994385 0.276702881 0.025533685
vt 0.295410156 0.091064453
vn 0.047255903 0.582821846 0.811224878
vt 0.951904297 0.511718750
v -0.185287476 0.340927124 0.029600153
vt 0.941894531 0.490966797
vn -0.930056930 0.299509853 0.212809741
vt 0.951660156 0.491455078
vt 0.933837891 0.506835938
vt 0.928466797 0.485839844
vt 0.949951172 0.477050781
vt 0.963134766 0.498779297
v -0.189880371 0.319915771 0.036418926
vt 0.928710938 0.483642578
vn -0.701657951 -0.299584329 0.646471560
vt 0.918701172 0.481689453
vt 0.965332031 0.467041016
vt 0.967041016 0.442626953
v -0.136062622 0.341827393 0.069740295
vt 0.949707031 0.450927734
vn -0.323668420 -0.426295131 0.844695985
vt 0.961669922 0.434326172
v -0.165481567 0.316131592 0.045101173
vt 0.929443359 0.468750000
vn -0.338813692 -0.417607725 0.843094945
v -0.131469727 0.311248779 0.054607395
vt 0.930664062 0.446533203
vn -0.220828593 -0.488977879 0.843881249
vt 0.951416016 0.425781250
vt 0.919433594 0.423339844
vt 0.916015625 0.441894531
vt 0.918701172 0.452636719
vt 0.919433594 0.470947266
vt 0.917968750 0.471191406
v -0.176757812 0.305664062 0.026931772
vt 0.915527344 0.477539062
vn -0.188935250 -0.204679966 0.960421562
vt 0.910644531 0.482910156
vt 0.901855469 0.477539062
vt 0.913574219 0.474121094
vt 0.907226562 0.473388672
vt 0.864990234 0.211181641
vt 0.869140625 0.206542969
v -0.120208740 0.239532471 0.048133854
vt 0.868652344 0.211425781
vn 0.709917128 -0.189311162 0.678364992
v -0.124160759 0.241790771 0.057029728
vt 0.868652344 0.218750000
vn 0.963411510 0.189523637 0.189523444
vt 0.866455078 0.230224609
v -0.116577148 0.247131348 0.046230320
vt 0.872314453 0.207275391
vn 0.417206347 0.377847344 -0.826541185
vt 0.868652344 0.188964844
vt 0.863281250 0.187011719
vt 0.860595703 0.191650391
vt 0.850097656 0.165527344
vt 0.852050781 0.182617188
v -0.128814697 0.254882812 0.061534889
vt 0.877197266 0.218505859
vn 0.905624211 -0.362249643 0.220499694
v -0.114334106 0.257034302 0.056835178
vt 0.883056641 0.210205078
vn 0.568694949 -0.544999242 0.616086066
v -0.112869263 0.263626099 0.055309299
vt 0.887695312 0.208496094
vn 0.449683934 0.370792121 -0.812587023
v -0.150466919 0.274642944 0.047054298
vt 0.897705078 0.194580078
vn 0.298179001 0.423728198 -0.855303288
v -0.137100220 0.284820557 0.057491310
vt 0.907714844 0.201171875
vn 0.315391004 0.449432343 -0.835786581
v -0.119369499 0.267822266 0.067298889
vt 0.887695312 0.218261719
vn 0.576575458 -0.710846364 0.402812898
v -0.107376091 0.277923584 0.071670532
vt 0.896972656 0.218505859
vn 0.828623354 -0.363015860 0.426149040
v -0.113334648 0.264877319 0.069244385
vt 0.888427734 0.221923828
vn 0.780108213 -0.472792774 0.409753710
v -0.108131409 0.283233643 0.067581177
vt 0.900878906 0.216064453
vn 0.592871428 0.418962568 -0.687730968
v -0.114845268 0.305999756 0.077316284
vt 0.918212891 0.218261719
vn 0.455972463 0.471695811 -0.754713297
v -0.111419670 0.302185059 0.090072632
vt 0.916503906 0.225830078
vn 0.834128857 -0.133775309 0.535101354
v -0.122405998 0.272888184 0.083930969
vt 0.895996094 0.231689453
v -0.133056626 0.301620483 0.109291077
vt 0.917724609 0.246582031
vn 0.330903709 0.354539663 0.874531031
v -0.139526352 0.296600342 0.113014221
vt 0.912841797 0.250244141
vn 0.370021522 -0.267674983 0.889625847
v -0.143493637 0.278381348 0.106735237
vt 0.900146484 0.251708984
vn -0.133523270 -0.306318402 0.942518234
v -0.148101792 0.253799438 0.097595222
vt 0.881591797 0.247802734
vn 0.047385462 -0.544931173 0.837140799
v -0.195602417 0.268646240 0.082145698
vt 0.875488281 0.280761719
vn -0.725309312 -0.275932938 0.630703986
v -0.120880120 0.250534058 0.065147400
vt 0.876464844 0.223632812
vn 0.763542950 -0.464422911 0.448679775
v -0.194503784 0.244689941 0.064521797
vt 0.857421875 0.274902344
vn -0.755741417 -0.299147695 0.582550943
v -0.138656616 0.239562988 0.074310310
vt 0.868164062 0.234863281
vn 0.597167850 -0.392873436 0.699314773
vt 0.861083984 0.243164062
v -0.150161743 0.231292725 0.079383865
vt 0.863525391 0.244384766
vn -0.212988228 -0.362869054 0.907172620
vt 0.851074219 0.260009766
vt 0.852050781 0.276123047
vt 0.850341797 0.286376953
vt 0.300781250 0.952148438
vt 0.280761719 0.968017578
vt 0.284179688 0.954345703
v -0.172485352 0.275878906 0.040573131
vt 0.295654297 0.935302734
vn 0.299175382 0.433017135 -0.850288332
vt 0.281005859 0.919433594
v -0.196258545 0.290893555 0.040142071
vt 0.298095703 0.915771484
vn -0.795473039 0.283534855 -0.535565853
vt 0.285888672 0.902587891
vt 0.295898438 0.892089844
vt 0.319091797 0.882568359
v -0.164779663 0.304443359 0.057636268
vt 0.316894531 0.941406250
vn 0.308264166 0.450540066 -0.837846577
vt 0.313476562 0.958984375
v -0.194244385 0.289733887 0.088539131
vt 0.323974609 0.895751953
vn -0.834930420 -0.086643741 0.543492556
vt 0.364013672 0.905761719
vt 0.344238281 0.967529297
v -0.193679810 0.319381714 0.054355633
vt 0.317382812 0.918945312
vn -0.699985147 0.424709946 -0.574144900
v -0.156570420 0.303466797 0.107261665
vt 0.357421875 0.913574219
vn -0.267476052 0.149472013 0.951900661
vt 0.366210938 0.922851562
v -0.191787720 0.313446045 0.096122749
vt 0.338623047 0.912353516
vn -0.323386371 0.339161456 0.883397281
vt 0.365966797 0.932128906
v -0.191528320 0.321975708 0.087509163
vt 0.335937500 0.915527344
vn -0.724769056 0.535698831 0.433285952
v -0.159469604 0.321212769 0.089210518
vt 0.348144531 0.926025391
vn -0.023563622 0.706910551 0.706910431
v -0.189544678 0.331573486 0.063110359
vt 0.327148438 0.922607422
vn -0.661396861 0.669270575 -0.338572115
v -0.184020996 0.337387085 0.071250923
vt 0.331787109 0.925292969
vn -0.243574023 0.872152209 0.424290270
v -0.170684814 0.335052490 0.072853096
vt 0.332763672 0.930664062
vn 0.315971047 0.513453126 -0.797827303
v -0.160003662 0.333099365 0.077247627
vt 0.340820312 0.932617188
vn -0.007872745 0.763661265 0.645569205
v -0.137573242 0.328353882 0.081176758
vt 0.343017578 0.944824219
vn 0.314483166 0.495311141 -0.809794486
v -0.134918213 0.327667236 0.083740234
vt 0.347167969 0.941650391
vn 0.000000058 0.726575077 0.687087119
v -0.122093193 0.324462891 0.084892273
vt 0.348144531 0.948730469
vn 0.637301505 0.692377031 -0.338320702
v -0.117294304 0.316329956 0.094863892
vt 0.353759766 0.949462891
vn 0.561392069 0.577205896 0.593019664
vt 0.354736328 0.959228516
vt 0.993408203 0.099121094
vt 0.998046875 0.084960938
vt 0.999023438 0.098876953
vt 0.535644531 0.938964844
v -0.068428069 0.502996922 -0.115058914
vt 0.543457031 0.929931641
vn -0.424723268 -0.448318928 -0.786524296
vt 0.549804688 0.934082031
vt 0.539794922 0.926025391
vt 0.542724609 0.920166016
v -0.076332122 0.507785797 -0.110954300
vt 0.547363281 0.926513672
vn -0.874422550 -0.409639388 -0.259963304
v -0.077339202 0.517389297 -0.110656753
vt 0.551757812 0.927978516
vn -0.734243691 0.102636136 -0.671082735
v -0.080902129 0.512137413 -0.089523330
vt 0.550048828 0.914306641
vn -0.919437528 -0.392922074 0.015717018
vt 0.546386719 0.914062500
v -0.083519012 0.521739960 -0.092788711
vt 0.555419922 0.917724609
vn -0.962931335 0.094714500 -0.252572000
v -0.074256927 0.535221100 -0.108963028
vt 0.560302734 0.929687500
vn -0.653340936 0.118073590 -0.747799635
vt 0.542236328 0.908447266
vt 0.554931641 0.937500000
vt 0.549072266 0.938476562
vt 0.541259766 0.944580078
vt 0.547607422 0.947998047
vt 0.559082031 0.946777344
vt 0.571533203 0.932128906
v -0.070396446 0.515400887 -0.073761001
vt 0.545166016 0.906738281
vn -0.638567746 -0.670102000 0.378410697
v -0.077331573 0.557136536 -0.089324966
vt 0.574218750 0.921630859
vn -0.832378089 0.518273056 -0.196315497
v -0.061393768 0.557891846 -0.083198562
vt 0.582519531 0.923583984
vn -0.007849512 0.996883690 0.078494735
vt 0.592529297 0.931396484
vt 0.580810547 0.939208984
v -0.058856990 0.553565979 -0.078224197
vt 0.585693359 0.921386719
vn -0.607922196 0.260537982 -0.750033736
vt 0.601318359 0.919921875
vt 0.614746094 0.920898438
vt 0.605712891 0.915771484
v -0.072868377 0.585731506 -0.073967002
vt 0.601806641 0.913330078
vn -0.731332004 -0.243777379 -0.636966407
v -0.082199119 0.556678772 -0.052684799
vt 0.583740234 0.906494141
vn -0.671250343 0.465926558 -0.576485455
v -0.078353912 0.553913116 -0.082206741
vt 0.573730469 0.916992188
vn -0.438935757 0.823004365 -0.360554248
v -0.094261199 0.555580139 -0.073303230
vt 0.571289062 0.906005859
vn -0.094348028 0.684022188 -0.723334014
v -0.089828514 0.558521271 -0.041694656
vt 0.585205078 0.900878906
vn 0.855276942 0.439408392 -0.274630368
v -0.083969146 0.519601822 -0.087028518
vt 0.555908203 0.914306641
vn -0.679083884 0.150030077 -0.718565345
v -0.089469939 0.516063690 -0.083190925
vt 0.553222656 0.909179688
vn -0.573648512 -0.809394419 -0.125731066
v -0.092002898 0.535446167 -0.077377327
vt 0.562011719 0.907958984
vn -0.937822282 -0.015761774 -0.346757710
v -0.093879730 0.552124023 -0.070068367
vt 0.569580078 0.905029297
vn 0.055109456 -0.299166262 -0.952608287
v -0.096214324 0.564514160 -0.076812752
vt 0.573730469 0.904785156
vn 0.150044054 -0.055279467 -0.987132728
v -0.092712425 0.518064499 -0.066482551
vt 0.550781250 0.901123047
vn -0.801066399 -0.565458655 -0.196339667
v -0.097023033 0.520151138 -0.062622085
vt 0.552734375 0.898437500
vn 0.520395279 -0.630782247 -0.575588882
v -0.080650352 0.516664505 -0.061630260
vt 0.544921875 0.898681641
vn -0.648186028 -0.505901217 -0.569138825
v -0.072265647 0.515388489 -0.069107071
vt 0.544677734 0.904541016
vn -0.575088501 -0.787792385 -0.220581770
vt 0.538330078 0.904541016
vt 0.538330078 0.896484375
vt 0.534667969 0.898193359
v -0.093780540 0.503036499 -0.049385082
vt 0.493652344 0.934326172
vn -0.645409346 0.338446230 -0.684763372
vt 0.503662109 0.929443359
vt 0.499267578 0.934570312
vt 0.498291016 0.926757812
vt 0.496826172 0.939208984
v -0.091041587 0.519161224 -0.048999798
vt 0.490234375 0.929199219
vn -0.904475033 -0.039325058 -0.424709886
vt 0.488281250 0.940673828
v -0.105484031 0.515147209 -0.031494148
vt 0.481689453 0.936523438
vn -0.796412170 0.465230763 -0.386378080
vt 0.490722656 0.950195312
vt 0.481201172 0.948974609
v -0.103294395 0.527839661 -0.029975902
vt 0.479003906 0.930419922
vn -0.953880250 0.275915712 -0.118249506
v -0.097473167 0.545436859 -0.030342113
vt 0.477050781 0.920898438
vn -0.992864966 -0.015759809 -0.118198082
v -0.100715652 0.522407532 -0.005578051
vt 0.468017578 0.936279297
vn -0.850789487 0.512049139 0.118165299
v -0.093719497 0.542659760 -0.004448425
vt 0.465087891 0.926269531
vn -0.958966613 0.196509510 0.204370022
v -0.095344566 0.550277710 -0.015892040
vt 0.468994141 0.921142578
vn 0.411186069 -0.909353793 -0.063259408
vt 0.463134766 0.924804688
vt 0.460937500 0.927978516
v -0.113883987 0.507084370 -0.019273765
vt 0.477050781 0.944091797
vn -0.628442466 0.777697504 0.015711108
v -0.117431656 0.504635334 0.004317277
vt 0.465820312 0.949707031
vn -0.472616881 0.874341130 0.110277288
v -0.093650833 0.528776169 0.004546631
vt 0.461181641 0.933593750
vn -0.662816048 0.654925346 0.362970769
v -0.081535354 0.527164459 0.022109972
vt 0.450439453 0.933105469
vn -0.549971879 0.549971938 0.628539443
vt 0.454345703 0.925048828
v -0.106719978 0.501784325 0.029678337
vt 0.452148438 0.951171875
vn -0.314027429 0.824322104 0.471041203
vt 0.443603516 0.923095703
vt 0.487548828 0.950439453
vt 0.480712891 0.954589844
v -0.123916641 0.506165981 -0.006659037
vt 0.471191406 0.951660156
vn 0.976771712 -0.204806924 -0.063017651
v -0.118125930 0.517530441 -0.015199669
vt 0.476806641 0.960449219
vn 0.788281858 -0.614859760 -0.023648532
v -0.118675247 0.509354591 0.022388451
vt 0.459228516 0.956542969
vn 0.941395640 -0.213593945 -0.261059433
v -0.109809890 0.523536682 0.020996084
vt 0.460449219 0.964843750
vn 0.911466539 -0.361443579 -0.196436852
vt 0.470458984 0.967041016
vt 0.460937500 0.967041016
v -0.097953804 0.519578934 0.055713642
vt 0.446044922 0.967773438
vn 0.907426715 -0.236720011 -0.347189486
v -0.109519966 0.509570122 0.041603081
vt 0.449707031 0.958251953
vn 0.815592110 0.486218482 -0.313689470
vt 0.438964844 0.952392578
vt 0.438720703 0.960693359
v -0.076568611 0.506747723 0.041271199
vt 0.439453125 0.941894531
vn -0.244450822 0.504672885 0.827979028
vt 0.427246094 0.939208984
v -0.070014969 0.521726608 0.032623276
vt 0.442626953 0.933349609
vn -0.415958136 0.384565145 0.824068248
v -0.061988842 0.511116982 0.039875016
vt 0.435058594 0.935791016
vn -0.133750394 0.275368720 0.951988995
vt 0.425048828 0.936279297
vt 0.435058594 0.927978516
vt 0.438232422 0.920654297
vt 0.867431641 0.972656250
vt 0.875000000 0.967285156
vt 0.873046875 0.973876953
v -0.096252464 0.518714905 -0.055137645
vt 0.869628906 0.966552734
vn 0.478479326 -0.658889413 0.580450177
vt 0.874267578 0.965820312
v -0.097396873 0.532615662 -0.055515300
vt 0.862548828 0.970214844
vn -0.644014299 -0.251322716 0.722552836
v -0.092597984 0.535991669 -0.045845043
vt 0.859619141 0.972656250
vn -0.914179742 -0.362519592 0.181259915
vt 0.850341797 0.977783203
v -0.098442100 0.537734985 -0.049106609
vt 0.859619141 0.969482422
v -0.102417015 0.540512085 -0.030900966
vt 0.850830078 0.974365234
vn 0.858853698 -0.512160361 0.007879301
vt 0.843994141 0.982666016
vt 0.837890625 0.982910156
vt 0.838134766 0.971435547
v -0.113693260 0.519521713 -0.032547005
vt 0.855712891 0.962158203
vn 0.829450190 -0.552966654 0.078995153
vt 0.848876953 0.962890625
vt 0.856445312 0.958740234
v -0.112556480 0.517560959 -0.041469581
vt 0.863281250 0.958496094
vn 0.731512964 -0.527003825 0.432615072
v -0.111618064 0.507301807 -0.064376839
vt 0.867431641 0.946777344
vn 0.857815921 -0.464322299 0.220356271
vt 0.854492188 0.936767578
v -0.116874717 0.500065565 -0.066200264
vt 0.864746094 0.942626953
vn 0.188515171 -0.125676885 -0.973995626
v -0.107803367 0.514388084 -0.059246071
vt 0.872558594 0.958251953
vn 0.118179917 -0.992710948 -0.023635948
v -0.114334129 0.515085220 -0.050724037
vt 0.867431641 0.955078125
vn 0.978320897 -0.063117437 -0.197242245
v -0.110237144 0.508913040 -0.066490181
vt 0.868652344 0.947021484
vn 0.576449513 0.536966741 -0.615932465
v -0.127639800 0.518011093 -0.068771370
vt 0.872070312 0.939941406
vn -0.528872430 0.584127665 -0.615702033
v -0.149078399 0.484997749 -0.069122314
vt 0.861816406 0.922363281
vn -0.605980039 0.346274197 -0.716158032
v -0.120727561 0.518672943 -0.057727821
vt 0.875976562 0.950439453
vn -0.685294449 -0.456862986 -0.567140043
v -0.153091446 0.506742001 -0.026916506
vt 0.879882812 0.918457031
vn -0.834852815 0.519813895 -0.181147218
v -0.101112388 0.517139435 -0.071784981
vt 0.877929688 0.963623047
vn 0.158222601 -0.419290245 -0.893958330
vt 0.894042969 0.982177734
vt 0.904296875 0.981445312
v -0.127548248 0.532642365 -0.073257454
vt 0.890869141 0.957519531
vn -0.543846965 -0.078818448 -0.835474849
v -0.111976653 0.565582275 -0.076797493
vt 0.908935547 0.969482422
vn -0.322255850 0.825289130 -0.463733882
v -0.116447471 0.568389893 -0.055713665
vt 0.910644531 0.950195312
vn -0.590075850 0.778900087 -0.212427258
v -0.129852325 0.535408020 -0.059997562
vt 0.887695312 0.950195312
vn -0.973455191 0.086354844 -0.211961880
v -0.128158584 0.526708603 -0.033912662
vt 0.883056641 0.941162109
vn -0.951047540 0.039299425 -0.306535840
v -0.136108413 0.535583496 -0.035442356
vt 0.889648438 0.943115234
vn -0.996270061 0.086291067 0.000000127
v -0.128265396 0.528158188 -0.018936165
vt 0.886718750 0.937500000
vn -0.268049181 0.961823404 -0.055186596
v -0.134857193 0.525772095 -0.039794926
vt 0.881347656 0.933837891
vn -0.582100093 0.739424348 -0.338247240
v -0.138168350 0.529581070 -0.027040487
vt 0.885742188 0.929931641
vn -0.734174967 0.678914428 0.007894421
v -0.105613716 0.525989532 0.049018852
vt 0.856933594 0.603759766
vn 0.497763187 0.861209452 -0.102713153
vt 0.854248047 0.616210938
vt 0.852050781 0.618408203
vt 0.855224609 0.615966797
vt 0.865234375 0.601318359
v -0.097663887 0.519449234 0.057559956
vt 0.865234375 0.600341797
vn 0.890537202 -0.110331975 0.441328019
vt 0.873535156 0.599121094
v -0.108612068 0.501971483 0.056858055
vt 0.865722656 0.587402344
vn 0.839377224 -0.188271448 0.509901881
vt 0.872070312 0.584472656
vt 0.872314453 0.577636719
v -0.110267647 0.500216067 0.061458580
vt 0.864257812 0.585937500
vn 0.299612403 -0.007884478 0.954028487
v -0.119636543 0.483114243 0.064224236
vt 0.870849609 0.578125000
vn 0.716624439 -0.299249649 0.629999220
v -0.110549934 0.529712677 0.059780113
vt 0.859130859 0.598876953
vn -0.252023101 0.527673602 0.811199725
v -0.134094238 0.495828152 0.066719048
vt 0.854492188 0.582031250
vn -0.401425391 0.377812237 0.834335387
v -0.118492134 0.529485703 0.048179619
vt 0.853027344 0.602539062
vn -0.338456810 0.897304177 0.283359170
v -0.139114395 0.504972935 0.047111508
vt 0.846923828 0.590820312
vn -0.709079206 0.543627322 0.449083567
v -0.158111587 0.489851952 0.031860352
vt 0.839843750 0.584716797
vn -0.843986213 0.473263264 0.252407163
v -0.132293716 0.531444550 0.025930397
vt 0.843750000 0.609375000
vn -0.510640919 0.840593517 0.180688381
v -0.145507827 0.509996414 0.030805584
vt 0.840576172 0.596679688
vn -0.834128678 0.535101354 0.133775428
v -0.163497940 0.489524841 -0.024269104
vt 0.807373047 0.592041016
vn -0.875400960 0.481076181 -0.047318880
vt 0.810791016 0.603027344
vt 0.818603516 0.616210938
vt 0.823730469 0.621337891
v -0.124908462 0.529739380 0.005394451
vt 0.837158203 0.619384766
vn -0.977621377 -0.047304295 0.204985261
vt 0.816894531 0.631103516
v -0.130752578 0.537250519 0.011037819
vt 0.841796875 0.625976562
vn -0.938288569 0.252312869 0.236543462
vt 0.861083984 0.626953125
v -0.121536277 0.567268372 -0.037578594
vt 0.823242188 0.650390625
vn -0.889626026 0.456622154 -0.007872700
vt 0.807373047 0.638916016
vt 0.815185547 0.656494141
v -0.113403335 0.572578430 0.008785238
vt 0.846923828 0.649414062
vn -0.830765903 0.470244825 0.297821820
v -0.116394065 0.571716309 -0.026361477
vt 0.829833984 0.653076172
vn -0.094385885 0.991051257 -0.094385862
v -0.090362571 0.568450928 -0.040222183
vt 0.824218750 0.670166016
vn -0.502397597 0.753596306 -0.423897892
vt 0.808349609 0.663085938
v -0.096672073 0.574226379 0.037536606
vt 0.862304688 0.650634766
vn -0.732419670 0.448902398 0.511906385
vt 0.875488281 0.636230469
vt 0.872802734 0.656250000
v -0.079277053 0.581321716 0.052158341
vt 0.869873047 0.657470703
vn -0.110417835 0.993760109 -0.015773999
vt 0.871093750 0.664550781
v -0.107826248 0.576370239 0.010691631
vt 0.848876953 0.652587891
vn -0.165657640 0.986057103 -0.015776934
v -0.084678665 0.574729919 -0.000267371
vt 0.849121094 0.668212891
vn -0.331780106 0.940043509 0.078995265
vt 0.863525391 0.671875000
v -0.112426780 0.574333191 -0.005184661
vt 0.840576172 0.653320312
vn -0.031411525 0.989461064 -0.141351610
v -0.087348960 0.571899414 -0.011136069
vt 0.841796875 0.667724609
vn -0.615012705 0.788477719 -0.007884732
v -0.090705894 0.569801331 -0.026683822
vt 0.832519531 0.668945312
vn -0.733626544 0.678407252 0.039442353
v -0.086647056 0.594566345 -0.001878157
vt 0.849609375 0.677978516
vn -0.926495194 -0.149181485 0.345472962
v -0.094207786 0.589813232 -0.037483230
vt 0.829833984 0.679931641
vn -0.982912242 -0.172992602 -0.062906250
v -0.098281883 0.601570129 -0.039962783
vt 0.830322266 0.686035156
vn -0.921031535 -0.377859145 -0.094464645
v -0.094696067 0.619132996 -0.006326690
vt 0.845947266 0.687988281
vn -0.449362457 -0.819889545 0.354759991
v -0.103973411 0.615982056 -0.044651043
vt 0.829589844 0.697021484
vn -0.118154153 -0.992495239 0.031507846
v -0.122329734 0.609542847 -0.039653789
vt 0.831787109 0.704101562
vn -0.558414936 -0.825825036 0.078650109
v -0.081604034 0.589103699 -0.060127273
vt 0.821289062 0.687744141
vn -0.838737905 -0.316504896 -0.443106651
vt 0.817626953 0.690429688
vt 0.817626953 0.680908203
vt 0.820312500 0.674316406
v -0.091606170 0.565063477 -0.068595894
vt 0.812255859 0.671386719
vn 0.714831114 0.675554752 -0.180671722
vt 0.810791016 0.679931641
vt 0.809570312 0.672119141
v -0.086120643 0.600860596 -0.122863784
vt 0.581054688 0.240722656
vn 0.928989887 -0.149583101 -0.338530332
v -0.094894446 0.597488403 -0.131042480
vt 0.582763672 0.237304688
vn -0.062818997 -0.997252405 0.039261956
v -0.092636146 0.600540161 -0.140136719
vt 0.585449219 0.238525391
vn 0.750712514 -0.079022370 -0.655885816
v -0.087493934 0.620811462 -0.115333572
vt 0.581542969 0.251220703
vn 0.913839161 0.126046821 -0.386018395
v -0.113975562 0.602325439 -0.133102417
vt 0.585205078 0.231201172
vn -0.308370352 -0.434881181 -0.846041441
v -0.078956634 0.601715088 -0.095459007
vt 0.573242188 0.240966797
vn 0.244420573 -0.954028428 0.173459738
v -0.075614959 0.604629517 -0.094841026
vt 0.573730469 0.243164062
vn 0.992402971 0.078762174 -0.094514698
v -0.087760955 0.602241516 -0.093833938
vt 0.570556641 0.236816406
vn -0.070907839 -0.969074905 0.236359790
v -0.091117889 0.608390808 -0.088966385
vt 0.567626953 0.237060547
vn 0.291113198 0.094415113 0.952018440
v -0.078094512 0.619438171 -0.097389244
vt 0.570312500 0.246093750
vn 0.707850099 0.228085056 0.668524861
v -0.102500945 0.623992920 -0.090934768
vt 0.558837891 0.232910156
vn 0.487584919 -0.015728481 0.872933984
v -0.128555328 0.613143921 -0.079345718
vt 0.559570312 0.225097656
vn 0.205157459 0.023672052 0.978442669
v -0.141418487 0.604331970 -0.119499221
vt 0.579101562 0.222412109
vn -0.157163888 -0.982274711 0.102156632
v -0.129150420 0.608009338 -0.083602920
vt 0.562255859 0.224853516
vn -0.110538103 -0.963261306 0.244763166
v -0.131546050 0.610473633 -0.080757156
vt 0.561523438 0.223876953
vn -0.900911391 -0.237082005 0.363525778
v -0.144989043 0.606452942 -0.123641975
vt 0.580322266 0.220703125
vn -0.952992260 -0.299286872 0.047255956
v -0.137832671 0.641510010 -0.086250320
vt 0.559570312 0.212158203
vn -0.749123693 0.007885509 0.662383199
v -0.114227325 0.622436523 -0.086685196
vt 0.552734375 0.224853516
vn 0.110212438 0.062978514 0.991910815
v -0.109901458 0.618194580 -0.077026382
vt 0.549560547 0.228271484
vn 0.299537778 -0.922261059 -0.244359776
v -0.149993941 0.626876831 -0.129592896
vt 0.585693359 0.213623047
vn -0.873988748 -0.314950913 -0.370067149
v -0.132995650 0.656494141 -0.146606445
vt 0.605224609 0.215820312
vn -0.307803184 -0.331480294 -0.891839683
v -0.142242461 0.659957886 -0.091499336
vt 0.567138672 0.200439453
vn -0.889488041 -0.086587355 0.448679954
v -0.115676910 0.622375488 -0.076881424
vt 0.548583984 0.224365234
vn -0.647115350 -0.615548730 -0.449823946
v -0.117454559 0.634460449 -0.089950576
vt 0.552001953 0.215576172
vn -0.863895059 -0.494776338 0.094243243
v -0.129547149 0.623092651 -0.062637344
vt 0.541259766 0.220703125
vn -0.684827089 -0.653340876 -0.322734505
v -0.114845306 0.614067078 -0.065498367
vt 0.545898438 0.230957031
vn -0.031457074 -0.967305303 -0.251656622
vt 0.532714844 0.228027344
v -0.133514434 0.636642456 -0.073341385
vt 0.544433594 0.209228516
vn -0.723490536 -0.463977635 -0.511161625
v -0.142501861 0.642547607 -0.061439525
vt 0.539794922 0.205078125
vn -0.908530474 -0.402913570 -0.110603578
v -0.127288848 0.655807495 -0.094932571
vt 0.558593750 0.202636719
vn -0.896111250 -0.408752531 -0.172933638
v -0.149551421 0.681564331 -0.084518440
vt 0.557617188 0.183349609
vn -0.786402762 -0.322425157 -0.526889682
v -0.140487701 0.639511108 -0.036899578
vt 0.529541016 0.207763672
vn -0.920518160 -0.354045540 0.165221363
v -0.129974380 0.641159058 0.007026661
vt 0.508789062 0.212158203
vn -0.826848507 -0.393737376 0.401612282
v -0.151092559 0.675628662 -0.047695171
vt 0.537841797 0.186523438
vn -0.983764112 -0.110181615 0.141662151
v -0.138153091 0.667022705 0.002061594
vt 0.512451172 0.193847656
vn -0.901912212 -0.211753353 0.376450449
v -0.114990249 0.672866821 0.036560044
vt 0.492919922 0.195800781
vn -0.794635355 -0.196691945 0.574340582
v -0.145217925 0.676879883 -0.016841900
vt 0.522460938 0.187255859
vn -0.979999900 0.023709640 0.197580755
v -0.141189605 0.679031372 0.001621115
vt 0.513671875 0.185546875
vn -0.912820101 0.173121035 0.369849652
v -0.126831084 0.695617676 0.006134496
vt 0.510253906 0.176025391
vn -0.937211335 0.149638757 0.315029144
v -0.129058853 0.690719604 0.024101244
vt 0.501708984 0.179443359
vn -0.907483160 0.039455768 0.418231517
v -0.135330230 0.687942505 -0.014076246
vt 0.520263672 0.179443359
vn -0.928558350 -0.031476583 0.369849652
v -0.139709502 0.685775757 -0.027488720
vt 0.527099609 0.180664062
vn -0.911494553 -0.298593104 0.282877743
v -0.142456084 0.683441162 -0.040027630
vt 0.533691406 0.182128906
vn -0.987440705 -0.094794348 0.126392543
v -0.144790679 0.688873291 -0.050178539
vt 0.539062500 0.177978516
vn -0.978320897 -0.063117512 0.197242245
v -0.152908355 0.684600830 -0.061508190
vt 0.545410156 0.180908203
vn -0.925269604 0.188190416 0.329333395
v -0.149551421 0.701034546 -0.063133247
vt 0.547607422 0.172119141
vn -0.987625599 -0.118515119 0.102713197
v -0.155105621 0.683380127 -0.075691231
vt 0.552734375 0.180908203
vn -0.968233824 -0.220411003 -0.118077166
v -0.155166656 0.704833984 -0.078643806
vt 0.556884766 0.171142578
vn -0.992710948 0.023635939 0.118180007
v -0.153045684 0.720001221 -0.068870552
vt 0.551757812 0.165039062
vn -0.794659972 -0.409131885 -0.448471308
v -0.153152496 0.726760864 -0.070617683
vt 0.551269531 0.162597656
vn -0.901164293 -0.094034582 -0.423155278
v -0.152954131 0.710128784 -0.085372932
vt 0.560302734 0.170166016
vn -0.824703515 -0.094251879 -0.557656467
v -0.155044585 0.742614746 -0.082015999
vt 0.554443359 0.159423828
vn -0.999597251 -0.023612576 -0.015741557
v -0.137451202 0.688430786 -0.101318374
vt 0.569824219 0.184082031
vn -0.897860527 -0.078759752 -0.433178186
v -0.136901885 0.674652100 -0.097976699
vt 0.565673828 0.191162109
vn -0.670623064 -0.015779367 0.741630435
v -0.137115523 0.700469971 -0.103843704
vt 0.573242188 0.176757812
vn -0.961196303 -0.007878711 -0.275752872
v -0.136871383 0.731781006 -0.109535232
vt 0.573486328 0.162353516
vn -0.867865384 -0.086786598 -0.489160329
v -0.138580367 0.718292236 -0.109222427
vt 0.576171875 0.168701172
vn 0.196698114 0.157358468 0.967754185
v -0.149581939 0.690505981 -0.099891670
vt 0.579345703 0.183593750
vn -0.770198405 -0.039295848 0.636592746
v -0.157440230 0.731613159 -0.105216987
vt 0.589599609 0.166503906
vn -0.227718920 0.007852414 0.973695338
v -0.161529586 0.726058960 -0.120735176
vt 0.595214844 0.171875000
vn -0.952018321 -0.094415069 0.291113168
v -0.162124678 0.684951782 -0.141128570
vt 0.599365234 0.191650391
vn -0.942518175 -0.133523434 0.306318551
v -0.167083785 0.726135254 -0.137970001
vt 0.605224609 0.174804688
vn -0.954830110 -0.055238139 0.291972995
v -0.156219527 0.653167725 -0.136917114
vt 0.593750000 0.204589844
vn -0.960243046 -0.259737879 -0.102320835
v -0.166549727 0.696563721 -0.150054961
vt 0.606445312 0.189208984
vn -0.740065753 -0.307048619 -0.598350883
v -0.169601485 0.713256836 -0.153289825
vt 0.611816406 0.183593750
vn -0.702597618 -0.236830696 -0.671019971
v -0.162826583 0.681274414 -0.145233184
vt 0.602050781 0.194580078
vn -0.378046602 -0.346542716 -0.858480573
v -0.129348800 0.701141357 -0.164627105
vt 0.625000000 0.201171875
vn -0.221124709 -0.260611176 -0.939779580
v -0.175048873 0.745544434 -0.159408569
vt 0.622558594 0.177246094
vn -0.600495219 -0.165926322 -0.782223761
v -0.121337935 0.677398682 -0.158401519
vt 0.616943359 0.213867188
vn -0.188672602 -0.298731476 -0.935501099
v -0.108970679 0.645263672 -0.150375366
vt 0.603759766 0.230224609
vn 0.465708733 -0.039466873 -0.884057581
v -0.116897628 0.677963257 -0.152938873
vt 0.618896484 0.216796875
vn 0.797453940 0.063164681 -0.600064516
v -0.119941756 0.699371338 -0.157867461
vt 0.625976562 0.209716797
vn 0.702160001 -0.189346537 -0.686381280
v -0.128051803 0.711227417 -0.164276153
vt 0.629394531 0.202880859
vn 0.339668870 0.031597093 -0.940014303
v -0.133834884 0.726516724 -0.169479400
vt 0.633300781 0.199707031
vn -0.031500094 -0.173249885 -0.984374106
v -0.124511763 0.728942871 -0.155914336
vt 0.638183594 0.205566406
vn 0.227697864 -0.015703343 -0.973605275
v -0.118492171 0.714248657 -0.168075591
vt 0.631347656 0.206298828
vn 0.754783213 0.157246515 -0.636848509
v -0.118141219 0.710144043 -0.152847320
vt 0.631835938 0.210693359
vn -0.102729194 -0.244969413 -0.964073002
v -0.112663314 0.679672241 -0.145568877
vt 0.620117188 0.223144531
vn 0.551779985 -0.102473468 -0.827670336
v -0.106407203 0.664840698 -0.136474609
vt 0.613281250 0.232910156
vn 0.470765561 -0.078460962 -0.878762662
v -0.100318953 0.669815063 -0.147994995
vt 0.619384766 0.234375000
vn -0.457260400 -0.362654775 -0.812031150
v -0.097953841 0.718856812 -0.164321929
vt 0.640869141 0.220458984
vn -0.854188859 -0.229365543 -0.466640025
v -0.101150557 0.742462158 -0.169693023
vt 0.648925781 0.216308594
vn -0.606430948 -0.220520362 -0.763945282
v -0.099166907 0.647323608 -0.135406494
vt 0.602539062 0.243164062
vn 0.165221125 -0.354045540 -0.920518219
v -0.092926070 0.683700562 -0.155639678
vt 0.627685547 0.234375000
vn -0.711957693 -0.268961817 -0.648672342
v -0.095779464 0.699127197 -0.172714263
vt 0.638427734 0.233886719
vn -0.880036712 -0.298583925 -0.369300961
v -0.101234488 0.735031128 -0.189407378
vt 0.654296875 0.225097656
vn -0.922805965 -0.149857432 -0.354925245
v -0.091156058 0.722015381 -0.185928375
vt 0.650390625 0.234375000
vn 0.560848713 -0.221179828 -0.797827303
v -0.091323897 0.672729492 -0.152206451
vt 0.621337891 0.238281250
vn -0.731807292 -0.401313692 -0.550822496
v -0.090782210 0.669219971 -0.160675049
vt 0.623779297 0.242187500
vn -0.770817816 -0.346081495 -0.534852982
v -0.086448714 0.694519043 -0.174255401
vt 0.637695312 0.239746094
vn 0.552329361 -0.244603068 -0.796932638
v -0.086517379 0.717422485 -0.170700103
vt 0.648437500 0.242675781
vn 0.228615835 -0.260149211 -0.938113749
v -0.088935897 0.734710693 -0.177078277
vt 0.656494141 0.239013672
vn 0.149264187 -0.322096646 -0.934865773
vt 0.657470703 0.247558594
vt 0.644287109 0.249755859
vt 0.654296875 0.255859375
v -0.082443282 0.691497803 -0.161788970
vt 0.635986328 0.246582031
vn 0.133775264 -0.346242160 -0.928558409
v -0.082893416 0.668899536 -0.163482666
vt 0.625000000 0.246582031
vn 0.433973104 -0.268274337 -0.860056043
v -0.087509200 0.647308350 -0.150329590
vt 0.611328125 0.248779297
vn -0.787572563 -0.385910571 -0.480419129
v -0.075828597 0.667709351 -0.153533936
vt 0.624023438 0.252685547
vn 0.118047930 -0.306924939 -0.944384336
v -0.071701095 0.676727295 -0.165512115
vt 0.631591797 0.253906250
vn -0.362801403 -0.520541072 -0.772924483
vt 0.641113281 0.259765625
vt 0.628173828 0.256103516
vt 0.618652344 0.262939453
vt 0.603027344 0.260742188
v -0.076438949 0.645584106 -0.152938843
vt 0.611816406 0.253906250
vn 0.196400270 -0.416368842 -0.887729704
v -0.084816016 0.634567261 -0.140884399
vt 0.602783203 0.252441406
vn -0.521189868 -0.663332522 -0.536983371
vt 0.598144531 0.258300781
v -0.088386573 0.648345947 -0.136672974
vt 0.604980469 0.246582031
vn -0.778057694 -0.455831796 -0.432254136
v -0.081924476 0.627975464 -0.131072998
vt 0.596191406 0.253173828
vn -0.759992421 -0.538327992 -0.364162922
v -0.079032935 0.620414734 -0.127670288
vt 0.593017578 0.255371094
vn -0.252753228 -0.963621795 -0.086883858
vt 0.596679688 0.266601562
v -0.087089576 0.634445190 -0.124664322
vt 0.593750000 0.249267578
vn -0.574003041 -0.613318264 -0.542550683
vt 0.589355469 0.270751953
vt 0.585937500 0.255126953
v -0.086532630 0.626785278 -0.114135757
vt 0.587158203 0.251708984
vn -0.423897952 -0.753596306 -0.502397418
v -0.093650855 0.635589600 -0.124786392
vt 0.593017578 0.247070312
vn 0.772132337 -0.189093649 -0.606675625
v -0.100372352 0.640487671 -0.140487671
vt 0.597412109 0.241210938
vn 0.891617596 0.173589304 -0.418192476
v -0.100799598 0.623840332 -0.145385742
vt 0.594482422 0.236083984
vn -0.118504077 -0.268609017 -0.955932021
vt 0.954833984 0.245605469
vt 0.939941406 0.239501953
v -0.068779022 0.618469238 -0.094436668
vt 0.950195312 0.232666016
vn -0.433003902 -0.393639892 -0.810897946
v -0.070381202 0.656387329 -0.110160850
vt 0.967285156 0.226074219
vn -0.236103505 -0.456466615 -0.857842386
vt 0.972900391 0.230957031
v -0.086601287 0.616699219 -0.079353347
vt 0.942871094 0.224121094
vn -0.694313943 -0.441836178 -0.568074822
vt 0.931396484 0.235595703
vt 0.927978516 0.229248047
vt 0.922607422 0.218261719
vt 0.976806641 0.233154297
vt 0.972900391 0.228027344
v -0.081794776 0.644775391 -0.099441551
vt 0.959472656 0.221679688
vn -0.314153403 -0.596891463 -0.738260329
v -0.102500945 0.618713379 -0.052303325
vt 0.932373047 0.214111328
vn -0.300191343 -0.853175342 -0.426587611
vt 0.928955078 0.213134766
vt 0.936279297 0.206542969
vt 0.923828125 0.205322266
vt 0.942382812 0.208251953
v -0.093910247 0.632583618 -0.083366409
vt 0.948486328 0.217773438
vn 0.117920294 -0.911917031 -0.393067688
vt 0.949707031 0.211181641
v -0.092086822 0.632415771 -0.097267166
vt 0.955078125 0.215332031
vn 0.668587089 -0.133717328 0.731512785
vt 0.960449219 0.208496094
v -0.079010047 0.643005371 -0.105804466
vt 0.962646484 0.219970703
vn 0.657817841 -0.117467396 0.743960440
v -0.078582801 0.634323120 -0.104675315
vt 0.962646484 0.215820312
vn 0.707806289 0.141561300 0.692077100
vt 0.966064453 0.210449219
vt 0.968017578 0.207519531
v -0.072616614 0.636001587 -0.109436058
vt 0.966308594 0.216552734
vn 0.402161360 0.039427631 0.914719582
vt 0.972167969 0.223388672
vt 0.981933594 0.227783203
vt 0.974121094 0.214111328
vt 0.986083984 0.206787109
v -0.070625320 0.595169067 0.020715697
vt 0.446044922 0.053466797
vn -0.669685781 -0.055150606 0.740593910
vt 0.455322266 0.056396484
vt 0.457031250 0.063476562
vt 0.459716797 0.047851562
vt 0.451660156 0.041748047
vt 0.454589844 0.071044922
vt 0.441406250 0.034179688
vt 0.450195312 0.082519531
vt 0.433593750 0.075439453
v -0.050277725 0.624938965 0.033855420
vt 0.429199219 0.059814453
vn -0.534522355 -0.141491234 0.833226264
v -0.078086868 0.627471924 0.017292006
vt 0.431884766 0.044189453
vn -0.228084847 -0.707849979 0.668525040
v -0.046798721 0.620033264 0.044410687
vt 0.425048828 0.063964844
vn -0.605754793 -0.550686240 0.574287176
vt 0.428710938 0.079833984
v -0.065925613 0.637924194 0.024843197
vt 0.426025391 0.051269531
vn -0.165636867 -0.851847351 0.496910989
v -0.050579086 0.646896362 0.051479317
vt 0.412109375 0.059814453
vn -0.275436789 -0.401350915 0.873528600
vt 0.405029297 0.077148438
v -0.061595932 0.638015747 0.040836312
vt 0.419189453 0.054443359
vn -0.560080349 -0.804622591 0.197211519
v -0.057678238 0.640579224 0.045940377
vt 0.416259766 0.056396484
vn 0.055212449 -0.694097757 0.717760324
v -0.067085281 0.633544922 0.042846657
vt 0.418701172 0.050292969
vn 0.433487713 -0.882738471 0.181276634
v -0.038417831 0.660949707 0.060401890
vt 0.402832031 0.065429688
vn -0.078740031 -0.590551198 0.803149700
vt 0.399902344 0.078857422
v -0.073669448 0.646118164 0.061332684
vt 0.407226562 0.048095703
vn -0.063164547 -0.600064397 0.797454059
v -0.032638561 0.678222656 0.074317910
vt 0.391845703 0.068847656
vn -0.227824301 -0.463504851 0.856305718
vt 0.383789062 0.077880859
v -0.065887466 0.653198242 0.067634560
vt 0.403320312 0.052490234
vn 0.157681003 -0.614955306 0.772636235
v -0.053775799 0.667770386 0.074485756
vt 0.395263672 0.058349609
vn 0.007872934 -0.370021403 0.928989947
v -0.025659574 0.692520142 0.082107514
vt 0.383544922 0.072265625
v -0.016342176 0.700103760 0.084655732
vt 0.379882812 0.076416016
vn 0.000000127 0.086291149 0.996270061
vt 0.377441406 0.083007812
vt 0.376464844 0.077880859
v -0.028070463 0.717010498 0.084297158
vt 0.371582031 0.071289062
vn -0.094714433 0.252572149 0.962931275
vt 0.371093750 0.081298828
v -0.047573105 0.696640015 0.078971840
vt 0.380126953 0.061767578
vn -0.346413642 0.047238264 0.936891735
vt 0.366699219 0.075927734
vt 0.359375000 0.078125000
v -0.017725006 0.736724854 0.072891206
vt 0.359375000 0.075195312
vn 0.653300405 0.047226593 0.755624413
v -0.023923889 0.726104736 0.078964204
vt 0.365966797 0.072265625
vn -0.070927642 0.520136774 0.851132810
v -0.053276077 0.730270386 0.069091775
vt 0.364013672 0.055664062
vn -0.322017014 0.369141608 0.871802509
v -0.074264541 0.705688477 0.064590432
vt 0.376953125 0.045166016
vn -0.384304762 0.156859159 0.909783006
v -0.059738174 0.693267822 0.070220925
vt 0.382080078 0.054199219
vn -0.425236344 0.165369749 0.889846683
v -0.062683120 0.684432983 0.074005105
vt 0.386962891 0.053710938
vn -0.392534226 0.047104146 0.918530464
v -0.094810501 0.698928833 0.056919079
vt 0.383789062 0.035156250
vn -0.456579566 0.015744146 0.889543235
v -0.067871109 0.669158936 0.069206215
vt 0.395507812 0.051269531
vn -0.441328019 -0.110332020 0.890537202
v -0.085906997 0.656555176 0.059226971
vt 0.402343750 0.041015625
vn -0.488977730 -0.220828682 0.843881190
v -0.099792495 0.667892456 0.053821549
vt 0.396240234 0.031250000
vn -0.613944769 -0.228261545 0.755624533
v -0.080650344 0.635513306 0.051807385
vt 0.413818359 0.044433594
vn -0.086547010 -0.684509039 0.723848820
v -0.092712417 0.622940063 0.035663590
vt 0.422119141 0.036865234
vn -0.362519413 -0.693515658 0.622587979
v -0.116569534 0.695617676 0.044612870
vt 0.396972656 0.016601562
vt 0.402343750 0.020263672
v -0.112609878 0.649642944 0.032627091
vt 0.412353516 0.024414062
vn -0.693968236 -0.346984178 0.630880415
vt 0.423828125 0.012207031
v -0.102172866 0.617874146 0.020427689
vt 0.428710938 0.030761719
vn -0.331067979 -0.811905026 0.480837047
v -0.113006614 0.612983704 0.004493224
vt 0.435058594 0.024169922
vn -0.433973134 -0.860055983 0.268274426
vt 0.450195312 0.012695312
v -0.161087051 0.419754028 -0.063781738
vt 0.520507812 0.359863281
vn 0.693774283 -0.717425525 0.063070320
v -0.154342666 0.439922333 -0.048793793
vt 0.514404297 0.346191406
vn 0.853761733 -0.450596392 0.260871530
v -0.168518081 0.416984558 -0.043178555
vt 0.528320312 0.351074219
vn 0.639044583 -0.757386148 0.134120390
v -0.175811782 0.414337158 -0.020748135
vt 0.541015625 0.354003906
vn 0.736988723 -0.674266160 -0.047041897
v -0.182891861 0.420173645 -0.044837948
vt 0.531494141 0.360839844
vn -0.243356287 -0.949874580 -0.196254998
v -0.196014419 0.417678833 -0.016115181
vt 0.540039062 0.369873047
vn -0.967036188 -0.039310463 -0.251586497
v -0.175979629 0.422729492 -0.065719604
vt 0.525146484 0.366455078
vn -0.339584231 -0.860806644 -0.379070759
v -0.186691299 0.421104431 -0.038600914
vt 0.533447266 0.370849609
vn -0.905736506 0.283534855 -0.315038651
v -0.179183975 0.458591461 -0.020906445
vt 0.535888672 0.404785156
vn -0.909307659 0.415459514 -0.023516478
v -0.160919204 0.423255920 -0.065658569
vt 0.519531250 0.361572266
vn 0.196935758 -0.149671301 -0.968924582
v -0.174835220 0.427871704 -0.068130493
vt 0.522216797 0.371337891
vn -0.801783800 0.267261207 -0.534522414
v -0.174697891 0.452613831 -0.040084835
vt 0.529296875 0.395996094
vn -0.876136899 0.370976835 -0.307831794
vt 0.498779297 0.412109375
v -0.160812393 0.461189270 -0.068969727
vt 0.505859375 0.375488281
vn -0.522494912 0.221664384 -0.823325038
v -0.134185806 0.471191406 -0.066055305
vt 0.493408203 0.357177734
vn 0.220199466 -0.125828356 -0.967305303
vt 0.479492188 0.364990234
vt 0.492919922 0.373046875
v -0.161575332 0.475202560 -0.047378540
vt 0.503906250 0.393798828
vn -0.853975236 0.419080406 -0.308379829
vt 0.489501953 0.407470703
vt 0.281005859 0.184814453
v -0.176452652 0.412429810 -0.011638637
vt 0.277587891 0.181640625
vn -0.110428050 -0.993852854 0.007887780
v -0.195861831 0.416526794 -0.012545578
vt 0.290039062 0.172119141
vn -0.313631386 -0.948735178 0.039204013
v -0.172882095 0.414192200 0.020504002
vt 0.259765625 0.175048828
vn 0.339669019 -0.940014124 0.031597111
vt 0.292724609 0.172851562
v -0.193725601 0.420547485 -0.003812783
vt 0.286865234 0.166015625
vn -0.919522762 0.385099262 0.078591794
vt 0.298339844 0.132324219
v -0.191314697 0.419082642 0.034145363
vt 0.266113281 0.163330078
vn -0.929364383 -0.307162851 0.204775348
v -0.175689712 0.455081940 0.033554081
vt 0.263916016 0.135253906
vn -0.879710793 0.408437103 0.243491486
vt 0.249511719 0.105712891
vt 0.294677734 0.108154297
v -0.161636367 0.435417175 0.028596880
vt 0.235839844 0.180175781
vn 0.875074446 -0.473013192 -0.102486283
vt 0.245849609 0.198730469
vt 0.239501953 0.195800781
vt 0.228759766 0.191650391
vt 0.211181641 0.182617188
v -0.168701172 0.417800903 0.036941532
vt 0.250000000 0.170166016
vn 0.544931293 -0.837140799 0.047385294
v -0.187606812 0.420509338 0.039936073
vt 0.261474609 0.161132812
vn -0.784996092 -0.094199546 0.612297118
v -0.159439087 0.439281464 0.078155518
vt 0.233886719 0.147216797
vn -0.588040829 -0.164651453 0.791895211
v -0.152542114 0.457015991 0.074638367
vt 0.229980469 0.135009766
vn -0.654172182 0.417724460 0.630527556
vt 0.211914062 0.116455078
v -0.143890396 0.460918427 0.037269589
vt 0.214599609 0.174072266
vn 0.814006805 -0.482081681 -0.324022204
v -0.146621704 0.434860229 0.068161011
vt 0.229003906 0.154541016
vn 0.751557887 -0.656624198 -0.063289151
v -0.133666992 0.454868317 0.069381706
vt 0.217773438 0.145263672
vn 0.820450604 -0.362891555 0.441780984
vt 0.205322266 0.135009766
vt 0.198486328 0.124023438
v -0.128891006 0.477632523 0.048397060
vt 0.205322266 0.156738281
v -0.135421768 0.474876404 0.036380764
vt 0.207519531 0.167968750
vn -0.821858406 0.229172066 0.521564126
vt 0.204345703 0.143554688
vt 0.192626953 0.134033203
v -0.129562378 0.460262299 0.060108181
vt 0.194824219 0.161621094
vn -0.622182190 0.315028995 0.716691017
vt 0.189453125 0.177734375
vt 0.172363281 0.151123047
v -0.292510986 0.622474670 0.013534556
vt 0.308349609 0.301269531
vn 0.149103373 -0.988790512 0.007847568
v -0.328399658 0.621604919 0.004787461
vt 0.315917969 0.322753906
vn -0.188836008 -0.778948307 -0.597980440
v -0.291900635 0.634445190 0.009743701
vt 0.300292969 0.305908203
vn 0.537519932 0.094856471 -0.837899029
v -0.326171875 0.635131836 0.000917092
vt 0.306152344 0.327880859
vn -0.196692005 -0.291104078 -0.936253488
v -0.315856934 0.637771606 0.003996862
vt 0.299316406 0.323730469
vn 0.416999698 0.188830078 -0.889075160
v -0.340362549 0.635757446 0.018171327
vt 0.326904297 0.332275391
vn -0.716158211 -0.346274346 -0.605979860
v -0.336090088 0.643218994 0.000500516
vt 0.308349609 0.336669922
vn -0.308120012 -0.632040977 -0.711045980
v -0.356323242 0.625259399 0.035633110
vt 0.349121094 0.325683594
vn -0.141403854 -0.989827394 -0.015711484
v -0.350433350 0.647552490 0.013184564
vt 0.327148438 0.343994141
vn -0.543846905 -0.740892887 -0.394091874
v -0.358734131 0.637161255 0.038494129
vt 0.352783203 0.335693359
vn -0.709828734 -0.394349307 -0.583636820
v -0.341857910 0.648223877 -0.004785522
vt 0.309570312 0.343750000
vn -0.417426437 -0.756093144 -0.504061937
v -0.375549316 0.627578735 0.056694053
vt 0.371582031 0.324951172
vn -0.125956878 -0.991910815 0.015744675
v -0.335723877 0.656478882 -0.005462155
vt 0.299804688 0.342529297
vn 0.411275953 -0.245183840 -0.877916276
v -0.373748779 0.650253296 0.040699024
vt 0.360351562 0.349365234
vn -0.566227436 -0.715648651 -0.408941954
v -0.330322266 0.664367676 -0.003839717
vt 0.293945312 0.342773438
vn 0.661889315 0.039398178 -0.748565495
v -0.367187500 0.650695801 0.026906986
vt 0.344726562 0.351562500
vn -0.526369214 -0.762056947 -0.377100259
v -0.380279541 0.640380859 0.063903831
vt 0.377929688 0.336181641
vn -0.773646772 -0.323668599 -0.544710338
v -0.393524170 0.630722046 0.085014366
vt 0.394287109 0.321533203
vn -0.133605808 -0.990255177 0.039295904
v -0.392211914 0.639770508 0.084083579
vt 0.394042969 0.329833984
v -0.388092041 0.649093628 0.063224815
vt 0.382568359 0.346191406
vn -0.517380595 -0.776070893 -0.360598534
v -0.334472656 0.634231567 0.108337417
vt 0.371826172 0.261718750
vn 0.023536898 -0.988547087 0.149066672
v -0.382965088 0.650375366 0.048160572
vt 0.368652344 0.352539062
vn -0.517507851 -0.760579765 -0.392051339
v -0.398162842 0.649307251 0.070365928
vt 0.387939453 0.350830078
vn -0.502831519 -0.769960701 -0.392837018
v -0.401214600 0.647933960 0.083969139
vt 0.394775391 0.351806641
vn -0.377777189 -0.881480098 -0.283332765
v -0.393707275 0.661819458 0.045593284
vt 0.369384766 0.364746094
vn -0.700440168 -0.472206891 -0.535167575
v -0.417419434 0.658264160 0.081901573
vt 0.395996094 0.367675781
vn -0.802627325 -0.354100347 -0.480002463
v -0.376556396 0.660873413 0.023418447
vt 0.345703125 0.361572266
vn -0.730902672 -0.392958462 -0.558000803
v -0.358428955 0.659835815 0.000069100
vt 0.320800781 0.355712891
vn -0.707609355 -0.479601920 -0.518913329
v -0.397735596 0.666625977 0.051559471
vt 0.373291016 0.370605469
vn -0.850631177 -0.078762203 -0.519829988
v -0.406219482 0.680404663 0.063323997
vt 0.380126953 0.384521484
vn -0.828391254 -0.000000061 -0.560150087
v -0.396270752 0.671890259 0.044876121
vt 0.367919922 0.373291016
vn -0.852616906 0.039472941 -0.521043479
v -0.379119873 0.678390503 0.023298284
vt 0.343750000 0.375000000
vn -0.739722013 -0.125910178 -0.661027968
v -0.401824951 0.702239990 0.059890769
vt 0.369873047 0.401611328
vn -0.812789440 0.244625881 -0.528707564
v -0.405303955 0.703002930 0.064910911
vt 0.374511719 0.403320312
vn -0.678914487 0.702597558 -0.213147521
v -0.385467529 0.678924561 0.027549764
vt 0.349609375 0.376708984
vn -0.795029223 -0.023614790 -0.606111228
v -0.389801025 0.689697266 0.040020011
vt 0.356445312 0.387207031
vn -0.819482207 0.181231588 -0.543694794
v -0.393310547 0.711700439 0.063644432
vt 0.363281250 0.413574219
vn -0.550788522 0.834051132 0.031473659
v -0.394287109 0.705093384 0.097862266
vt 0.379150391 0.429687500
vn -0.409817457 0.898445904 0.157622099
v -0.387084961 0.709228516 0.042362235
vt 0.350341797 0.402343750
vn -0.788551390 0.402161121 -0.465245217
v -0.379241943 0.687210083 0.022727987
vt 0.340820312 0.381103516
vn -0.793849587 0.149337977 -0.589492142
v -0.366760254 0.678527832 0.008646984
vt 0.328613281 0.370605469
vn -0.791435599 -0.047486193 -0.609405279
v -0.368469238 0.688903809 0.012128848
vt 0.328369141 0.379638672
vn -0.771199524 0.094432525 -0.629550457
v -0.354705811 0.659484863 -0.004704935
vt 0.315429688 0.354248047
vn -0.782614887 -0.189724877 -0.592889965
v -0.347045898 0.688674927 -0.018627152
vt 0.302246094 0.369873047
vn -0.773117006 0.063111521 -0.631115794
v -0.348114014 0.661026001 -0.014125808
vt 0.307373047 0.353271484
vn 0.039203819 -0.313631475 -0.948735178
v -0.341918945 0.699218750 -0.019277560
vt 0.296142578 0.375000000
vn 0.363196790 -0.007895610 -0.931679070
v -0.355316162 0.698913574 -0.000445380
vt 0.310058594 0.381347656
vn -0.732738078 0.063031159 -0.677585483
v -0.367706299 0.696350098 0.009460467
vt 0.323974609 0.385009766
vn -0.794193208 0.110086113 -0.597610593
v -0.348144531 0.711563110 -0.014607416
vt 0.300048828 0.388427734
vn -0.644451916 0.165042460 -0.746620893
v -0.370025635 0.717590332 0.020463960
vt 0.324462891 0.403564453
vn -0.778057694 0.455831677 -0.432254195
v -0.343536377 0.705902100 -0.012159334
vt 0.297607422 0.382080078
vn -0.439259768 0.423571765 -0.792236090
v -0.352447510 0.724288940 -0.003895984
vt 0.299560547 0.396728516
vn -0.496988416 0.520654321 -0.694205821
v -0.371093750 0.726226807 0.044555679
vt 0.330566406 0.417968750
vn -0.581291378 0.809094667 -0.086408131
v -0.342346191 0.718902588 0.001592411
vt 0.290039062 0.392578125
vn 0.227662787 0.565231979 -0.792895019
v -0.334106445 0.716232300 -0.010321605
vt 0.287841797 0.382324219
vn 0.180654764 0.439855367 -0.879710793
v -0.345764160 0.733108521 -0.000161970
vt 0.293945312 0.400878906
vn -0.415523440 0.736965954 -0.533124268
v -0.361511230 0.731399536 0.034580246
vt 0.317382812 0.416259766
vn -0.573648512 0.809394300 -0.125731111
v -0.363464355 0.726165771 0.075302139
vt 0.327392578 0.435791016
vn -0.369655013 0.896609962 0.243815005
v -0.335937500 0.726318359 0.005371583
vt 0.284423828 0.396972656
vn -0.236830756 0.671020031 -0.702597499
v -0.343383789 0.740356445 0.012134564
vt 0.292480469 0.407958984
vn -0.165292904 0.976014912 -0.141679600
v -0.329803467 0.733718872 0.013334285
vt 0.278076172 0.403564453
vn 0.015799437 0.853175342 -0.521384954
v -0.322662354 0.734558105 0.002057801
vt 0.274902344 0.392333984
vn 0.055116281 0.748008311 -0.661396861
v -0.339782715 0.738052368 0.027658474
vt 0.291503906 0.416259766
vn -0.447972655 0.864508510 -0.227915853
v -0.357330322 0.729843140 0.036006942
vt 0.313476562 0.418701172
vn -0.449348569 0.859280527 -0.244382516
v -0.328643799 0.752197266 0.021638880
vt 0.275634766 0.413818359
vn -0.047181349 0.833535314 -0.550447881
v -0.358428955 0.733734131 0.041164413
vt 0.312988281 0.422363281
vn -0.471695840 0.880498767 0.047169603
v -0.345733643 0.740539551 0.038730633
vt 0.296142578 0.422363281
vn -0.552604854 0.828907251 -0.086837865
v -0.339416504 0.741088867 0.055927288
vt 0.296142578 0.430175781
vn -0.329120874 0.901164353 0.282103598
v -0.326721191 0.750732422 0.036254894
vt 0.277587891 0.420654297
vn -0.330708653 0.921259820 0.204724401
v -0.319885254 0.735015869 0.020025263
vt 0.269042969 0.401611328
vn 0.338446230 0.645409286 -0.684763610
v -0.311065674 0.736907959 0.015857704
vt 0.263671875 0.393554688
vn 0.125781581 0.935501158 -0.330176950
v -0.311584473 0.743652344 0.031616218
vt 0.262207031 0.409423828
vn 0.645849466 0.708859265 -0.283543795
v -0.314514160 0.750457764 0.046848305
vt 0.268066406 0.422607422
vn 0.487268388 0.872367680 0.039295740
v -0.318695068 0.746765137 0.054504402
vt 0.273925781 0.428222656
vn 0.118033461 0.826233983 0.550822556
v -0.311035156 0.740844727 0.046901710
vt 0.260253906 0.423095703
vn 0.651827991 0.706801474 0.274867088
v -0.301574707 0.731216431 0.041820534
vt 0.250976562 0.412597656
vn 0.708837211 0.700961351 0.078759573
v -0.322967529 0.733276367 0.063423172
vt 0.275878906 0.435058594
vn 0.401674509 0.693085372 0.598573625
v -0.303558350 0.734527588 0.029371267
vt 0.256835938 0.402587891
vn 0.558743358 0.826310813 -0.070826739
v -0.297515869 0.732086182 0.035488132
vt 0.252197266 0.404785156
vn 0.299985439 0.939428151 0.165781349
v -0.332916260 0.732635498 0.075454727
vt 0.296875000 0.438964844
vn -0.023656510 0.843750060 0.536214888
v -0.329254150 0.728652954 0.074111953
vt 0.294433594 0.440673828
vn -0.015765136 0.922261059 0.386246055
v -0.343963623 0.723785400 0.088615432
vt 0.320556641 0.445556641
vn -0.109923147 0.879385352 0.463247597
v -0.341949463 0.719863892 0.095260635
vt 0.319824219 0.448486328
vn -0.047391232 0.924129188 0.379129887
v -0.348297119 0.716903687 0.100448623
vt 0.329833984 0.449707031
vn -0.149195224 0.910876215 0.384766668
v -0.384979248 0.711013794 0.098632835
vt 0.364746094 0.436523438
vn -0.331480265 0.891839743 0.307803094
v -0.380920410 0.706161499 0.111419700
vt 0.366943359 0.445312500
vn -0.220499784 0.905624151 0.362249672
v -0.344635010 0.709259033 0.121910110
vt 0.339843750 0.462402344
vn 0.055032928 0.794045866 0.605361640
v -0.364868164 0.699691772 0.134979248
vt 0.369140625 0.462646484
vn -0.039571725 0.759778142 0.648977101
v -0.301696777 0.731765747 0.009463318
vt 0.255615234 0.387695312
vn 0.575481474 0.780447543 -0.244382665
v -0.296569824 0.725967407 0.020385750
vt 0.250000000 0.393310547
vn 0.250720203 0.948036015 -0.195875272
v -0.282409668 0.729782104 0.033329014
vt 0.243652344 0.401611328
vn -0.063219875 0.932493210 0.355611801
v -0.304168701 0.724014282 -0.002218715
vt 0.256835938 0.377197266
vn -0.393164992 0.605473876 -0.691970170
v -0.290527344 0.728149414 0.012725836
vt 0.246093750 0.388427734
vn -0.684827149 0.716313422 0.133816868
v -0.279815674 0.736022949 0.027687076
vt 0.240722656 0.398193359
vn -0.440508097 0.786621630 0.432641923
v -0.298248291 0.724548340 0.004333503
vt 0.251953125 0.380126953
vn 0.205189154 0.773405731 -0.599784136
v -0.290924072 0.726135254 0.008694654
vt 0.247558594 0.384033203
vn -0.716624439 0.629999340 -0.299249679
v -0.285095215 0.737716675 0.003759389
vt 0.239746094 0.385498047
vn -0.655456126 0.750220835 0.086867742
v -0.269378662 0.743972778 0.005494120
vt 0.231933594 0.391113281
vn -0.462606400 0.886008859 0.031363167
v -0.283905029 0.734176636 -0.006588931
vt 0.237304688 0.379394531
vn -0.843933702 0.354925305 -0.402248621
v -0.282592773 0.739776611 -0.001844402
vt 0.236816406 0.383544922
vn -0.505002737 0.836410701 -0.213047966
v -0.290191650 0.715820312 -0.008307450
vt 0.245605469 0.367675781
vn -0.621854663 0.495909244 -0.606111288
v -0.282989502 0.715927124 -0.017698282
vt 0.241455078 0.362060547
vn -0.646491587 0.236521214 -0.725331843
v -0.287475586 0.706054688 -0.014224046
vt 0.244384766 0.355712891
vn -0.458401471 0.142262429 -0.877285302
v -0.299835205 0.704513550 -0.009971611
vt 0.251708984 0.361328125
vn 0.347329855 0.663084447 -0.663084507
v -0.293884277 0.698150635 -0.019056313
vt 0.249023438 0.350830078
vn 0.110486411 0.726054370 -0.678703010
v -0.275146484 0.689529419 -0.022912974
vt 0.240966797 0.343994141
vn -0.007867814 0.180956528 -0.983459711
v -0.283813477 0.688125610 -0.028770439
vt 0.250244141 0.337158203
vn 0.400557786 0.573347569 -0.714721024
v -0.300689697 0.696640015 -0.029472344
vt 0.256103516 0.348388672
vn -0.543846965 0.394091845 -0.740892768
v -0.292816162 0.686431885 -0.032779686
vt 0.255615234 0.338378906
vn -0.047279377 -0.496432513 -0.866786838
v -0.271820068 0.678512573 -0.023332590
vt 0.252441406 0.322265625
vn 0.536715627 -0.252572119 -0.805073678
v -0.303192139 0.684783936 -0.026212683
vt 0.262695312 0.341552734
vn -0.479928374 -0.432722270 -0.763164580
v -0.272857666 0.668395996 -0.016429896
vt 0.258300781 0.315673828
vn 0.164737478 -0.627571702 -0.760930598
v -0.268768311 0.676834106 -0.012783045
vt 0.252197266 0.313720703
vn 0.291836619 -0.891284823 -0.347048938
v -0.296997070 0.674530029 -0.019336691
vt 0.265625000 0.331298828
vn -0.253037661 -0.695853412 -0.672131002
v -0.317718506 0.671707153 -0.008703220
vt 0.279541016 0.340087891
vn -0.592390478 -0.379129946 -0.710868478
v -0.327667236 0.697845459 0.003256810
vt 0.277832031 0.362060547
vn -0.717849731 0.236653656 -0.654741824
v -0.329010010 0.698883057 0.005668652
vt 0.278076172 0.363769531
vn -0.378799349 0.378799170 -0.844406545
v -0.303314209 0.668746948 -0.001671304
vt 0.277832031 0.328613281
vn -0.447640955 -0.620414615 -0.643974602
v -0.312591553 0.730270386 0.011091241
vt 0.265136719 0.387451172
vn -0.070793889 0.322504848 -0.943916738
v -0.316650391 0.724578857 0.005081663
vt 0.271972656 0.384521484
vn 0.865390897 -0.188812539 -0.464164346
v -0.333099365 0.704711914 0.003029359
vt 0.280029297 0.368164062
vn 0.931243718 -0.363027215 -0.031567693
v -0.329376221 0.699172974 -0.007632720
vt 0.286621094 0.368896484
vn 0.887976229 -0.157163918 -0.432200998
v -0.331115723 0.681854248 -0.006178843
vt 0.290283203 0.355957031
vn 0.908077061 -0.015792625 -0.418505251
v -0.331207275 0.693527222 0.002234710
vt 0.282226562 0.360107422
vn 0.825518608 0.180827886 -0.534621716
v -0.326721191 0.666717529 0.001610292
vt 0.289550781 0.341308594
vn 0.054973323 -0.133506984 -0.989522040
v -0.318542480 0.659774780 0.009235394
vt 0.289062500 0.330810547
vn 0.110018067 -0.542232394 -0.832994640
v -0.309814453 0.645996094 0.012888920
vt 0.291992188 0.318115234
vn 0.189541221 -0.442263067 -0.876628518
v -0.301086426 0.652343750 0.000028829
vt 0.281738281 0.317138672
vn -0.291293502 -0.606205344 -0.740042746
v -0.298370361 0.642974854 0.017524730
vt 0.291748047 0.304931641
vn 0.654986441 0.315656185 -0.686552227
v -0.279632568 0.638259888 0.039829262
vt 0.296875000 0.285400391
vn 0.889708579 0.244079396 -0.385802954
v -0.281188965 0.648101807 0.020172128
vt 0.283691406 0.295166016
vn 0.204978764 -0.961823404 -0.181327343
v -0.291137695 0.649353027 0.001894245
vt 0.279296875 0.309814453
vn 0.078884587 -0.970280230 -0.228765219
v -0.266448975 0.653228760 -0.003459209
vt 0.265380859 0.302734375
vn 0.410161406 -0.694119453 -0.591579080
v -0.261322021 0.651214600 0.017225269
vt 0.270263672 0.289062500
vn 0.465144157 -0.882985413 0.063070364
v -0.284973145 0.643508911 0.041069038
vt 0.291992188 0.284667969
vn 0.607467949 -0.765251815 -0.213008285
v -0.270507812 0.649627686 0.031204231
vt 0.279541016 0.282714844
vn 0.566718400 -0.779237807 0.267616987
v -0.283081055 0.645996094 0.054897316
vt 0.292236328 0.271484375
vn 0.990744889 0.133671969 0.023589028
v -0.259124756 0.656112671 0.019166950
vt 0.267578125 0.286865234
vn 0.976589918 -0.086632937 -0.196893260
v -0.272705078 0.640625000 0.057548530
vt 0.302001953 0.271972656
vn 0.906045675 0.386054307 -0.173330620
v -0.266326904 0.665878296 0.001519089
vt 0.258056641 0.299804688
vn 0.883562088 -0.252446324 -0.394447505
v -0.274688721 0.628036499 0.058303840
vt 0.308349609 0.275878906
vn 0.784585357 -0.619822383 0.015691632
v -0.277160645 0.645751953 0.068969734
vt 0.308349609 0.262939453
vn 0.979021966 0.165802151 0.118429944
v -0.251953125 0.670776367 0.013522152
vt 0.252929688 0.287109375
vn -0.363027096 -0.836540937 0.410378635
v -0.257141113 0.663711548 -0.005620952
vt 0.246826172 0.301513672
vn -0.063041002 -0.961375415 -0.267924249
v -0.241531387 0.661743164 0.026096346
vt 0.243896484 0.280517578
vn -0.055224258 -0.891478896 0.449684083
v -0.258239746 0.669876099 0.016778950
vt 0.257812500 0.284912109
vn 0.946791708 -0.315597177 0.063119330
v -0.247726455 0.690155029 0.041915897
vt 0.252441406 0.259765625
vn -0.426374763 -0.647458136 0.631666541
v -0.240188614 0.680984497 0.049671173
vt 0.243652344 0.260009766
vn 0.055224493 -0.449684024 0.891478896
v -0.262695312 0.679229736 0.036022190
vt 0.261230469 0.268554688
vn 0.749660134 -0.512925208 0.418231338
v -0.260681152 0.665283203 0.032665256
vt 0.267578125 0.275878906
vn 0.945732653 -0.204908654 0.252195209
v -0.250244141 0.710357666 0.056243900
vt 0.247558594 0.245361328
vn -0.282703012 -0.047117166 0.958049655
v -0.232101455 0.717361450 0.052593227
vt 0.234863281 0.238769531
vn 0.165349320 0.062990226 0.984221458
v -0.251190186 0.721130371 0.046531677
vt 0.245605469 0.238769531
vn -0.205233961 0.647276580 0.734106362
v -0.257415771 0.715377808 0.048210144
vt 0.250976562 0.238769531
vn -0.315204918 0.551608801 0.772252321
v -0.258331299 0.723770142 0.040344238
vt 0.244384766 0.235351562
vn -0.314327776 0.290753335 0.903692782
v -0.252868652 0.704055786 0.049182896
vt 0.251953125 0.248779297
vn -0.063117340 -0.197242066 0.978320897
v -0.265136719 0.688217163 0.047912601
vt 0.262207031 0.256591797
vn 0.608415425 -0.173832893 0.774346709
v -0.268310547 0.714645386 0.048606873
vt 0.256591797 0.235595703
vn 0.589001298 0.455494314 0.667534590
v -0.277252197 0.721023560 0.034965519
vt 0.251220703 0.225585938
vn 0.126074240 0.685528398 0.717046857
v -0.263061523 0.730239868 0.040584564
vt 0.243164062 0.228515625
vn -0.283640385 0.456976354 0.843042612
v -0.248657241 0.730041504 0.044532776
vt 0.236572266 0.229003906
vn -0.126042768 0.212697417 0.968954682
vt 0.249023438 0.219482422
vt 0.244628906 0.217285156
v -0.279815674 0.721542358 0.052719120
vt 0.262451172 0.226806641
vn 0.323065132 0.780084014 0.535815120
vt 0.256591797 0.209472656
v -0.295989990 0.721664429 0.055912022
vt 0.270019531 0.219238281
vn 0.503671706 0.747637689 0.432842761
vt 0.263427734 0.209960938
v -0.271057129 0.708084106 0.060420997
vt 0.265869141 0.238525391
vn 0.478656024 0.360953718 0.800375402
v -0.292022705 0.706100464 0.065383919
vt 0.279785156 0.229248047
vn 0.754410386 0.345771462 0.557949126
v -0.298706055 0.728942871 0.057952888
vt 0.272949219 0.212890625
vn 0.734197855 0.678935647 -0.000000126
vt 0.267822266 0.201416016
v -0.266784668 0.689285278 0.058181766
vt 0.268554688 0.251464844
vn 0.942663610 0.149255127 0.298510015
v -0.269836426 0.686950684 0.062843330
vt 0.273437500 0.250000000
vn 0.386186242 0.023644106 0.922117829
v -0.261932373 0.678543091 0.049789432
vt 0.268310547 0.260498047
vn 0.952696919 -0.086608745 0.291320413
v -0.269958496 0.663040161 0.052333839
vt 0.279296875 0.265625000
vn 0.702072799 -0.552191973 0.449642032
v -0.268768311 0.673522949 0.059406284
vt 0.278320312 0.257812500
vn 0.494639158 -0.337610692 0.800844073
v -0.281066895 0.660919189 0.055561073
vt 0.287353516 0.263427734
vn 0.630801976 -0.473101348 0.615031779
v -0.284820557 0.669311523 0.063812263
vt 0.294433594 0.253417969
vn 0.995464504 0.071104646 -0.063204221
v -0.287048340 0.680938721 0.066528328
vt 0.288330078 0.246582031
vn 0.988973260 0.125583947 0.078489803
v -0.276306152 0.684692383 0.090324409
vt 0.309082031 0.234863281
vn 0.825289190 -0.086458802 0.558052480
v -0.279022217 0.650863647 0.070915230
vt 0.309570312 0.259277344
vn 0.795473039 -0.283534855 0.535565853
v -0.283447266 0.715530396 0.084518440
vt 0.295654297 0.220703125
vn 0.926495254 0.345472872 0.149181321
v -0.294616699 0.725296021 0.063720711
vt 0.276611328 0.215576172
vn 0.793481886 0.597075641 -0.117844000
v -0.297637939 0.724670410 0.091018684
vt 0.300537109 0.210205078
vn 0.314687669 0.794586301 0.519234478
v -0.307006836 0.734237671 0.064620979
vt 0.278320312 0.205322266
vn 0.189541310 0.939808965 0.284311891
vt 0.276367188 0.194091797
vt 0.286621094 0.189208984
v -0.307464600 0.704132080 0.103752144
vt 0.326416016 0.213867188
vn 0.463992059 0.251656711 0.849341214
v -0.319763184 0.717987061 0.105888382
vt 0.321289062 0.199218750
vn 0.047093995 0.863389373 0.502335548
vt 0.321777344 0.184570312
vt 0.333984375 0.183349609
vt 0.351562500 0.195312500
v -0.326080322 0.703018188 0.114997879
vt 0.340087891 0.204589844
vn 0.505050004 0.071022697 0.860163033
v -0.341156006 0.698669434 0.124259964
vt 0.358154297 0.200927734
vn 0.638270438 -0.299435407 0.709189177
v -0.363433838 0.684829712 0.140518188
vt 0.371093750 0.183837891
vn 0.496988416 0.000000060 0.867757261
v -0.314392090 0.701934814 0.102767959
vt 0.336669922 0.212890625
vn 0.424828410 0.031468820 0.904726803
v -0.336578369 0.698089600 0.114936844
vt 0.351318359 0.206542969
vn 0.512033403 -0.165426075 0.842885554
v -0.350219727 0.691268921 0.122062698
vt 0.364257812 0.208007812
vn 0.568340480 0.055255380 0.820936024
v -0.357849121 0.686828613 0.130432129
vt 0.374267578 0.209960938
vn 0.598796725 -0.212730303 0.772132337
v -0.330596924 0.688400269 0.117691055
vt 0.357177734 0.216552734
vn 0.408336461 0.337662816 0.848083198
v -0.340667725 0.680130005 0.123435989
vt 0.368896484 0.219970703
vn 0.307162881 0.456806242 0.834852695
v -0.313171387 0.687500000 0.107009903
vt 0.342529297 0.221435547
vn 0.212480009 0.495786488 0.842050016
v -0.332061768 0.678009033 0.124801651
vt 0.368164062 0.227050781
vn 0.471259236 -0.133523345 0.871829331
v -0.310119629 0.681915283 0.112915047
vt 0.344726562 0.227294922
vn 0.511795342 -0.259834439 0.818872273
v -0.333679199 0.655807495 0.111793533
vt 0.370117188 0.244873047
vn 0.471564800 -0.526580453 0.707346916
v -0.368011475 0.668945312 0.142135650
vt 0.386962891 0.217041016
vn 0.387113124 -0.197506562 0.900630176
v -0.305938721 0.655227661 0.091621406
vt 0.335449219 0.248046875
vn 0.496602237 -0.488719493 0.717314124
v -0.338684082 0.648040771 0.107566848
vt 0.375244141 0.250976562
vn 0.473720431 -0.086848661 0.876382470
v -0.365203857 0.650177002 0.123435989
vt 0.387451172 0.237060547
vn 0.346081495 -0.770817637 0.534853041
v -0.311614990 0.649414062 0.092124946
vt 0.340087891 0.250732422
vn 0.526125848 0.062821046 0.848083198
v -0.280242920 0.646453857 0.072319038
vt 0.312744141 0.261230469
vn 0.559193969 0.204775274 0.803348839
v -0.307647705 0.634140015 0.094215401
vt 0.344970703 0.258544922
vn 0.513277113 0.189517707 0.837036252
v -0.341461182 0.636810303 0.113105789
vt 0.379150391 0.260253906
vn 0.425091535 0.236161977 0.873799026
v -0.291931152 0.631301880 0.084114082
vt 0.332031250 0.264648438
vn 0.205362096 -0.884636402 0.418622583
v -0.284057617 0.630615234 0.079017647
vt 0.324707031 0.267333984
vn 0.173459813 -0.954028547 0.244420558
v -0.309448242 0.629058838 0.066116340
vt 0.340820312 0.282470703
vn 0.000000060 -0.992033720 0.125972584
vt 0.732177734 0.210449219
v -0.368896484 0.636077881 0.125152618
vt 0.703369141 0.219238281
vn 0.055068705 -0.959767520 0.275343150
vt 0.736083984 0.203369141
vt 0.666992188 0.187988281
v -0.383697510 0.644897461 0.128112823
vt 0.691650391 0.234863281
vn 0.267476290 -0.228141382 0.936166584
vt 0.738037109 0.225830078
v -0.403778076 0.633285522 0.104438804
vt 0.669189453 0.208740234
vn -0.528971136 -0.828984737 0.181587219
vt 0.710693359 0.240722656
vt 0.658691406 0.188964844
vt 0.642089844 0.173339844
vt 0.649658203 0.193847656
v -0.405639648 0.644363403 0.101554893
vt 0.656982422 0.209960938
vn -0.756445110 -0.654009879 0.007879764
v -0.405120850 0.656341553 0.108726524
vt 0.659423828 0.218261719
vn -0.622317433 -0.732601523 -0.275710136
v -0.409606934 0.655776978 0.105613731
vt 0.654052734 0.218505859
vn 0.236161828 -0.425091505 -0.873799145
v -0.397766113 0.644989014 0.115776084
vt 0.672363281 0.224365234
vn -0.473263234 -0.843986213 0.252407163
v -0.384552002 0.636260986 0.127090484
vt 0.687500000 0.226806641
vn -0.409055799 -0.629316807 0.660782695
v -0.394531250 0.646072388 0.130767852
vt 0.682128906 0.236328125
vn 0.384956598 -0.903469563 -0.188550174
v -0.416839600 0.637283325 0.117332481
vt 0.663085938 0.228271484
vn 0.188555956 -0.785649955 -0.589237452
v -0.372802734 0.651336670 0.134033233
vt 0.699462891 0.246582031
vn 0.400372833 -0.667287827 0.628035545
vt 0.725585938 0.255126953
v -0.381103516 0.650451660 0.138229400
vt 0.692138672 0.249023438
vn 0.955842555 -0.236985683 0.173789442
vt 0.701904297 0.267089844
v -0.384490967 0.659790039 0.138778716
vt 0.692138672 0.260009766
vn 0.259939343 0.535632432 0.803448498
v -0.373535156 0.676467896 0.136993408
vt 0.697998047 0.272460938
vn 0.062906504 0.172992602 0.982912242
v -0.387756348 0.679153442 0.130203247
vt 0.690185547 0.270996094
vn 0.007872848 0.763661265 0.645569205
v -0.372863770 0.681777954 0.140930176
vt 0.692626953 0.281250000
vn -0.228374630 -0.157499805 0.960749090
vt 0.694580078 0.290283203
vt 0.700195312 0.302978516
vt 0.702636719 0.305175781
vt 0.697265625 0.296142578
vt 0.690917969 0.317382812
vt 0.887695312 0.581054688
vt 0.866699219 0.566650391
v -0.415527344 0.632598877 0.130950958
vt 0.884521484 0.566894531
vn 0.337236762 -0.941125870 0.023528144
v -0.399810791 0.638442993 0.137176543
vt 0.869384766 0.561767578
vn 0.205112681 -0.978229523 -0.031555776
vt 0.882080078 0.597656250
vt 0.877929688 0.590332031
v -0.416198730 0.644760132 0.156936675
vt 0.875732422 0.547607422
vn 0.284445107 -0.877038836 0.387161285
v -0.403625488 0.645385742 0.153411895
vt 0.865478516 0.549804688
vn -0.629745543 -0.732079268 0.259770155
v -0.415435791 0.648406982 0.164123565
vt 0.871582031 0.542236328
v -0.407135010 0.650375366 0.162811309
vt 0.865234375 0.542236328
vn 0.063125476 -0.544455945 0.836410820
v -0.420440674 0.640960693 0.160034209
vt 0.879638672 0.543701172
vn 0.402951330 -0.813803494 0.418753237
v -0.423156738 0.632095337 0.133255035
vt 0.888671875 0.561523438
vn 0.520605862 -0.820348561 0.236638978
v -0.429382324 0.628280640 0.141906768
vt 0.894287109 0.553955078
vn 0.236926690 -0.971399188 -0.015795097
v -0.431823730 0.627990723 0.130432159
vt 0.896728516 0.562744141
vn 0.039270379 -0.934635103 -0.353433430
v -0.445556641 0.623069763 0.152298003
vt 0.905517578 0.542968750
vn 0.675554752 -0.714831173 0.180671543
v -0.459991455 0.625015259 0.143920928
vt 0.916503906 0.547119141
vn -0.462137908 -0.603129089 -0.650126040
v -0.444549561 0.632064819 0.128265411
vt 0.907958984 0.561767578
vn -0.611393511 -0.658423722 -0.438949078
v -0.446716309 0.634368896 0.125015289
vt 0.909423828 0.566406250
vn -0.353172153 -0.604316711 -0.714192390
v -0.452087402 0.642242432 0.129165679
vt 0.916992188 0.568115234
vn -0.544218838 -0.828159213 -0.134082809
v -0.450469971 0.655258179 0.123611480
vt 0.921142578 0.580810547
vn -0.858374178 0.157499775 -0.488249391
v -0.463317871 0.650085449 0.132247955
vt 0.926513672 0.571533203
vn -0.502816141 0.377111942 -0.777793407
v -0.444763184 0.653488159 0.112571746
vt 0.912597656 0.585205078
vn -0.589237630 0.188555941 -0.785649955
v -0.446044922 0.672546387 0.127914459
vt 0.928710938 0.595214844
vn -0.702597618 0.544710398 -0.457872480
v -0.419311523 0.653366089 0.101593040
vt 0.894042969 0.594482422
vn -0.165165097 -0.393250018 -0.904474974
v -0.423583984 0.680801392 0.118049644
vt 0.914062500 0.614257812
vn -0.243815109 0.833689988 -0.495494992
v -0.437316895 0.681381226 0.128997833
vt 0.929199219 0.607177734
vn -0.591634333 0.773068786 -0.228765205
v -0.418273926 0.673034668 0.105155967
vt 0.900878906 0.608642578
vn -0.125414178 0.517332852 -0.846544743
vt 0.884765625 0.598632812
vt 0.879150391 0.603759766
v -0.405975342 0.656463623 0.103149436
vt 0.885009766 0.603027344
vn -0.655313075 0.497406363 0.568464458
v -0.407257080 0.671157837 0.110542320
vt 0.892089844 0.614013672
vn -0.860163152 0.505049825 -0.071022548
v -0.398437500 0.674224854 0.120445274
vt 0.891113281 0.623046875
vn -0.511161804 0.857179046 0.062912256
v -0.400085449 0.680816650 0.123115562
vt 0.898925781 0.626464844
vn 0.252572000 0.805073619 -0.536715865
v -0.397552490 0.685455322 0.134841949
vt 0.905029297 0.635986328
vn 0.362869024 0.907172561 0.212988257
vt 0.894531250 0.635009766
v -0.388031006 0.669876099 0.126403838
vt 0.889648438 0.634277344
vn -0.714919269 0.306394011 0.628500640
v -0.398895264 0.634735107 0.166610748
vt 0.970947266 0.514648438
vn -0.614955306 -0.788404346 -0.015767973
v -0.391174316 0.632644653 0.154006988
vt 0.957031250 0.516601562
vn 0.433178335 -0.897860467 -0.078759715
v -0.377990723 0.640808105 0.166839629
vt 0.959228516 0.507324219
vn 0.769960821 -0.628539383 -0.109994479
v -0.395996094 0.631118774 0.176467925
vt 0.973144531 0.504150391
vn -0.015734371 -0.967664421 -0.251750052
v -0.397399902 0.633255005 0.148574859
vt 0.958251953 0.522216797
vn -0.314327896 -0.903692722 -0.290753245
v -0.380157471 0.644714355 0.145538360
vt 0.941894531 0.521240234
vn 0.513021171 -0.726122260 -0.457772732
vt 0.953613281 0.531005859
vt 0.945068359 0.535400391
vt 0.968261719 0.527343750
v -0.402374268 0.650756836 0.169769317
vt 0.982177734 0.522216797
vn -0.984923959 0.086673267 0.149708569
vt 0.978027344 0.528564453
v -0.401702881 0.635482788 0.184646636
vt 0.981445312 0.504150391
vn -0.989064574 -0.133445263 0.062797882
v -0.398254395 0.630065918 0.205398589
vt 0.989013672 0.489013672
vn -0.722954094 -0.652230442 0.227887839
v -0.389099121 0.625885010 0.200103790
vt 0.981933594 0.484375000
vn 0.180911839 -0.983216226 -0.023597170
v -0.387817383 0.630874634 0.208221465
vt 0.991210938 0.481445312
vn 0.227782384 -0.298473269 0.926838100
v -0.397186279 0.640747070 0.207061797
vt 0.996826172 0.492919922
vn -0.763732135 0.322814643 0.559020579
v -0.398986816 0.651443481 0.189682037
vt 0.993896484 0.510742188
vn -0.352391571 0.853570640 0.383715272
v -0.393188477 0.657302856 0.168319732
vt 0.989990234 0.527832031
vn -0.007840772 0.909531295 0.415561706
v -0.399383545 0.657196045 0.167434722
vt 0.986083984 0.528076172
vn -0.346897811 0.425738364 0.835708678
v -0.401489258 0.660629272 0.165939361
vt 0.986572266 0.531738281
vn 0.196455032 0.432200909 0.880118132
v -0.389282227 0.663604736 0.164276153
vt 0.994873047 0.534179688
vn 0.070673682 0.549683630 0.832378030
vt 0.613769531 0.980468750
v -0.436370850 0.631317139 0.148452789
vt 0.615478516 0.962890625
vn 0.297931701 -0.705627441 0.642904937
vt 0.623291016 0.965332031
vt 0.610839844 0.951416016
v -0.430236816 0.642868042 0.162506133
vt 0.607177734 0.974853516
vn 0.126262575 -0.875945926 0.465592861
v -0.422058105 0.648605347 0.172332793
vt 0.603759766 0.985107422
vn 0.496525049 -0.732965410 0.464999527
v -0.439453125 0.644119263 0.176361114
vt 0.593017578 0.974365234
vn -0.204073831 -0.941879332 -0.266865730
v -0.443817139 0.638427734 0.160964996
vt 0.603515625 0.963378906
vn 0.624452353 -0.632356703 0.458458573
v -0.442321777 0.645736694 0.172882110
vt 0.594482422 0.970703125
v -0.450744629 0.641906738 0.182113677
vt 0.584960938 0.966064453
vn 0.699530900 0.353695422 0.620931685
v -0.448211670 0.657028198 0.164657623
vt 0.584228516 0.983398438
vn -0.157251328 0.786256850 0.597555161
v -0.453735352 0.631072998 0.179611236
vt 0.586914062 0.956054688
vn 0.864081681 -0.463461906 0.196382076
v -0.454620361 0.628997803 0.170990020
vt 0.593505859 0.951660156
vn 0.906383395 -0.252211004 0.338908434
v -0.456787109 0.610534668 0.171112090
vt 0.601318359 0.937988281
vn 0.659925580 -0.699206948 -0.274969041
vt 0.620849609 0.941162109
v -0.470581055 0.614440918 0.163299590
vt 0.610351562 0.927978516
vn -0.710846424 -0.402813017 -0.576575279
v -0.466796875 0.635025024 0.163864166
vt 0.626708984 0.923339844
vn -0.827593148 0.346800834 -0.441382855
v -0.459289551 0.621101379 0.202575713
vt 0.566406250 0.952880859
vn 0.816647768 -0.557519019 0.149195179
v -0.467315674 0.618301392 0.189758331
vt 0.574462891 0.946044922
vn 0.732419789 -0.448902339 0.511906147
v -0.461059570 0.629562378 0.201126128
vt 0.565429688 0.959472656
vn 0.630058050 0.464667827 0.622182190
v -0.464630127 0.641830444 0.191909820
vt 0.571044922 0.968505859
vn -0.062976487 0.842310965 0.535300314
v -0.461334229 0.652786255 0.168075591
vt 0.573242188 0.984863281
vn -0.693601906 0.685719907 -0.220691442
v -0.453704834 0.642166138 0.143646270
vt 0.065185547 0.403076172
vt 0.081787109 0.415771484
vt 0.062255859 0.415039062
vt 0.050781250 0.415283203
v -0.449523926 0.642410278 0.150360137
vt 0.061279297 0.398437500
vn -0.816295505 0.392449677 -0.423845649
v -0.451568604 0.650009155 0.148468047
vt 0.068115234 0.397216797
vn -0.543307006 -0.771653533 0.330708742
vt 0.089355469 0.413574219
vt 0.058349609 0.381591797
v -0.475158691 0.647018433 0.138519317
vt 0.092041016 0.399658203
vn -0.251353651 -0.942576408 0.219934568
vt 0.099609375 0.404541016
v -0.445251465 0.658157349 0.154968292
vt 0.068603516 0.385253906
vn -0.589001179 -0.455494314 0.667534769
vt 0.067382812 0.378906250
v -0.471649170 0.654937744 0.154663116
vt 0.082031250 0.390136719
vn -0.227697849 -0.769462049 0.596725881
v -0.474334717 0.651977539 0.139511138
vt 0.092529297 0.396240234
vn -0.480240613 0.771533966 -0.417258143
v -0.451080322 0.659179688 0.137756377
vt 0.102294922 0.385742188
vn -0.525575161 0.713840783 -0.462819785
vt 0.112304688 0.387695312
v -0.470001221 0.657119751 0.150512725
vt 0.086425781 0.389160156
vn -0.465071917 0.804022491 -0.370480925
v -0.451965332 0.666336060 0.140533477
vt 0.101074219 0.376464844
vn -0.776787281 0.541397095 -0.321699709
v -0.448333740 0.662445068 0.165390044
vt 0.071044922 0.375976562
vn -0.283385396 -0.637617409 0.716335714
vt 0.112792969 0.371093750
v -0.465545654 0.664901733 0.156600982
vt 0.087158203 0.380859375
vn -0.661253393 0.661253333 -0.354242831
v -0.464965820 0.665069580 0.168090850
vt 0.081054688 0.379150391
vn -0.442359477 0.086892083 0.892618537
v -0.456207275 0.672439575 0.160629302
vt 0.083984375 0.371582031
vn -0.402361453 0.915175021 0.023668334
v -0.446624756 0.673629761 0.150085479
vt 0.093750000 0.366210938
vn -0.637065053 0.770770013 0.007865050
vt 0.114746094 0.360107422
v -0.446350098 0.664535522 0.170837432
vt 0.068603516 0.369628906
vn -0.951782763 0.117989533 -0.283174872
vt 0.059082031 0.376464844
v -0.449127197 0.676208496 0.174133331
vt 0.074951172 0.365478516
vn -0.290861011 0.455944449 0.841138959
v -0.434326172 0.668304443 0.167251617
vt 0.067871094 0.355224609
vn 0.243966028 0.598110139 0.763377249
v -0.432678223 0.675247192 0.165298492
vt 0.079345703 0.353759766
vn 0.118165240 0.850789487 0.512049139
v -0.437896729 0.684005737 0.154312164
vt 0.093505859 0.354736328
vn -0.472910374 0.819711268 0.323155433
v -0.432495117 0.687744141 0.145813018
vt 0.100585938 0.350585938
vn -0.205541700 0.964464605 -0.166014403
vt 0.126464844 0.347167969
v -0.419891357 0.687606812 0.143341094
vt 0.100585938 0.339355469
vn 0.196643233 0.920290351 0.338226318
vt 0.104980469 0.319824219
v -0.402038574 0.668075562 0.157333404
vt 0.077392578 0.326416016
vn 0.338824421 0.756445229 0.559454083
v -0.391296387 0.666213989 0.142974883
vt 0.085449219 0.312500000
vn 0.636769652 0.723244548 0.267285913
vt 0.107666016 0.310791016
vt 0.086669922 0.304931641
v -0.425933838 0.667602539 0.171661407
vt 0.070800781 0.348388672
vn 0.205189347 0.599784136 0.773405731
vt 0.068115234 0.327392578
v -0.423400879 0.657165527 0.172714263
vt 0.063232422 0.345458984
vn 0.577205956 0.561392009 0.593019664
v -0.420196533 0.659118652 0.173172027
vt 0.064941406 0.342773438
vn 0.378787518 -0.181502238 0.907511413
vt 0.060058594 0.327880859
vt 0.057617188 0.341064453
vt 0.057373047 0.333496094
vt 0.050781250 0.331298828
v -0.471710205 0.627716064 0.170883209
vt 0.322021484 0.980468750
vn -0.969195366 0.031518493 -0.244268596
vt 0.332763672 0.974853516
v -0.471923828 0.603874207 0.175903350
vt 0.341064453 0.984619141
vn -0.848083377 -0.408336461 -0.337662667
vt 0.345947266 0.973632812
v -0.472991943 0.625839233 0.181777984
vt 0.323486328 0.989257812
vn -0.972005606 -0.158049747 -0.173854530
vt 0.316650391 0.973144531
v -0.475708008 0.639495850 0.184127837
vt 0.313476562 0.992431641
vn -0.880118191 0.463633597 -0.102156468
vt 0.301757812 0.976318359
vt 0.302978516 0.960205078
vt 0.304443359 0.998046875
v -0.376403809 0.636764526 0.177902251
vt 0.059814453 0.036132812
vn 0.643974662 -0.730361521 -0.227747187
vt 0.064697266 0.044921875
vt 0.052978516 0.041992188
v -0.380584717 0.633026123 0.189758331
vt 0.069580078 0.034912109
vn 0.504641473 -0.851582527 -0.141930446
vt 0.082031250 0.037109375
v -0.377532959 0.648971558 0.182006866
vt 0.057128906 0.026611328
vn 0.565127552 0.769201398 0.298261702
v -0.381011963 0.634201050 0.202941924
vt 0.077636719 0.029785156
vn 0.842284799 -0.472309172 0.259769946
vt 0.085205078 0.028320312
v -0.376800537 0.638290405 0.183700591
vt 0.062988281 0.033203125
vn 0.983033836 -0.094371200 0.157285273
v -0.380523682 0.640686035 0.201690704
vt 0.074462891 0.025878906
vn 0.849341333 0.290978074 0.440399051
v -0.387023926 0.640243530 0.206375152
vt 0.078613281 0.021240234
vn 0.235673219 0.801288843 0.549903989
vt 0.081298828 0.012207031
vt 0.062988281 0.008789062
vt 0.044189453 0.014648438
v -0.380798340 0.656219482 0.166824371
vt 0.043945312 0.025878906
vn 0.793653488 0.495051235 0.353607893
vt 0.038085938 0.015869141
v -0.375854492 0.645629883 0.154052764
vt 0.039794922 0.038574219
vn 0.983033836 -0.157285362 -0.094371371
vt 0.040527344 0.051513672
vt 0.031494141 0.044433594
vt 0.024414062 0.042480469
vt 0.017089844 0.051269531
v -0.381103516 0.664169312 0.157714874
vt 0.033447266 0.024414062
vn 0.868378937 0.481555670 -0.118415453
vt 0.020507812 0.033447266
vt 0.019775391 0.022705078
v -0.387451172 0.670089722 0.158996612
vt 0.031738281 0.018554688
vn 0.173030019 0.935935080 0.306734979
vt 0.023681641 0.009521484
vt 0.031738281 0.008056641
v -0.453918457 0.626663208 0.223632842
vt 0.216064453 0.989501953
vn 0.110154346 -0.991388738 -0.070813447
v -0.452270508 0.635681152 0.196228057
vt 0.237792969 0.985351562
vn 0.071111269 -0.956051469 -0.284445018
v -0.441864014 0.644027710 0.210220367
vt 0.232910156 1.000000000
vn 0.943829298 -0.204496264 0.259552926
v -0.431610107 0.650314331 0.191513091
vt 0.250488281 0.999511719
vn 0.869579196 -0.015668031 0.493544817
v -0.465515137 0.642517090 0.207183868
vt 0.229003906 0.973632812
vn -0.989919007 -0.133560538 -0.047138862
v -0.466156006 0.635574341 0.220932037
vt 0.217529297 0.975585938
vn -0.928673327 -0.110181615 0.354155242
v -0.464721680 0.649551392 0.190917999
vt 0.242187500 0.971191406
vn -0.893734574 0.071182333 -0.442912579
vt 0.257568359 0.987304688
vt 0.265625000 1.000000000
vt 0.265380859 0.971191406
v -0.448028564 0.637512207 0.227905303
vt 0.031738281 0.162353516
vn 0.787377238 0.291329622 0.543290079
vt 0.027343750 0.170898438
vt 0.021972656 0.151611328
v -0.455322266 0.637222290 0.232162505
vt 0.035400391 0.166503906
vn -0.348057151 -0.087014295 0.933426321
vt 0.044677734 0.175048828
v -0.453735352 0.659225464 0.206924468
vt 0.042236328 0.146972656
vn 0.015738789 0.881370842 0.472162932
v -0.455780029 0.646148682 0.224731475
vt 0.040771484 0.161865234
vn -0.482277453 0.703650773 0.521808386
vt 0.055664062 0.161621094
vt 0.028320312 0.131591797
vt 0.058593750 0.143798828
v -0.443634033 0.667922974 0.182785064
vt 0.045898438 0.125732422
vn 0.062803559 0.949903846 0.306167305
vt 0.053955078 0.119140625
vt 0.045898438 0.112548828
vt 0.029541016 0.115478516
vt 0.023681641 0.116455078
vt 0.263916016 0.020019531
vt 0.258056641 0.007812500
v -0.465820312 0.590347290 0.188735992
vt 0.278564453 0.016113281
vn 0.172800362 -0.958256423 -0.227782235
v -0.472015381 0.601448059 0.197265655
vt 0.278564453 0.028076172
vn -0.888854921 -0.094391696 0.448360592
vt 0.257812500 0.036621094
vt 0.453857422 0.988769531
v -0.461303711 0.600753784 0.196868926
vt 0.474121094 0.988769531
vn 0.858773828 -0.015757257 0.512112677
vt 0.473388672 0.999023438
vt 0.454345703 0.971923828
vt 0.481689453 0.988525391
vt 0.474609375 0.974609375
vt 0.481201172 0.968261719
vt 0.129638672 0.989257812
v -0.480987549 0.626235962 0.203842193
vt 0.141845703 0.976074219
vn -0.944647670 0.283394247 0.165313438
vt 0.140625000 0.994873047
v -0.475921631 0.607971191 0.203796417
vt 0.130371094 0.966552734
vn -0.377566755 -0.810195208 -0.448360384
v -0.477783203 0.607299805 0.210617095
vt 0.135253906 0.962402344
vn -0.164854154 -0.824271321 0.541664064
vt 0.152099609 0.991943359
v -0.471160889 0.617553711 0.219772369
vt 0.149169922 0.962646484
vn 0.180822432 0.039309245 0.982729852
v -0.470062256 0.628631592 0.210418731
vt 0.150878906 0.974365234
vn -0.039368812 0.755882144 0.653523028
vt 0.158935547 0.980468750
vt 0.512207031 0.022460938
vt 0.512939453 0.001708984
vt 0.518066406 0.009033203
vt 0.526611328 0.017333984
vt 0.511962891 0.028076172
vt 0.523681641 0.033691406
vt 0.533935547 0.018310547
v 0.337982118 0.678359985 -0.141159147
vt 0.047607422 0.085937500
vn 0.679083705 -0.150030136 -0.718565464
vt 0.043212891 0.095458984
v 0.331481874 0.670578003 -0.145309538
vt 0.044433594 0.079345703
vn 0.694205761 -0.118330531 -0.709983289
vt 0.041015625 0.068115234
vt 0.047363281 0.104980469
v 0.314910829 0.691619873 -0.163864225
vt 0.051269531 0.065917969
vn 0.251749963 -0.015734412 -0.967664480
vt 0.046630859 0.055664062
v 0.330749452 0.691894531 -0.148880094
vt 0.050537109 0.078369141
vn 0.677228272 0.070872739 -0.732351720
v 0.350097597 0.685440063 -0.130523771
vt 0.054199219 0.092529297
vn 0.731920481 0.078701138 -0.676829875
vt 0.051757812 0.107910156
vt 0.063476562 0.106445312
v 0.363647401 0.712493896 -0.109527662
vt 0.070556641 0.099609375
vn 0.717224956 0.504422069 -0.480777323
v 0.343780458 0.694427490 -0.136352628
vt 0.053955078 0.086425781
vn 0.709961057 0.055219200 -0.702072799
v 0.341522157 0.721603394 -0.132965177
vt 0.065185547 0.085937500
vn 0.757032752 0.323316097 -0.567774713
v 0.337951601 0.727737427 -0.122581556
vt 0.071289062 0.086669922
vn 0.514207661 0.830643296 -0.213594094
v 0.328308046 0.701721191 -0.145385832
vt 0.053955078 0.077880859
vn 0.590167046 0.141640112 -0.794758558
v 0.334258974 0.706497192 -0.146926969
vt 0.055908203 0.079833984
vn 0.669685781 -0.055150613 -0.740593910
v 0.322936952 0.727310181 -0.153823942
vt 0.062500000 0.076171875
vn 0.639761627 0.592372000 -0.489694297
v 0.315002382 0.710464478 -0.154342741
vt 0.057617188 0.069091797
vn 0.401749104 0.133916378 -0.905905187
v 0.320678651 0.719680786 -0.159927458
vt 0.060546875 0.073730469
vn -0.023597321 0.039328605 -0.998947680
v 0.314330995 0.734603882 -0.145233244
vt 0.066894531 0.072265625
vn 0.417465121 0.669519663 -0.614382863
v 0.304992616 0.710342407 -0.163696378
vt 0.060058594 0.062011719
vn -0.401674569 -0.063007809 -0.913612425
v 0.360870302 0.721664429 -0.084915236
vt 0.082519531 0.099609375
vn 0.549971938 0.817101240 -0.172848448
v 0.376617372 0.708511353 -0.086647116
vt 0.077148438 0.104980469
vn 0.582262158 0.786840737 -0.204578698
v 0.341918886 0.730178833 -0.103004530
vt 0.079589844 0.089355469
vn 0.557519019 0.816647708 -0.149195358
v 0.329315126 0.729125977 -0.124153212
vt 0.072021484 0.083007812
vn 0.677774906 0.630488336 -0.378293127
v 0.326263368 0.738677979 -0.125198454
vt 0.074218750 0.079589844
vn 0.709629953 0.599243164 -0.370584667
v 0.310424745 0.740585327 -0.146072477
vt 0.068847656 0.070068359
vn -0.292246044 0.821448028 -0.489709437
v 0.344329774 0.730560303 -0.085685804
vt 0.086181641 0.092285156
vn 0.345472842 0.926495373 0.149181381
v 0.367492616 0.718719482 -0.064827040
vt 0.090087891 0.104003906
vn 0.339711368 0.924331009 0.173805758
v 0.337158144 0.723709106 -0.047302324
vt 0.103027344 0.094482422
vn 0.244443312 0.938346922 0.244443253
v 0.315032899 0.746200562 -0.122367933
vt 0.077636719 0.074707031
vn 0.369792223 0.920546770 -0.125886828
v 0.314086854 0.746765137 -0.112892225
vt 0.081542969 0.074707031
vn 0.252164006 0.961375415 0.110321693
v 0.318298280 0.734039307 -0.067283705
vt 0.098144531 0.083496094
vn 0.180565804 0.942082405 0.282624632
v 0.316284120 0.730041504 -0.062446669
vt 0.101318359 0.083496094
vn 0.070949763 0.953880250 0.291682363
v 0.326538086 0.719039917 -0.025316313
vt 0.114257812 0.092285156
vn 0.047318999 0.875400960 0.481076181
v 0.305633485 0.739181519 -0.091133185
vt 0.092529297 0.072509766
vn 0.015804473 0.956170857 0.292382807
v 0.297668457 0.725585938 -0.036670756
vt 0.114013672 0.078857422
vn 0.015797103 0.884636521 0.466013819
v 0.305511415 0.747497559 -0.104507513
vt 0.086425781 0.071533203
vn -0.197162375 0.970038831 0.141956881
v 0.308013856 0.741607666 -0.131210417
vt 0.074707031 0.070312500
vn -0.714566708 0.698861837 -0.031409461
v 0.306976259 0.737854004 -0.111259528
vt 0.082275391 0.069335938
vn -0.557639420 0.777553499 -0.290600777
v 0.298217714 0.742706299 -0.105697699
vt 0.086425781 0.066650391
vn 0.047401529 0.987533152 -0.150105089
v 0.301879823 0.733184814 -0.126358122
vt 0.077148438 0.065185547
vn -0.377566785 0.888854980 -0.259577096
v 0.301605165 0.725723267 -0.144058317
vt 0.069824219 0.062500000
vn -0.527477384 0.716424406 -0.456622094
v 0.298309267 0.732696533 -0.139984220
vt 0.073974609 0.061523438
vn 0.376508147 0.839299619 -0.392196149
v 0.305694520 0.719497681 -0.157943815
vt 0.063232422 0.063476562
vn 0.094865233 0.561286688 -0.822166502
v 0.296691835 0.718811035 -0.155792326
vt 0.065673828 0.057617188
vn -0.369198650 0.361343175 -0.856226385
vt 0.065185547 0.051025391
vt 0.072509766 0.053710938
v 0.304107606 0.685943604 -0.152679533
vt 0.053710938 0.056640625
vn -0.827361941 -0.315185517 -0.464898407
vt 0.057861328 0.052246094
v 0.288787782 0.729660034 -0.149307340
vt 0.072265625 0.057128906
vn -0.434555382 0.750595510 -0.497763276
vt 0.078857422 0.056152344
v 0.291656435 0.738479614 -0.122619696
vt 0.081787109 0.060302734
vn -0.628597617 0.738602161 -0.243581519
vt 0.084960938 0.051757812
v 0.288146913 0.741683960 -0.092552252
vt 0.093017578 0.064453125
vn -0.243905589 0.967754304 0.062943354
v 0.279571474 0.735015869 -0.092086859
vt 0.094726562 0.059570312
vn -0.847013354 0.494091034 -0.196067795
vt 0.090087891 0.053955078
v 0.283599794 0.735839844 -0.068298407
vt 0.103515625 0.065429688
vn -0.157110602 0.966230154 0.204243720
v 0.273315370 0.729461670 -0.077499457
vt 0.100830078 0.058349609
vn -0.915688097 0.284179002 -0.284178913
vt 0.097900391 0.051757812
vt 0.104248047 0.051757812
v 0.269958436 0.713470459 -0.069793768
vt 0.108398438 0.053710938
vn -0.876136899 0.023679314 -0.481480509
vt 0.112304688 0.046142578
v 0.266509950 0.723220825 -0.059440680
vt 0.110107422 0.059082031
vn -0.906721413 0.394226640 -0.149806038
v 0.279296815 0.729873657 -0.044193339
vt 0.113037109 0.069335938
vn -0.354748785 0.559714854 0.748914301
v 0.265991151 0.686035156 -0.066238470
vt 0.117919922 0.047607422
vn -0.912904978 0.133787736 -0.385623515
vt 0.118408203 0.043212891
v 0.266632020 0.721588135 -0.046638556
vt 0.114501953 0.062988281
vn -0.732737899 0.456976324 0.504249871
v 0.259246826 0.695770264 -0.042568270
vt 0.122802734 0.057861328
vn -0.995713115 0.086927295 -0.031609815
v 0.261993408 0.694869995 -0.040458743
vt 0.123779297 0.059814453
vn -0.401462734 0.070846401 0.913131237
v 0.282348633 0.691101074 -0.031990118
vt 0.128662109 0.072265625
vn -0.394398242 -0.189311191 0.899228275
v 0.257904053 0.671295166 -0.055702273
vt 0.127441406 0.050781250
vn -0.990989983 0.007864961 0.133705124
vt 0.131591797 0.043945312
vt 0.125000000 0.037841797
vt 0.129394531 0.032958984
vt 0.134277344 0.047119141
v 0.267669678 0.676147461 -0.047473971
vt 0.130371094 0.057373047
vn -0.423884749 -0.408185393 0.808521152
v 0.289062500 0.668197632 -0.041324683
vt 0.137939453 0.066406250
vn -0.377765268 -0.432856202 0.818491757
vt 0.143798828 0.065185547
vt 0.148925781 0.071533203
vt 0.147949219 0.079833984
vt 0.145507812 0.079833984
vt 0.135253906 0.083007812
v 0.288726807 0.699478149 -0.032035895
vt 0.125488281 0.076660156
vn -0.188555896 0.345686048 0.919210494
v 0.304382324 0.695266724 -0.030992579
vt 0.128906250 0.082519531
vn -0.110400543 0.615089238 0.780690074
v 0.297760010 0.712280273 -0.032512732
vt 0.119873047 0.080566406
vn -0.251283824 0.062821023 0.965872705
v 0.318725586 0.708908081 -0.024879528
vt 0.119628906 0.089843750
vn -0.401350826 -0.275436908 0.873528600
v 0.301818848 0.708038330 -0.037082743
vt 0.122802734 0.082275391
vn -0.142031863 -0.149922639 0.978442788
v 0.326965332 0.704544067 -0.029062346
vt 0.123291016 0.091796875
vn -0.361588657 0.094327524 0.927553833
v 0.317687988 0.695816040 -0.025182797
vt 0.128417969 0.087890625
vn -0.306308866 0.416266054 0.856094360
v 0.384887636 0.708404541 -0.058254324
vt 0.063964844 0.842041016
vn 0.408600956 0.911494613 -0.047146365
vt 0.043945312 0.842773438
vt 0.058349609 0.821044922
vt 0.041259766 0.851318359
vt 0.058105469 0.806884766
vt 0.064208984 0.822998047
v 0.396575928 0.703231812 -0.028507316
vt 0.057617188 0.864013672
vn 0.495311230 0.809794545 0.314483225
v 0.379638612 0.713745117 -0.067154013
vt 0.068847656 0.835449219
vn 0.572377443 0.815441847 -0.086248770
vt 0.076660156 0.820068359
vt 0.078857422 0.834228516
v 0.376373231 0.711990356 -0.053287584
vt 0.071289062 0.843994141
vn 0.321709663 0.933742762 0.156931460
vt 0.100341797 0.847656250
v 0.363891602 0.712799072 -0.031379778
vt 0.080810547 0.859863281
vn 0.243973508 0.944413662 0.220363110
vt 0.106933594 0.864990234
v 0.350830078 0.710937500 -0.014211732
vt 0.089599609 0.872802734
vn -0.015757754 0.756374717 0.653948903
vt 0.112548828 0.872802734
v 0.369659424 0.704437256 -0.008398136
vt 0.077148438 0.876708984
vn 0.236521363 0.725332022 0.646491408
v 0.364685059 0.691970825 -0.004312594
vt 0.077880859 0.886962891
vn 0.197242245 -0.536498487 0.820527196
v 0.367980957 0.697128296 -0.018894276
vt 0.067626953 0.885009766
vn 0.331129879 -0.930317104 0.157680869
v 0.344451904 0.702026367 -0.013005332
vt 0.093505859 0.880126953
vn -0.411378890 -0.055377923 0.909780562
v 0.339172363 0.702362061 -0.023428040
vt 0.101562500 0.881835938
vn -0.527624309 -0.157499835 0.834749222
vt 0.111816406 0.879150391
vt 0.115966797 0.886962891
v 0.350769043 0.694885254 -0.013858872
vt 0.089843750 0.887207031
vn -0.446993411 -0.031367946 0.893987119
v 0.356384277 0.686080933 -0.013907510
vt 0.083007812 0.894042969
vn -0.015776830 0.560080469 0.828288019
v 0.334777832 0.688827515 -0.018945768
vt 0.102539062 0.891113281
vn -0.172757640 0.573241532 0.800967515
vt 0.125000000 0.891601562
vt 0.113525391 0.899414062
vt 0.096923828 0.895996094
vt 0.085937500 0.902832031
vt 0.080322266 0.906494141
vt 0.085449219 0.910156250
v 0.221557572 0.763092041 -0.181091368
vt 0.776611328 0.174316406
vn 0.395222902 0.505885363 -0.766732693
v 0.228103593 0.756195068 -0.175277770
vt 0.773681641 0.167236328
vn 0.801066339 -0.369118810 -0.471215636
v 0.217468217 0.754364014 -0.188262999
vt 0.782714844 0.170654297
vn 0.181259632 0.110331997 -0.977226615
v 0.210159257 0.742324829 -0.186706603
vt 0.788818359 0.163818359
v 0.193618730 0.760650635 -0.184738219
vt 0.789794922 0.184570312
vn -0.015674967 0.235122412 -0.971839428
v 0.183349565 0.745712280 -0.186615050
vt 0.799560547 0.178466797
vn -0.086280622 0.015687315 -0.996147394
v 0.180358842 0.738586426 -0.184570372
vt 0.803710938 0.173583984
vn -0.086867817 0.134250000 -0.987132728
v 0.189239457 0.724273682 -0.189468443
vt 0.804199219 0.160400391
vn 0.267782867 -0.519814074 -0.811224937
v 0.152862504 0.738754272 -0.182174742
vt 0.817871094 0.183593750
vn 0.449711949 -0.473381102 -0.757409811
v 0.159194902 0.729614258 -0.185165465
vt 0.818847656 0.174804688
vn -0.204243869 -0.157110646 -0.966230154
v 0.171859697 0.760528564 -0.183624327
vt 0.799072266 0.194091797
vn 0.386823297 -0.331562877 -0.860484719
v 0.202941850 0.770629883 -0.183181822
vt 0.781494141 0.185058594
vn 0.212479770 0.495786428 -0.842050016
v 0.183410600 0.773101807 -0.182190001
vt 0.786865234 0.198730469
vn 0.740226388 -0.637854576 -0.212618291
v 0.162216127 0.764038086 -0.207611144
vt 0.811523438 0.205322266
vn 0.409957349 -0.346887112 -0.843566418
v 0.144576982 0.728759766 -0.178848326
vt 0.824707031 0.178710938
vn 0.181327268 -0.646471441 -0.741076946
v 0.144088686 0.745086670 -0.208374083
vt 0.827880859 0.199218750
vn 0.526580453 -0.471564680 -0.707347035
v 0.214431718 0.775665283 -0.170669615
vt 0.770019531 0.180175781
vn 0.355157286 0.710314810 -0.607713938
v 0.236267045 0.766204834 -0.164688170
vt 0.761230469 0.169189453
vn 0.885216415 0.079037197 -0.458415776
v 0.175125077 0.786499023 -0.178772032
vt 0.777343750 0.197753906
vn 0.236653596 0.654741883 -0.717849672
v 0.185821474 0.789093018 -0.206008971
vt 0.793457031 0.217285156
vn 0.313833982 -0.015691733 -0.949348271
v 0.198684648 0.789031982 -0.181579649
vt 0.779296875 0.207519531
vn 0.883095145 -0.425778002 -0.197119564
v 0.118019052 0.751464844 -0.206085265
vt 0.840332031 0.212890625
vn -0.094886266 0.118607618 -0.988397181
v 0.120689340 0.718841553 -0.208862364
vt 0.849853516 0.198730469
vn 0.117843777 -0.502800524 -0.856332064
v 0.091384836 0.733825684 -0.205642760
vt 0.860595703 0.212402344
vn -0.520249963 -0.134003803 -0.843435347
v 0.092651315 0.789672852 -0.197265685
vt 0.853759766 0.239257812
vn -0.417932332 0.212908804 -0.883177459
v 0.103927560 0.818572998 -0.194793761
vt 0.839599609 0.254394531
vn -0.252313048 0.236543328 -0.938288629
v 0.153366029 0.789489746 -0.204605162
vt 0.813964844 0.224609375
vn -0.070732646 0.172901660 -0.982396007
v 0.133377016 0.831115723 -0.192413390
vt 0.820556641 0.254394531
vn 0.007891268 0.402461588 -0.915402889
v 0.190612733 0.812896729 -0.199264586
vt 0.793212891 0.230468750
vn 0.402248591 0.354925364 -0.843933702
v 0.109229989 0.838500977 -0.189056456
vt 0.835449219 0.264648438
vn -0.559714973 0.465115130 -0.685847759
v 0.199142411 0.783416748 -0.167175353
vt 0.766845703 0.187011719
vn 0.243973419 0.787011385 -0.566648245
v 0.191970780 0.792510986 -0.156951964
vt 0.759277344 0.189941406
vn 0.337621063 0.832275450 -0.439692736
v 0.214858964 0.785430908 -0.163162291
vt 0.761474609 0.179931641
vn 0.322315395 0.801858068 -0.503126740
v 0.229110673 0.780853271 -0.155838072
vt 0.751708984 0.171386719
vn 0.565545738 0.785480320 -0.251353800
v 0.154327348 0.799011230 -0.174881041
vt 0.761474609 0.205566406
vn 0.157475322 0.606280446 -0.779503465
v 0.206664994 0.792541504 -0.143386900
vt 0.748779297 0.181640625
vn 0.331914663 0.932522357 -0.142249256
v 0.223419145 0.786254883 -0.140350401
vt 0.743652344 0.176025391
vn 0.527395606 0.826515496 0.196789294
v 0.203033403 0.790832520 -0.138275206
vt 0.742919922 0.183837891
vn 0.416999817 0.873339236 0.251773387
v 0.228195146 0.778015137 -0.134719908
vt 0.740966797 0.173828125
vn 0.471259117 0.856120706 0.212066501
v 0.183151200 0.802124023 -0.142227232
vt 0.747802734 0.189453125
vn 0.481555611 0.876273394 0.015788605
v 0.165634111 0.809295654 -0.150054991
vt 0.748291016 0.196289062
vn 0.385778844 0.818796098 -0.425144225
v 0.151672319 0.819427490 -0.141433775
vt 0.740478516 0.198974609
vn 0.276276529 0.931446731 -0.236808583
v 0.158492997 0.816467285 -0.140518248
vt 0.741210938 0.194580078
vt 0.992919922 0.155029297
vt 0.988281250 0.162841797
vt 0.989501953 0.156005859
v 0.226409867 0.752105713 -0.167602599
vt 0.986816406 0.156250000
vn 0.197137907 -0.938376069 0.283878475
vt 0.989257812 0.147460938
v 0.235122636 0.757141113 -0.126907408
vt 0.974121094 0.171630859
vn 0.517937899 -0.855382144 0.007847512
v 0.219512895 0.761627197 -0.126510680
vt 0.970214844 0.167480469
vn -0.282624632 -0.942082405 0.180565864
v 0.234497026 0.757659912 -0.125839293
vt 0.972900391 0.171875000
vn -0.126035124 -0.677438438 -0.724701583
v 0.240600541 0.769744873 -0.145767272
vt 0.984375000 0.170410156
vn 0.950724483 0.306431890 -0.047143504
vt 0.992919922 0.169677734
vt 0.993164062 0.177978516
vt 0.988037109 0.178955078
v 0.236053422 0.758331299 -0.121681280
vt 0.973388672 0.174072266
vn 0.878195107 -0.478302658 -0.000000094
v 0.241027787 0.770141602 -0.122428961
vt 0.978759766 0.177490234
vn 0.757032871 0.567774713 0.323316008
v 0.219970658 0.778564453 -0.118286200
vt 0.984619141 0.187011719
vn 0.394091994 0.740892887 0.543846786
vt 0.965576172 0.177734375
v 0.194000199 0.769775391 -0.124961913
vt 0.959228516 0.169677734
vn -0.284445018 -0.877038836 -0.387161225
v 0.233322099 0.754943848 -0.103111327
vt 0.970703125 0.183837891
vn 0.670936525 0.347308367 0.655149698
v 0.210952714 0.770874023 -0.107887335
vt 0.981201172 0.192626953
vn 0.291338682 0.519685090 0.803149521
v 0.203704789 0.763275146 -0.103622504
vt 0.977294922 0.196533203
vn 0.291032106 0.684318542 0.668586969
v 0.216979936 0.760406494 -0.099083014
vt 0.970947266 0.191650391
vn 0.298151642 0.690456331 0.659071803
v 0.225280717 0.745330811 -0.090400755
vt 0.964599609 0.187011719
vn 0.685720086 -0.063054658 0.725129068
vt 0.961425781 0.182617188
v 0.200057954 0.743789673 -0.079528868
vt 0.959716797 0.197753906
vn 0.402474284 0.000000058 0.915431380
vt 0.958984375 0.185058594
vt 0.955566406 0.192626953
v 0.472686768 0.657669067 -0.014523597
vt 0.264404297 0.899658203
vn 0.481375545 0.639203727 -0.599746823
vt 0.270263672 0.899658203
vt 0.268554688 0.914062500
vt 0.258300781 0.896484375
v 0.472045898 0.672592163 0.006824402
vt 0.250976562 0.891113281
vn 0.639343083 0.765633225 -0.071038239
vt 0.253417969 0.887451172
v 0.468322754 0.667816162 -0.004485698
vt 0.250000000 0.896972656
vn 0.495817035 0.598128676 -0.629609168
v 0.445587158 0.659912109 -0.027591793
vt 0.261962891 0.915527344
vn 0.568340242 0.536765933 -0.623595774
vt 0.268798828 0.931884766
v 0.446899414 0.670104980 -0.012905209
vt 0.249511719 0.911621094
vn 0.519491732 0.440780997 -0.732011318
v 0.447692871 0.679626465 -0.014491170
vt 0.241699219 0.916503906
vn 0.681146681 0.625704587 -0.380175054
v 0.437072754 0.667755127 -0.040931787
vt 0.258789062 0.932617188
vn 0.635592222 0.345260054 -0.690520167
vt 0.263916016 0.945312500
v 0.441772461 0.667129517 -0.020570843
vt 0.253906250 0.915283203
vn 0.867541492 -0.441657424 0.228715360
v 0.449676514 0.672180176 -0.019348234
vt 0.250732422 0.918945312
vn 0.961196303 0.007878688 -0.275753140
v 0.413452148 0.676742554 -0.047393885
vt 0.252441406 0.951171875
vn 0.205406755 0.434514582 -0.876929462
vt 0.263916016 0.962646484
v 0.432495117 0.692779541 -0.025495617
vt 0.238037109 0.932861328
vn 0.504672766 0.670268655 -0.544100523
v 0.441314697 0.688171387 -0.008366673
vt 0.232177734 0.920166016
vn 0.756093085 0.653705537 -0.031504009
v 0.440368652 0.684219360 -0.000334887
vt 0.229248047 0.914794922
vn 0.695136487 0.718834460 -0.007899402
v 0.436523438 0.692245483 0.006435783
vt 0.221191406 0.917480469
vn 0.165369734 0.874097109 0.456735373
v 0.429046631 0.699661255 -0.006784527
vt 0.224121094 0.927734375
vn 0.102156542 0.982274711 0.157163888
v 0.407592773 0.693466187 -0.036434256
vt 0.237304688 0.954833984
vt 0.240478516 0.958984375
vt 0.253417969 0.966552734
vt 0.263916016 0.964843750
vt 0.234375000 0.964111328
vt 0.229003906 0.967041016
vt 0.225341797 0.959960938
vt 0.135986328 0.958007812
vt 0.135742188 0.943847656
vt 0.145019531 0.954101562
v 0.451782227 0.678970337 0.003466517
vt 0.151123047 0.940673828
vn 0.346209973 0.865524948 0.361946702
vt 0.147216797 0.957031250
vt 0.146484375 0.935302734
v 0.445556641 0.673645020 0.006829651
vt 0.157470703 0.939453125
vn 0.707347035 0.526580572 0.471564561
vt 0.156982422 0.944091797
v 0.445281982 0.682983398 0.009741694
vt 0.153808594 0.932861328
vn 0.820093453 0.559871554 0.118282594
vt 0.145996094 0.927734375
v 0.445800781 0.677993774 0.027494343
vt 0.164306641 0.925537109
vn 0.110031761 0.919551075 0.377251714
v 0.453369141 0.669631958 0.015672594
vt 0.165771484 0.937500000
vn 0.877763450 0.125394806 -0.462393373
v 0.440399170 0.683502197 0.019552143
vt 0.156005859 0.925048828
vn -0.070899062 0.724746644 0.685358107
v 0.406646729 0.681594849 0.010885155
vt 0.138183594 0.901123047
vn -0.259769976 0.732079268 0.629745603
v 0.463500977 0.662261963 0.032852083
vt 0.181152344 0.933105469
vn 0.912255287 0.023592832 -0.408942163
v 0.421997070 0.678329468 0.021615896
vt 0.150634766 0.910156250
vn -0.276095897 0.339203656 0.899284124
v 0.412109375 0.668212891 0.016576683
vt 0.149902344 0.899169922
vn -0.410723895 0.078985415 0.908332050
vt 0.135986328 0.895507812
v 0.422302246 0.666137695 0.021518622
vt 0.156738281 0.906494141
vn -0.552209079 -0.094664417 0.828313887
v 0.439697266 0.660263062 0.044475470
vt 0.177734375 0.912597656
vn -0.852935851 0.157951072 0.497546047
v 0.453613281 0.672042847 0.044967562
vt 0.181152344 0.922607422
vn 0.268274337 0.907398462 0.323507220
v 0.469909668 0.653244019 0.050506499
vt 0.198486328 0.931396484
vn 0.980580688 -0.156892866 -0.117669798
v 0.457000732 0.661682129 0.064224154
vt 0.196777344 0.916992188
vn 0.023661727 0.828159213 0.559993267
v 0.447937012 0.649963379 0.069847018
vt 0.199951172 0.906494141
vn -0.946732640 -0.165678233 0.276130468
v 0.452056885 0.646118164 0.075324923
vt 0.206298828 0.906250000
vn -0.660414815 -0.228000402 0.715449631
v 0.462799072 0.649002075 0.073844820
vt 0.206787109 0.914550781
vn 0.770960808 0.196673721 0.605754793
v 0.458648682 0.636962891 0.070205599
vt 0.216552734 0.914306641
vn 0.306309015 -0.950343311 -0.054978538
vt 0.908691406 0.260742188
vt 0.930419922 0.248291016
v 0.403106689 0.700363159 -0.016861046
vt 0.930175781 0.261474609
vn -0.118077315 0.968233824 0.220410928
vt 0.922119141 0.281738281
vt 0.899658203 0.271240234
vt 0.940673828 0.257080078
vt 0.939697266 0.252685547
v 0.396667480 0.692184448 -0.006866061
vt 0.933837891 0.270507812
vn -0.479943156 0.723848701 0.495679051
vt 0.929199219 0.284179688
vt 0.942626953 0.279296875
vt 0.949462891 0.273437500
v 0.387908936 0.691879272 -0.023508154
vt 0.944335938 0.261474609
vn -0.787206411 0.598276794 -0.149569139
vt 0.952148438 0.250244141
v 0.382873535 0.687683105 -0.020486912
vt 0.948486328 0.265380859
vn 0.250858963 0.878006220 0.407645673
vt 0.958740234 0.260498047
v 0.367645264 0.692871094 -0.013934215
vt 0.958251953 0.273193359
vn 0.527739108 0.354451656 0.771916747
vt 0.958496094 0.281250000
vt 0.963867188 0.276123047
vt 0.961425781 0.270263672
vt 0.965820312 0.258789062
vt 0.971191406 0.257568359
vt 0.988037109 0.828369141
vt 0.974609375 0.836914062
vt 0.987548828 0.824707031
vt 0.992919922 0.822021484
vt 0.988281250 0.843017578
v 0.450378418 0.650680542 0.038143069
vt 0.978759766 0.850341797
vn -0.149153858 -0.949874580 -0.274757028
vt 0.991943359 0.858886719
v 0.437713623 0.656784058 0.022348316
vt 0.969970703 0.837402344
vn -0.478346765 -0.862592578 0.164676875
vt 0.968750000 0.832763672
vt 0.962158203 0.829101562
vt 0.956298828 0.833740234
vt 0.950439453 0.825439453
vt 0.967773438 0.852050781
vt 0.947021484 0.832031250
vt 0.943115234 0.823242188
vt 0.933837891 0.823486328
vt 0.974121094 0.873779297
v 0.451599121 0.646636963 0.051948458
vt 0.979980469 0.864013672
vn -0.228339404 -0.921231389 -0.314950854
vt 0.977050781 0.879150391
vt 0.986816406 0.877685547
vt 0.796875000 0.950195312
vt 0.792968750 0.966064453
v 0.174667314 0.700500488 -0.166503966
vt 0.791259766 0.947753906
vn -0.149569288 -0.598276913 -0.787206411
v 0.138702348 0.678466797 -0.144607604
vt 0.770996094 0.959472656
vn -0.534886241 -0.684339643 -0.495556235
v 0.134292558 0.698242188 -0.156555235
vt 0.770263672 0.948242188
vn -0.566771090 -0.590386569 -0.574642837
v 0.176483110 0.703109741 -0.172149718
vt 0.793701172 0.944824219
vn 0.188555926 -0.589237571 -0.785650015
v 0.187332109 0.709289551 -0.169204772
vt 0.800292969 0.943847656
vn 0.316059798 -0.244946465 -0.916573763
vt 0.806884766 0.945800781
v 0.156906083 0.703842163 -0.173706114
vt 0.785888672 0.940185547
vn -0.181587204 -0.528971255 -0.828984737
v 0.198196366 0.727371216 -0.166656554
vt 0.809814453 0.939453125
vn 0.668773174 -0.574358225 -0.472075284
vt 0.812988281 0.943359375
v 0.182113603 0.715560913 -0.177429259
vt 0.799072266 0.938964844
vn 0.345952928 -0.597555220 -0.723356307
vt 0.818603516 0.944335938
v 0.201354936 0.737564087 -0.160110533
vt 0.816406250 0.942382812
vn 0.725783169 0.552226365 -0.410225391
v 0.206817582 0.735809326 -0.169265807
vt 0.817138672 0.941650391
vn 0.670435488 -0.536348283 0.512685835
vt 0.818847656 0.935791016
vt 0.805908203 0.932128906
v 0.170288041 0.720260620 -0.179580748
vt 0.794677734 0.934570312
vn -0.141930506 -0.504641533 -0.851582527
vt 0.793212891 0.928955078
vt 0.802001953 0.927734375
vt 0.780029297 0.925781250
vt 0.787597656 0.925292969
v 0.126464799 0.724395752 -0.173400939
vt 0.771972656 0.931640625
vn -0.487584800 -0.613413036 -0.621277273
v 0.159637406 0.703704834 -0.166000426
vt 0.784179688 0.944580078
vn -0.284064084 -0.741722763 -0.607581258
v 0.132125810 0.708297729 -0.163024962
vt 0.770996094 0.941894531
vn -0.489206195 -0.576000810 -0.654904902
vt 0.767089844 0.946777344
vt 0.761718750 0.955810547
vt 0.768066406 0.935791016
vt 0.764892578 0.928955078
v 0.120758004 0.733932495 -0.179565489
vt 0.770996094 0.925781250
vn -0.502397418 -0.423897922 0.753596365
v 0.130889848 0.714736938 -0.181503356
vt 0.773193359 0.917724609
vn 0.495740443 -0.865578473 0.070820019
vt 0.785888672 0.914550781
vt 0.772949219 0.905029297
v 0.105949357 0.715255737 -0.182052672
vt 0.763916016 0.914062500
vn -0.101980254 -0.321630448 0.941357553
v 0.112831064 0.755310059 -0.177444518
vt 0.763671875 0.927001953
vn -0.165292725 -0.141679540 0.976015031
v 0.106903024 0.716781616 -0.193039000
vt 0.766357422 0.909179688
vn -0.369232714 -0.887729704 -0.274960428
vt 0.761230469 0.897460938
v 0.084930368 0.730728149 -0.181915343
vt 0.757568359 0.902832031
vn -0.718767047 -0.695071518 -0.015796956
v 0.078918405 0.747879028 -0.178344786
vt 0.751708984 0.898925781
vn -0.463633507 -0.102156550 0.880118191
v 0.082710214 0.739608765 -0.189437926
vt 0.755615234 0.897949219
vn -0.912481129 -0.007866275 -0.409043133
vt 0.938720703 0.933349609
vt 0.945068359 0.934326172
v 0.197936967 0.744384766 -0.156951964
vt 0.945556641 0.939697266
vn 0.173594564 0.781176090 -0.599690795
vt 0.930908203 0.938476562
v 0.193511918 0.745773315 -0.161575377
vt 0.949951172 0.938964844
vn 0.549971998 0.628539383 0.549971879
vt 0.947265625 0.928466797
v 0.172805741 0.759643555 -0.142990172
vt 0.948974609 0.956787109
vn 0.243183956 0.917823613 -0.313785911
vt 0.922851562 0.964111328
v 0.172500566 0.751525879 -0.150085509
vt 0.952880859 0.952148438
vn 0.434189469 0.899956405 -0.039471868
vt 0.914550781 0.962646484
vt 0.929199219 0.969970703
v 0.188629106 0.760498047 -0.117385924
vt 0.936035156 0.966064453
vn 0.015679993 0.478243887 -0.878087163
v 0.167480424 0.765228271 -0.122314513
vt 0.945800781 0.969970703
vn 0.180604726 0.981547654 -0.062819116
v 0.145034745 0.766784668 -0.147796690
vt 0.964111328 0.967285156
vn 0.321363598 0.893547535 0.313525409
v 0.158065751 0.762451172 -0.152984679
vt 0.960693359 0.959472656
vn 0.424920440 -0.023606626 0.904922843
v 0.145889238 0.781707764 -0.140152037
vt 0.973876953 0.968261719
vn -0.094359465 -0.802056372 0.589747369
v 0.169616655 0.772857666 -0.148071349
vt 0.968261719 0.953857422
vn -0.204844996 -0.906045616 0.370296955
v 0.176071122 0.758209229 -0.159103453
vt 0.958007812 0.948730469
vn 0.282616109 -0.133457497 0.949903786
v 0.164718583 0.779205322 -0.122901976
vt 0.983886719 0.959228516
vn -0.315420568 -0.859520972 -0.402161121
vt 0.984863281 0.943115234
vt 0.993164062 0.946289062
vt 0.986083984 0.928710938
vt 0.988037109 0.920898438
v 0.193817094 0.763763428 -0.157455504
vt 0.963134766 0.939208984
vn -0.181893408 -0.885742247 0.427054346
vt 0.957763672 0.919677734
v 0.197692826 0.750427246 -0.164932311
vt 0.953857422 0.936035156
vn 0.173335999 -0.275761545 0.945468307
vt 0.947509766 0.917480469
vt 0.936279297 0.653808594
vt 0.916503906 0.654052734
v 0.143493608 0.675811768 -0.118713431
vt 0.937500000 0.642578125
vn -0.726212680 -0.663063824 0.181553304
vt 0.933105469 0.635742188
vt 0.914794922 0.639648438
v 0.140365556 0.700805664 -0.120231673
vt 0.949707031 0.644042969
vn -0.645989716 -0.653867722 0.393896312
vt 0.941894531 0.659667969
v 0.156341523 0.680618286 -0.091384940
vt 0.936523438 0.630615234
vn -0.725309312 -0.339003295 0.599168777
vt 0.949951172 0.651855469
vt 0.932617188 0.614013672
v 0.143493608 0.710861206 -0.107513480
vt 0.953125000 0.636718750
vn -0.809494317 -0.275070906 0.518705249
v 0.127899125 0.694137573 -0.110778853
vt 0.957275391 0.646972656
vn 0.401115060 -0.841554999 0.361789972
v 0.135482758 0.712234497 -0.093658492
vt 0.960449219 0.636718750
vn 0.598147273 -0.566665649 0.566665590
v 0.166564912 0.696182251 -0.073379569
vt 0.941406250 0.620361328
vn -0.574287057 -0.275343150 0.770960927
v 0.144805863 0.719711304 -0.100853018
vt 0.955810547 0.632080078
vn -0.707806110 -0.141561240 0.692077339
v 0.164871186 0.723907471 -0.069763236
vt 0.950439453 0.614257812
vn -0.268458098 0.000000030 0.963291347
vt 0.943115234 0.603515625
v 0.160522431 0.733673096 -0.075470023
vt 0.954345703 0.615234375
vn -0.938113689 -0.228615999 -0.260149062
v 0.160552949 0.740066528 -0.079086356
vt 0.956787109 0.614990234
vn -0.863655329 -0.306205094 0.400422156
v 0.150207475 0.742416382 -0.091049246
vt 0.960693359 0.621093750
vn -0.765204012 -0.615318835 0.189328969
v 0.147979707 0.746719360 -0.072952323
vt 0.961181641 0.612548828
vn -0.567774653 -0.757032871 -0.323316038
v 0.146255448 0.737716675 -0.097732596
vt 0.960693359 0.625732422
vn 0.442263156 0.189541370 0.876628458
v 0.132385224 0.727539062 -0.085632369
vt 0.967041016 0.632324219
vn 0.478700310 -0.109865554 0.871077299
v 0.124488793 0.748809814 -0.085350081
vt 0.973876953 0.626953125
vn 0.441781223 0.362891704 0.820450604
v 0.121643029 0.741806030 -0.082511947
vt 0.974853516 0.630126953
vn 0.267055184 0.102109343 0.958256364
v 0.123168908 0.707794189 -0.089485213
vt 0.965820312 0.641113281
vn 0.212223887 -0.620950997 0.754573405
v 0.106681786 0.728805542 -0.078331038
vt 0.978515625 0.637939453
vn 0.526125848 -0.062820926 0.848083198
v 0.114341699 0.751708984 -0.083137557
vt 0.980468750 0.629638672
vn 0.212697431 0.480538487 0.850789368
v 0.101417504 0.750518799 -0.080574080
vt 0.985595703 0.632568359
vn 0.637065053 0.369655073 0.676389933
vt 0.987060547 0.637451172
v 0.103385895 0.705612183 -0.073074386
vt 0.980468750 0.646240234
vn 0.960302591 -0.078713261 0.267625153
vt 0.986816406 0.647216797
vt 0.983398438 0.651123047
v 0.105850182 0.710922241 -0.085105941
vt 0.974365234 0.644531250
vn 0.694314003 -0.441836059 0.568074822
v 0.102874719 0.695907593 -0.086257979
vt 0.976562500 0.650878906
vn 0.922117889 -0.386186093 -0.023644153
vt 0.975830078 0.662353516
vt 0.965576172 0.664306641
v 0.104057275 0.701660156 -0.096237227
vt 0.971679688 0.650634766
vn 0.282764256 -0.848292589 0.447709948
v 0.101203881 0.695007324 -0.110725448
vt 0.967529297 0.655761719
vn -0.284311891 -0.939808965 0.189541385
vt 0.959960938 0.661865234
v 0.115158044 0.692413330 -0.112564132
vt 0.961914062 0.652343750
vn 0.023551406 -0.973455131 0.227662936
vt 0.307861328 0.010742188
vt 0.313232422 0.007812500
v 0.167724565 0.772735596 -0.180023253
vt 0.313720703 0.019287109
vn -0.078480408 0.549361825 -0.831890941
vt 0.307861328 0.024902344
v 0.133926347 0.772125244 -0.177368224
vt 0.324218750 0.046630859
vn 0.101952277 0.243116751 0.964624345
v 0.131591752 0.780395508 -0.175155699
vt 0.319580078 0.048095703
vn -0.055131916 0.110263519 -0.992372096
v 0.131500199 0.793060303 -0.173446715
vt 0.311767578 0.044189453
vn -0.039501455 0.086902864 -0.995433331
v 0.111968942 0.763397217 -0.175247252
vt 0.325195312 0.068847656
vn -0.504062116 0.189023212 -0.842728674
v 0.114532419 0.776184082 -0.175720274
vt 0.319824219 0.063232422
vn -0.989277959 0.117771156 0.086365663
v 0.109680124 0.765686035 -0.176849425
vt 0.327392578 0.068359375
vn -0.007849344 -0.078494735 0.996883690
vt 0.321044922 0.075195312
vt 0.336669922 0.060791016
vt 0.330810547 0.095947266
vt 0.307861328 0.109130859
v 0.081062265 0.776641846 -0.175445616
vt 0.340820312 0.077148438
vn -0.346113414 -0.062929712 0.936079800
v 0.123611398 0.791137695 -0.174392760
vt 0.351074219 0.061035156
vn 0.000000136 -0.125972494 0.992033720
vt 0.103027344 0.455566406
v 0.158660844 0.792602539 -0.181121886
vt 0.090332031 0.457275391
vn 0.078750059 -0.157499805 0.984374106
vt 0.105224609 0.441650391
v 0.127548173 0.797210693 -0.174545348
vt 0.094482422 0.435058594
vn 0.212007880 -0.149190575 0.965813041
vt 0.105957031 0.460205078
v 0.184600785 0.796447754 -0.178878844
vt 0.098876953 0.471435547
vn -0.094702616 -0.426162362 0.899676144
vt 0.109375000 0.476074219
v 0.149978593 0.814727783 -0.171417296
vt 0.071533203 0.467529297
vn -0.134120330 -0.639044583 0.757386208
v 0.193496659 0.800506592 -0.169967711
vt 0.100830078 0.481933594
vn -0.267558873 -0.755460739 0.598073184
v 0.206008866 0.792510986 -0.174255431
vt 0.112304688 0.483154297
vn 0.494075924 -0.807774901 -0.321541488
v 0.204757646 0.806060791 -0.157760680
vt 0.103271484 0.494384766
vn -0.393603086 -0.834438801 0.385731220
v 0.128082231 0.805633545 -0.172515929
vt 0.054443359 0.455078125
vn 0.450991184 0.814948976 0.363957703
v 0.162673905 0.819854736 -0.157821715
vt 0.072021484 0.480957031
vn -0.275573403 -0.905455768 0.322814733
v 0.199386552 0.811462402 -0.138000548
vt 0.095703125 0.504882812
vn -0.481555641 -0.836801589 -0.260513604
v 0.129257157 0.823577881 -0.166320860
vt 0.052246094 0.467529297
vn -0.070517115 -0.720842838 0.689502001
v 0.135604814 0.830291748 -0.148117125
vt 0.049316406 0.481689453
vn -0.283949047 -0.922834694 0.260286778
vt 0.060546875 0.436767578
vt 0.045410156 0.419433594
v 0.118415780 0.808776855 -0.170135558
vt 0.049804688 0.453369141
vn 0.134124711 0.599616110 0.788968444
v 0.114730790 0.831329346 -0.134872496
vt 0.033935547 0.431152344
vn 0.039363898 0.960481048 -0.275547862
v 0.114540048 0.817138672 -0.157516539
vt 0.044433594 0.443359375
vn -0.503624976 0.645269334 -0.574447095
v 0.117385812 0.799346924 -0.171585143
vt 0.045898438 0.451416016
vn -0.724387109 0.165349141 -0.669270456
v 0.104980417 0.828674316 -0.161911070
vt 0.035400391 0.471191406
vn -0.236125201 -0.558829904 0.794955313
v 0.104698129 0.842041016 -0.145797789
vt 0.025878906 0.483642578
vn -0.954741001 0.110465869 0.276164860
v 0.102989145 0.841247559 -0.156799376
vt 0.026611328 0.475830078
vn -0.779237807 0.613944888 0.125937492
v 0.095222421 0.835205078 -0.169601500
vt 0.021972656 0.471679688
vn -0.825314760 0.542349517 -0.157202706
v 0.089012094 0.820465088 -0.168182433
vt 0.025390625 0.464843750
vn -0.306734890 -0.173029974 0.935935020
v 0.104370065 0.804046631 -0.172378600
vt 0.036376953 0.457763672
vn -0.055109430 -0.299166203 0.952608287
v 0.087249704 0.810150146 -0.171234190
vt 0.027343750 0.458496094
vn -0.867325664 0.323275834 -0.378469229
vt 0.041992188 0.449707031
v 0.085700937 0.805511475 -0.171691954
vt 0.027343750 0.456542969
vn -0.392667413 -0.039266728 0.918842018
vt 0.015136719 0.448242188
v 0.120765641 0.770782471 -0.143570006
vt 0.740966797 0.970214844
vn 0.031432923 -0.055007339 0.997991085
vt 0.750732422 0.982666016
vt 0.740234375 0.987792969
vt 0.731689453 1.000000000
v 0.141113237 0.786254883 -0.120636038
vt 0.728515625 0.992675781
vn -0.314308494 -0.895779192 -0.314308435
v 0.129119828 0.787170410 -0.135269225
vt 0.732666016 0.982177734
vn -0.142084986 -0.836723387 0.528872371
v 0.113738969 0.795562744 -0.117599539
vt 0.716308594 0.985107422
vn -0.865578413 -0.495740414 0.070820183
v 0.115234330 0.784362793 -0.110275321
vt 0.711914062 0.992431641
vn -0.970763624 -0.236771658 -0.039461799
v 0.110923722 0.794006348 -0.129943907
vt 0.722656250 0.978759766
vn -0.780083954 -0.323065072 0.535815358
v 0.106193498 0.768371582 -0.151351988
vt 0.733886719 0.964111328
vn -0.486428022 0.776715577 -0.400126159
v 0.136444047 0.768493652 -0.139007628
vt 0.750732422 0.974853516
vn 0.180911750 0.983216226 -0.023597255
v 0.108756974 0.775909424 -0.128936827
vt 0.743652344 0.957031250
vn 0.141859815 0.977256954 -0.157622144
v 0.090530351 0.776672363 -0.129226744
vt 0.737304688 0.946289062
vn 0.369849414 0.834128678 -0.409195274
vt 0.772460938 0.982177734
v 0.109657243 0.775939941 -0.117157035
vt 0.748535156 0.952392578
vn 0.149190620 0.965813041 0.212007672
v 0.093170121 0.776947021 -0.113716178
vt 0.745117188 0.941406250
vn 0.886008859 0.462606400 -0.031363279
v 0.100456201 0.768859863 -0.095138602
vt 0.751464844 0.936279297
vn 0.410890788 0.758567572 0.505711615
v 0.118110619 0.767089844 -0.099479727
vt 0.756591797 0.947021484
vn 0.243064433 0.815441847 0.525332630
v 0.125457719 0.771759033 -0.115730338
vt 0.756103516 0.958984375
vn 0.308119953 0.932260394 0.189612210
v 0.143554643 0.766418457 -0.122833312
vt 0.761718750 0.970703125
vn 0.164798409 0.949552834 0.266816407
v 0.160934404 0.764984131 -0.111587584
vt 0.775146484 0.976074219
vn -0.354495734 -0.157553658 -0.921688497
vt 0.786865234 0.988037109
vt 0.018310547 0.423583984
v 0.188079804 0.736633301 -0.077598624
vt 0.023681641 0.420898438
vn 0.424094111 -0.659701705 0.620433688
vt 0.023437500 0.426269531
v 0.186309785 0.742630005 -0.073577933
vt 0.020751953 0.418212891
vn 0.330187142 0.471695840 0.817605913
v 0.179199189 0.732437134 -0.080116324
vt 0.028564453 0.420166016
vn 0.323145479 0.126105577 0.937909663
vt 0.029052734 0.427001953
vt 0.035888672 0.417968750
v 0.172378510 0.732696533 -0.068328910
vt 0.027832031 0.415283203
vn 0.189730868 -0.632435739 0.751017511
v 0.167800874 0.743423462 -0.067085318
vt 0.026123047 0.410888672
vn 0.714654922 -0.337693959 0.612561166
v 0.165328950 0.733016968 -0.075759940
vt 0.032470703 0.414306641
vn 0.126074314 -0.496417075 0.858880401
vt 0.034667969 0.413085938
v 0.157623261 0.729568481 -0.070495658
vt 0.033935547 0.409912109
vn 0.402311385 -0.867730260 0.291872889
v 0.162139863 0.743011475 -0.045528468
vt 0.025390625 0.399658203
vn 0.347189456 -0.733832002 0.583909333
v 0.142410249 0.731536865 -0.064651534
vt 0.038574219 0.404296875
vn -0.047143281 -0.950724483 0.306431890
v 0.139587373 0.740814209 -0.046260886
vt 0.035400391 0.394775391
vn -0.039445851 -0.781030178 0.623246372
vt 0.036621094 0.414306641
vt 0.041503906 0.410644531
v 0.133010834 0.735168457 -0.061061911
vt 0.042480469 0.401367188
vn -0.488734782 -0.472969115 -0.733101964
v 0.119178742 0.738250732 -0.052860308
vt 0.045166016 0.394775391
vn -0.573382914 -0.816874266 0.062836595
vt 0.054443359 0.390380859
v 0.121299714 0.744445801 -0.047534991
vt 0.042236328 0.390869141
vn -0.368652850 -0.415715069 0.831430197
v 0.203704789 0.786437988 -0.116424628
vt 0.695800781 0.723876953
vn 0.592871606 0.418962628 0.687730849
vt 0.696044922 0.735595703
vt 0.687255859 0.730712891
v 0.204437211 0.787445068 -0.119293280
vt 0.693847656 0.722412109
vn 0.457872570 0.876273453 0.149992645
vt 0.677246094 0.725341797
vt 0.684082031 0.715332031
v 0.206893876 0.791107178 -0.121612616
vt 0.692138672 0.720214844
vn 0.781614125 -0.623712242 -0.007895168
v 0.199951127 0.783569336 -0.103195257
vt 0.704589844 0.727050781
vn 0.832249820 -0.541747391 0.117771104
v 0.211456254 0.801605225 -0.097755499
vt 0.703369141 0.717529297
vn 0.721485555 0.156844735 0.674431920
v 0.195449784 0.776702881 -0.103912413
vt 0.705078125 0.731445312
vn 0.549904168 0.235673264 0.801288784
vt 0.702148438 0.739746094
v 0.194000199 0.780151367 -0.078346312
vt 0.719482422 0.726318359
vn 0.702072799 0.055219259 0.709961057
v 0.190109208 0.768035889 -0.099594176
vt 0.709716797 0.735595703
vn 0.729103625 0.117597416 0.674224675
v 0.188079789 0.766967773 -0.094200194
vt 0.714111328 0.737060547
vn 0.711046100 0.308120012 0.632040799
vt 0.697509766 0.753417969
vt 0.725585938 0.759277344
vt 0.716796875 0.764648438
v 0.180038422 0.757812500 -0.082702696
vt 0.723144531 0.744140625
vn 0.865712583 -0.299064279 0.401375681
v 0.167602509 0.748962402 -0.050502833
vt 0.746337891 0.742675781
vn 0.698152125 0.054910887 0.713840663
vt 0.737060547 0.748535156
vt 0.749267578 0.748046875
v 0.138977021 0.754547119 -0.036155753
vt 0.764892578 0.744140625
vn 0.355334699 0.142133877 0.923869789
vt 0.762695312 0.749755859
vt 0.779541016 0.749267578
v 0.130050629 0.763580322 -0.036674552
vt 0.774902344 0.740966797
vn -0.448985875 0.141785070 0.882218122
vt 0.789306641 0.748046875
vt 0.781005859 0.752441406
vt 0.791503906 0.750488281
vt 0.808593750 0.750488281
vt 0.775390625 0.028076172
vt 0.776855469 0.042480469
vt 0.764404297 0.032958984
v 0.121269181 0.776916504 -0.106765799
vt 0.757568359 0.010498047
vn -0.275753081 -0.583020747 -0.764229715
vt 0.773193359 0.012695312
vt 0.758789062 0.004882812
v 0.121627770 0.765533447 -0.096443228
vt 0.750000000 0.013916016
vn -0.945233643 -0.110277295 0.307201058
v 0.148590043 0.758239746 -0.102439940
vt 0.755615234 0.029296875
vn -0.519090056 -0.385385066 -0.762904942
v 0.130279496 0.760192871 -0.097267203
vt 0.749511719 0.020263672
vn 0.521303594 0.853042305 0.023695514
v 0.128967240 0.752685547 -0.090789840
vt 0.744873047 0.023437500
vn -0.331738591 -0.853042305 0.402825594
vt 0.745605469 0.033691406
v 0.161773652 0.785461426 -0.062721312
vt 0.677490234 0.589843750
vn 0.470461756 0.337164223 0.815466762
vt 0.656982422 0.581298828
vt 0.676513672 0.566406250
vt 0.657470703 0.603759766
v 0.157394364 0.821319580 -0.074295104
vt 0.698242188 0.593505859
v 0.130889863 0.790252686 -0.046188407
vt 0.676269531 0.613769531
vn 0.078919068 0.394594848 0.915459931
vt 0.698486328 0.556640625
vt 0.661376953 0.611083984
v 0.186065629 0.821899414 -0.093795836
vt 0.707519531 0.574218750
vn 0.503126681 0.448097229 0.738967180
v 0.214004472 0.820587158 -0.112617560
vt 0.715576172 0.555175781
vn 0.895641029 0.259264559 0.361398876
v 0.213897660 0.828430176 -0.117485113
vt 0.718750000 0.556396484
vn 0.604260862 0.761211753 0.235426217
v 0.137405351 0.841125488 -0.073051505
vt 0.706542969 0.608886719
vn 0.236690626 0.544388294 0.804747760
v 0.176956132 0.840057373 -0.097518981
vt 0.717773438 0.582275391
vn 0.504062057 0.630077541 0.590697646
v 0.181350663 0.843597412 -0.112762511
vt 0.727050781 0.576660156
vn 0.448014110 0.888168395 0.102178566
v 0.188980058 0.840270996 -0.151168883
vt 0.751220703 0.563964844
vn 0.387706280 0.902010620 -0.189897075
v 0.209213212 0.831085205 -0.155075133
vt 0.748291016 0.549804688
vn 0.693515599 0.677753925 -0.244306773
v 0.151672319 0.858398438 -0.107406676
vt 0.729003906 0.596923828
vn 0.457430899 0.883314908 0.102527522
v 0.132461503 0.868103027 -0.138565123
vt 0.750000000 0.604003906
vn 0.086764865 0.978077412 -0.189305365
v 0.143173173 0.854217529 -0.085189879
vt 0.716796875 0.604980469
vn 0.134124681 0.788968444 0.599615991
v 0.133956864 0.867218018 -0.105873160
vt 0.729980469 0.607910156
vn -0.425236493 0.889846623 0.165369734
vt 0.748779297 0.626220703
v 0.134796098 0.829162598 -0.064750724
vt 0.698974609 0.610839844
vn 0.070680238 0.455494285 0.887428463
v 0.115104638 0.825836182 -0.073425345
vt 0.699707031 0.625732422
vn -0.542483568 0.440276593 0.715449572
v 0.114837609 0.840850830 -0.085090689
vt 0.711425781 0.623535156
vn -0.400520742 0.651827991 0.643974721
v 0.117889360 0.851257324 -0.095253043
vt 0.720214844 0.620361328
vn -0.535018563 0.715980768 0.448471457
v 0.111595109 0.845855713 -0.106559806
vt 0.725097656 0.626464844
vn -0.876792610 -0.466042966 0.118485630
vt 0.746337891 0.646484375
v 0.112991296 0.836975098 -0.085487418
vt 0.710205078 0.626220703
vn -0.735827684 -0.490551829 -0.466815263
v 0.132049516 0.837890625 -0.111099295
vt 0.724365234 0.639404297
vn -0.464840829 -0.866652429 -0.181209028
v 0.145324662 0.830902100 -0.128341734
vt 0.731933594 0.649902344
vn -0.322814584 -0.936949790 0.133850053
v 0.142593339 0.820281982 -0.099739134
vt 0.710693359 0.648437500
vn -0.543357670 -0.496109188 -0.677228212
v 0.176422074 0.818634033 -0.139358580
vt 0.734130859 0.667236328
vn -0.308264226 -0.940601230 0.142275900
vt 0.748291016 0.661865234
vt 0.730468750 0.678710938
v 0.172241166 0.820648193 -0.129379332
vt 0.728271484 0.664306641
vn -0.362801284 -0.930664241 -0.047321822
v 0.153243974 0.828308105 -0.121971190
vt 0.726318359 0.653320312
vn -0.480404377 -0.779672623 -0.401649415
v 0.175399736 0.817687988 -0.124839842
vt 0.724609375 0.666259766
vn -0.449866086 -0.741884410 -0.497220308
v 0.168701127 0.808990479 -0.108863890
vt 0.712890625 0.664550781
vn -0.470635355 -0.603981972 -0.643201470
v 0.184448197 0.800659180 -0.113380492
vt 0.714843750 0.673828125
vn -0.504672945 -0.544100463 -0.670268595
v 0.199844316 0.789978027 -0.117118903
vt 0.715820312 0.683593750
vn -0.511906326 -0.448902458 -0.732419670
v 0.161178544 0.793548584 -0.097862303
vt 0.698974609 0.664794922
vn 0.188346818 0.980973184 0.047086641
v 0.168273881 0.796966553 -0.102905333
vt 0.708007812 0.668212891
vn -0.432160884 -0.345728725 -0.832891703
v 0.189788774 0.791107178 -0.111434996
vt 0.711914062 0.678955078
vn -0.472792923 -0.228516579 -0.851027071
v 0.191009477 0.793701172 -0.115982115
vt 0.712158203 0.682128906
vn 0.489343256 0.812941194 0.315705240
v 0.178344682 0.786254883 -0.104682982
vt 0.706054688 0.673339844
vn 0.425738424 0.599187315 0.678027630
v 0.159118608 0.812194824 -0.109794676
vt 0.696533203 0.678710938
vn 0.470910609 0.808396518 0.353182882
v 0.136581376 0.816833496 -0.100250296
vt 0.686279297 0.675537109
vn 0.377777219 0.535184324 0.755554199
v 0.148834184 0.789916992 -0.089225829
vt 0.691650391 0.658691406
vn -0.591855407 -0.252525002 -0.765466213
v 0.114746056 0.815093994 -0.076705985
vt 0.695556641 0.632080078
vn -0.608871758 -0.316297024 -0.727482975
v 0.140960649 0.787445068 -0.083740287
vt 0.686279297 0.655517578
vn -0.873096049 0.149448812 -0.464077920
v 0.108520471 0.805877686 -0.068031363
vt 0.686767578 0.630615234
vn -0.934433401 -0.086376250 -0.345504671
v 0.126235917 0.823150635 -0.101547293
vt 0.682128906 0.681152344
vn 0.299249738 0.913499177 0.275624692
vt 0.700927734 0.699707031
v 0.126190141 0.805114746 -0.088356070
vt 0.679199219 0.669189453
vn -0.212935254 0.449530184 0.867514372
v 0.109321557 0.788757324 -0.060146380
vt 0.675292969 0.629882812
vn -0.573861063 0.298722208 0.762527764
vt 0.659667969 0.625732422
v 0.105834924 0.775817871 -0.057884265
vt 0.668212891 0.632324219
vn 0.983459592 0.180956602 -0.007867813
v 0.109924279 0.781036377 -0.060630847
vt 0.672363281 0.633544922
vn -0.520605862 -0.236639053 -0.820348382
vt 0.661376953 0.635986328
v 0.132904023 0.774322510 -0.072540335
vt 0.674072266 0.650878906
vn -0.662712872 -0.260351539 -0.702160001
v 0.122940026 0.760162354 -0.062496234
vt 0.663330078 0.644042969
vn -0.481195986 -0.236653760 -0.844064832
vt 0.645996094 0.646972656
v 0.137741059 0.754211426 -0.069442794
vt 0.660644531 0.651367188
vn -0.738146603 -0.518273175 -0.431894153
vt 0.654052734 0.654296875
vt 0.656982422 0.662109375
vt 0.646240234 0.660644531
v 0.128784150 0.758392334 -0.077819876
vt 0.664062500 0.655761719
vn -0.895640910 -0.133560523 0.424251139
vt 0.659912109 0.666015625
v 0.129913300 0.779541016 -0.076934867
vt 0.675537109 0.655029297
vn -0.620166004 0.243356302 0.745769322
v 0.121154748 0.797393799 -0.095375113
vt 0.673095703 0.670898438
vn -0.914975584 0.031550862 0.402273893
vt 0.664062500 0.676757812
v 0.118720964 0.825408936 -0.106781058
vt 0.679199219 0.684326172
vn -0.904474914 0.165164962 0.393250108
vt 0.665771484 0.684326172
v 0.116599992 0.828582764 -0.117073111
vt 0.678466797 0.692138672
vn -0.741353571 0.630939126 0.228715539
vt 0.662597656 0.690673828
vt 0.679931641 0.701904297
v 0.144287065 0.756042480 -0.105163634
vt 0.661865234 0.985107422
vn 0.189541355 0.623906791 0.758165121
vt 0.670166016 0.989501953
vt 0.666015625 0.997558594
vt 0.658935547 0.988037109
vt 0.670898438 0.969726562
vt 0.646240234 0.981689453
vt 0.648681641 0.993164062
vt 0.664794922 0.974853516
vt 0.648681641 0.964843750
vt 0.655029297 0.962646484
vt 0.659912109 0.965820312
vt 0.678710938 0.972167969
vt 0.679687500 0.966796875
vt 0.685302734 0.966064453
vt 0.687500000 0.972412109
vt 0.680664062 0.974853516
vt 0.697265625 0.962646484
vt 0.694824219 0.974853516
vt 0.827148438 0.172851562
vt 0.819824219 0.159423828
vt 0.836914062 0.165771484
v 0.199050844 0.813415527 -0.182006896
vt 0.829345703 0.152832031
vn 0.780690014 0.110400625 -0.615089297
vt 0.840820312 0.162109375
v 0.195037782 0.820709229 -0.187271178
vt 0.823242188 0.151855469
vn 0.409753740 0.780108273 -0.472792983
v 0.215606645 0.810272217 -0.169540465
vt 0.840332031 0.149414062
vn 0.816471398 0.117760330 -0.565249562
v 0.215011552 0.794799805 -0.159866393
vt 0.849121094 0.153564453
vn 0.677901328 -0.733079314 0.055177961
vt 0.854248047 0.159179688
v 0.207641557 0.820434570 -0.164001524
vt 0.837646484 0.141113281
vn 0.804848015 0.481330723 -0.347189516
v 0.218124345 0.815185547 -0.154876769
vt 0.846191406 0.143066406
vn 0.979174674 0.197414294 0.047379285
v 0.212707475 0.800354004 -0.139389098
vt 0.859375000 0.142822266
vn 0.705432296 -0.697594106 -0.125410244
vt 0.862792969 0.150390625
vt 0.873535156 0.145751953
v 0.212707475 0.818145752 -0.134887755
vt 0.853027344 0.134033203
vn 0.988547087 0.149066672 -0.023536973
vt 0.863525391 0.127929688
v 0.214523271 0.803070068 -0.114898749
vt 0.869628906 0.135986328
vn 0.968924582 -0.244200453 0.039387062
vt 0.877441406 0.130859375
vt 0.859130859 0.126220703
vt 0.837402344 0.132568359
vt 0.825195312 0.126220703
v 0.155425966 0.839630127 -0.176620543
vt 0.801025391 0.138427734
vn 0.300004065 0.836853743 -0.457901150
vt 0.791748047 0.106689453
v 0.170974672 0.826965332 -0.189010680
vt 0.808349609 0.149169922
vn 0.188608274 0.754433572 -0.628694654
vt 0.785888672 0.148925781
v 0.143279970 0.837646484 -0.183471739
vt 0.792724609 0.142089844
vn 0.157597482 0.732828915 -0.661909997
v 0.119186349 0.857513428 -0.168472350
vt 0.780517578 0.125732422
vn -0.149338126 0.903888106 -0.400854707
vt 0.766601562 0.119628906
vt 0.767333984 0.112060547
vt 0.763183594 0.129150391
v 0.113319345 0.845458984 -0.180999815
vt 0.775878906 0.135986328
vn -0.150156707 0.766588867 -0.624335349
vt 0.772216797 0.141357422
vt 0.746826172 0.133789062
vt 0.751953125 0.131103516
vt 0.760498047 0.143798828
vt 0.742675781 0.145019531
vt 0.720214844 0.961669922
vt 0.723388672 0.951171875
vt 0.724853516 0.964355469
vt 0.716064453 0.967773438
vt 0.727539062 0.946044922
vt 0.723876953 0.947509766
vt 0.712890625 0.932128906
vt 0.732666016 0.940673828
vt 0.724609375 0.918457031
vt 0.755859375 0.921386719
vt 0.739013672 0.900634766
vt 0.742431641 0.896728516
vt 0.580566406 0.068359375
vt 0.570556641 0.059082031
vt 0.581054688 0.053955078
vt 0.570556641 0.069824219
vt 0.577880859 0.071289062
vt 0.000000000 0.214355469
vt 0.004882812 0.215332031
vt 0.003662109 0.233886719
vt 0.004882812 0.208984375
vt 0.833740234 0.930908203
vt 0.826660156 0.945068359
vt 0.826171875 0.931152344
vt 0.826171875 0.926513672
vt 0.127929688 0.944091797
vt 0.123291016 0.944580078
vt 0.125000000 0.938476562
vt 0.130126953 0.941894531
vt 0.115234375 0.950927734
vt 0.120849609 0.923339844
v 0.106239274 0.785125732 -0.150451720
vt 0.100830078 0.937744141
vn -0.987440705 0.126392365 -0.094794191
v 0.111000016 0.819244385 -0.148376524
vt 0.115478516 0.921386719
vn -0.983490050 0.180962130 0.000000121
vt 0.116699219 0.911132812
vt 0.114013672 0.904785156
vt 0.100097656 0.926513672
vt 0.090087891 0.948974609
v 0.107475236 0.759338379 -0.166412413
vt 0.100097656 0.958007812
vn -0.967395008 -0.110110052 -0.228084862
vt 0.108398438 0.959716797
vt 0.108154297 0.964843750
vt 0.108886719 0.980712891
vt 0.100585938 0.974609375
v 0.108039811 0.756927490 -0.159881651
vt 0.095703125 0.958984375
vn -0.408790499 0.267285973 -0.872610211
v 0.095550492 0.753051758 -0.162811339
vt 0.088134766 0.961181641
vn -0.054982070 0.408437163 -0.911129117
vt 0.095703125 0.976074219
vt 0.083007812 0.970214844
v 0.080551103 0.752929688 -0.159668028
vt 0.078369141 0.960449219
vn -0.118048176 0.472192138 -0.873555481
vt 0.073974609 0.971679688
v 0.079582170 0.766632080 -0.147308409
vt 0.072753906 0.952880859
vn 0.480881691 0.480881810 -0.733147740
v 0.074386552 0.763916016 -0.157745421
vt 0.070312500 0.957519531
vn 0.730181277 0.015702827 -0.683072984
vt 0.073242188 0.942871094
v 0.078048661 0.784271240 -0.157135069
vt 0.060058594 0.952392578
vn 0.670623064 0.015779367 -0.741630435
v 0.089462236 0.783813477 -0.139511168
vt 0.064941406 0.946044922
vn 0.836801589 -0.228936270 -0.497344464
v 0.080802873 0.790679932 -0.152984679
vt 0.056884766 0.948486328
vn 0.541397035 0.321699768 -0.776787281
vt 0.042480469 0.718261719
vt 0.035156250 0.712158203
vt 0.040283203 0.706298828
v 0.088722177 0.787841797 -0.190994322
vt 0.030273438 0.744628906
vn -0.895641029 0.133560434 -0.424250871
vt 0.023193359 0.707763672
vt 0.042480469 0.737792969
vt 0.025390625 0.745361328
vt 0.042236328 0.757568359
vt 0.041748047 0.760986328
vt 0.546875000 0.614013672
vt 0.556152344 0.615234375
vt 0.555419922 0.620849609
v 0.044090219 0.745956421 -0.212707549
vt 0.559082031 0.616943359
vn 0.902384222 -0.360953659 -0.235404700
v 0.037582342 0.748977661 -0.231002837
vt 0.568359375 0.605224609
vn 0.486982644 -0.172800377 -0.856147170
vt 0.552978516 0.599609375
vt 0.567138672 0.601806641
v -0.005976731 0.756164551 -0.218261749
vt 0.591796875 0.581542969
vn -0.464840949 0.181209072 -0.866652369
vt 0.588867188 0.576904297
v -0.004922920 0.751159668 -0.205947906
vt 0.598876953 0.573486328
vn -0.763542950 0.102330424 -0.637597561
vt 0.591308594 0.555175781
vt 0.600341797 0.558105469
v -0.006390626 0.764709473 -0.212371856
vt 0.598632812 0.585449219
vn -0.920917451 0.267616987 -0.283359051
v 0.005954687 0.759704590 -0.222579986
vt 0.588134766 0.590820312
vn -0.338530332 0.149583071 -0.928989887
v 0.039646093 0.752716064 -0.231964141
vt 0.570800781 0.607910156
vn 0.007872905 0.125968605 -0.992003083
v 0.001885716 0.775573730 -0.217163116
vt 0.598388672 0.596679688
vn -0.282138377 0.282138228 -0.916949272
v 0.043262426 0.761718750 -0.230087310
vt 0.573242188 0.615966797
vn 0.527101636 0.015734365 -0.849656641
v 0.016248647 0.823120117 -0.206436187
vt 0.620849609 0.625244141
vn -0.275351763 0.346156359 -0.896859646
v 0.047477670 0.755004883 -0.208984405
vt 0.559082031 0.625244141
vn 0.953880250 -0.291682363 -0.070949875
v 0.046497289 0.780273438 -0.225372344
vt 0.582031250 0.627441406
vn -0.188958943 0.267691612 -0.944794059
v 0.051689096 0.767822266 -0.205612212
vt 0.561523438 0.634521484
vn 0.913499177 -0.275624692 -0.299249858
v 0.046619363 0.761688232 -0.204040557
vt 0.556152344 0.631103516
vn 0.871802449 -0.369141549 -0.322017193
vt 0.537841797 0.625000000
vt 0.548339844 0.634521484
v 0.052455846 0.788970947 -0.222869903
vt 0.583984375 0.634033203
vn 0.901925802 -0.205702350 -0.379758388
v 0.057537023 0.815704346 -0.217620909
vt 0.597656250 0.647705078
vn -0.094702892 0.426162392 -0.899676144
vt 0.544921875 0.639404297
vt 0.533447266 0.639648438
v 0.061904855 0.792327881 -0.194335997
vt 0.572265625 0.652099609
vn 0.925155878 -0.235209107 -0.297931701
v 0.060966436 0.814086914 -0.215515196
vt 0.595214844 0.649414062
vn 0.943741620 0.015729053 -0.330309689
v 0.031339590 0.825378418 -0.203903228
vt 0.617187500 0.636718750
vn -0.141732410 0.417322814 -0.897637784
v 0.017764989 0.826934814 -0.199920684
vt 0.625732422 0.628906250
vn -0.487103045 0.872071505 0.047139026
v 0.010368291 0.824066162 -0.202255279
vt 0.625244141 0.621826172
vn -0.932027698 0.347535729 0.102681123
v 0.052715246 0.820190430 -0.208419830
vt 0.604736328 0.652587891
vn 0.670268536 0.544100463 -0.504672945
v 0.071052499 0.813995361 -0.182785094
vt 0.585693359 0.666992188
vn 0.932726204 0.324082881 -0.158089340
v 0.062786050 0.821411133 -0.174270689
vt 0.593994141 0.672851562
vn 0.928558469 -0.031476501 0.369849414
v 0.072097726 0.806304932 -0.172622740
vt 0.575927734 0.669677734
vn 0.645269454 -0.157382712 0.747568071
v 0.055999700 0.834167480 -0.211547881
vt 0.613525391 0.659912109
vn 0.212203994 -0.188625902 -0.958848178
v 0.023017827 0.832489014 -0.202331573
vt 0.624511719 0.642822266
vn -0.935356617 0.282964975 -0.212223664
v 0.033847749 0.872833252 -0.208587676
vt 0.642333984 0.669433594
vn -0.888662636 0.173013896 -0.424670517
v 0.061244905 0.858917236 -0.214736998
vt 0.627929688 0.674316406
vn 0.611675322 -0.243101761 -0.752831340
v 0.072990365 0.868377686 -0.183532774
vt 0.623779297 0.697753906
vn 0.936949849 -0.133849904 0.322814524
v 0.041290224 0.900817871 -0.212814361
vt 0.657226562 0.685302734
vn -0.567898333 0.260286659 -0.780860066
v 0.069717348 0.891143799 -0.215103209
vt 0.645263672 0.693847656
vn 0.944384277 -0.118048012 -0.306925029
v 0.067398012 0.890960693 -0.218917906
vt 0.646240234 0.691406250
vn -0.055296816 0.078995205 -0.995340228
v 0.078216493 0.894653320 -0.188705504
vt 0.639648438 0.710693359
vn 0.621085405 0.180822358 0.762598276
v 0.071006715 0.896972656 -0.192886412
vt 0.645751953 0.709716797
vn 0.086772949 0.930837989 -0.354980648
v 0.066818178 0.894104004 -0.212310851
vt 0.649169922 0.697021484
vn -0.015733933 0.999102235 0.039334692
v 0.047649324 0.899810791 -0.208313018
vt 0.657470703 0.689453125
vn 0.574233830 0.818086565 0.031464759
v 0.060764253 0.890289307 -0.209182799
vt 0.654296875 0.698486328
vn 0.236808538 0.931446850 0.276276559
v 0.057056379 0.753387451 -0.178375274
vt 0.542724609 0.650390625
vn 0.852537215 -0.221028104 0.473631650
vt 0.528320312 0.645996094
v 0.064445443 0.778564453 -0.177352965
vt 0.557861328 0.659179688
vn 0.835760653 -0.291727692 0.465187341
vt 0.527587891 0.654052734
v 0.044738721 0.779602051 -0.171340972
vt 0.545410156 0.668457031
vn 0.268458366 -0.173708230 0.947499692
v 0.037513684 0.798767090 -0.166046172
vt 0.549560547 0.680175781
vn 0.529714763 -0.237185627 0.814337432
v 0.042949628 0.811920166 -0.162841827
vt 0.555175781 0.687744141
vn 0.886854410 0.164813697 0.431654632
v 0.047344159 0.789581299 -0.160644561
vt 0.537841797 0.679687500
vn 0.472792715 0.228516519 -0.851027191
v 0.038623761 0.777496338 -0.168884307
vt 0.540771484 0.670166016
vn 0.956051409 0.071111292 -0.284445167
v 0.040481519 0.766815186 -0.172134429
vt 0.536865234 0.664062500
vn 0.449474424 -0.063084051 0.891063035
v 0.041595411 0.762756348 -0.169387847
vt 0.533203125 0.663818359
vn 0.299584210 0.173443541 -0.938172042
vt 0.526123047 0.655517578
vt 0.516601562 0.657958984
v 0.042270612 0.775756836 -0.166000396
vt 0.537109375 0.671142578
vn 0.196533710 0.267285973 -0.943362474
v 0.063545182 0.788879395 -0.158599913
vt 0.525634766 0.684326172
vn 0.165967584 0.434677333 -0.885161161
v 0.066375688 0.764373779 -0.165573180
vt 0.516845703 0.672363281
vn 0.251812309 0.173121020 -0.952165842
vt 0.514404297 0.686279297
vt 0.512451172 0.662353516
vt 0.509521484 0.675781250
v 0.071662858 0.752288818 -0.159271300
vt 0.507324219 0.670654297
vn 0.440849125 -0.015744636 -0.897443116
vt 0.501464844 0.666259766
vt 0.500976562 0.673583984
vt 0.381103516 0.982177734
vt 0.369873047 0.982177734
v 0.094161943 0.799835205 -0.137420714
vt 0.377929688 0.973144531
vn 0.686637580 0.260448813 -0.678745449
v 0.077316239 0.807220459 -0.143600523
vt 0.366699219 0.970214844
vn 0.314037055 0.533863127 -0.785092950
v 0.095954850 0.789672852 -0.131378233
vt 0.384277344 0.976318359
vn 0.927869081 -0.275215387 -0.251625657
vt 0.388916016 0.982666016
v 0.088653520 0.820251465 -0.128646910
vt 0.375976562 0.960449219
v 0.076789811 0.829650879 -0.126709044
vt 0.371826172 0.952392578
vn 0.346596330 0.819227874 -0.456877172
vt 0.397460938 0.978271484
v 0.098472551 0.803436279 -0.128448546
vt 0.382080078 0.968750000
v 0.091484025 0.815673828 -0.114280753
vt 0.384277344 0.957519531
vn 0.640481353 0.735367537 0.221400857
v 0.064620927 0.826416016 -0.131088316
vt 0.366699219 0.946777344
vn 0.426627547 0.568836749 -0.703145623
v 0.070854142 0.829559326 -0.117698714
vt 0.375000000 0.946289062
vn 0.733626485 0.678407311 0.039442159
v 0.100196794 0.801696777 -0.116905265
vt 0.388183594 0.966064453
vn 0.988973260 0.125583947 -0.078490071
v 0.077033959 0.814605713 -0.093238875
vt 0.392822266 0.945068359
vn 0.762598455 0.605361700 0.227993205
v 0.065086320 0.845214844 -0.100471541
vt 0.377929688 0.933105469
vn 0.670685768 0.741699636 -0.007890542
v 0.067390405 0.832946777 -0.079078719
vt 0.392578125 0.930664062
vn 0.590606153 0.708727419 0.385862559
v 0.071273766 0.816589355 -0.059093520
vt 0.408447266 0.931396484
vn 0.718050718 0.583909452 0.378751934
v 0.101448022 0.800170898 -0.092872672
vt 0.400390625 0.959472656
vn 0.794635415 0.574340522 0.196691811
v 0.078384362 0.801879883 -0.065361068
vt 0.410644531 0.941406250
vn 0.627262950 0.744874775 0.227382705
v 0.073051415 0.805084229 -0.047603656
vt 0.416259766 0.931884766
vn 0.408828259 0.841242790 0.353793621
v 0.076705895 0.806213379 -0.040672351
vt 0.420410156 0.931884766
vn 0.236286342 0.913640797 -0.330801040
v 0.093788110 0.791412354 -0.062526748
vt 0.417968750 0.950195312
vn 0.419080317 0.853975177 -0.308380008
v 0.103172265 0.789764404 -0.072280936
vt 0.413818359 0.957763672
vn 0.827773035 0.528198063 0.189205125
v 0.099075280 0.786682129 -0.058689162
vt 0.420898438 0.954101562
vn 0.963291287 0.236874953 -0.126333416
vt 0.424560547 0.960937500
v 0.101547204 0.778808594 -0.088111930
vt 0.409423828 0.968505859
vn 0.983703256 -0.070826590 -0.165262267
v 0.098197892 0.784698486 -0.110084586
vt 0.396972656 0.972656250
vn 0.962451637 -0.220890492 -0.157779068
v 0.097862206 0.775207520 -0.093948416
vt 0.407958984 0.972656250
vn 0.953406394 -0.196984753 -0.228502452
vt 0.409179688 0.976806641
v 0.103157006 0.763183594 -0.071113639
vt 0.422607422 0.971679688
vn 0.926695228 -0.164920315 -0.337694168
vt 0.430908203 0.966796875
vt 0.438476562 0.979736328
vt 0.431640625 0.982666016
v 0.097892724 0.753662109 -0.073097274
vt 0.424072266 0.977783203
vn 0.999225974 0.000000042 -0.039339736
vt 0.421875000 0.981933594
vt 0.906494141 0.415283203
vt 0.912353516 0.417724609
vt 0.907958984 0.428222656
vt 0.893798828 0.420410156
v 0.064651445 0.814941406 -0.141052306
vt 0.888671875 0.431884766
vn 0.157734662 0.583618760 -0.796560764
vt 0.880615234 0.419677734
v 0.054378461 0.810394287 -0.145996124
vt 0.892089844 0.441162109
vn 0.511557281 0.409245908 -0.755530953
vt 0.878662109 0.429199219
vt 0.909179688 0.441162109
v 0.049724530 0.807373047 -0.158523589
vt 0.897705078 0.447753906
vn 0.807327986 0.172439009 -0.564345896
vt 0.898925781 0.453369141
v 0.045940351 0.814239502 -0.154937774
vt 0.890869141 0.453369141
vn -0.015776936 0.986057222 0.165657565
v 0.050178479 0.822631836 -0.147796661
vt 0.884765625 0.449218750
vn 0.235607624 0.683262348 -0.691116154
v 0.055297803 0.827972412 -0.139373809
vt 0.879394531 0.440429688
vn 0.212433755 0.629433632 -0.747452497
v 0.060634565 0.835784912 -0.132507384
vt 0.873291016 0.432373047
vn 0.212908775 0.883177519 -0.417932272
vt 0.873779297 0.416748047
vt 0.856933594 0.412597656
v 0.042766530 0.849487305 -0.092353866
vt 0.845214844 0.429443359
vn -0.314250320 0.934894562 0.164981395
v 0.034023240 0.842987061 -0.114761397
vt 0.855468750 0.447509766
vn -0.536348343 0.843959868 0.007887508
v 0.024238540 0.838073730 -0.127594024
vt 0.862792969 0.459716797
vn -0.505632699 0.829553604 -0.237015277
v 0.027820541 0.828491211 -0.137466460
vt 0.872802734 0.461914062
vn -0.117978759 0.755063295 -0.644949973
v 0.016559554 0.825988770 -0.134033233
vt 0.868408203 0.471923828
vn -0.855303347 0.517890036 -0.015693551
v 0.035274457 0.822875977 -0.146408111
vt 0.881347656 0.461669922
vn -0.276483506 0.663560092 -0.695158243
v 0.028615903 0.813446045 -0.153259307
vt 0.888916016 0.469238281
vn -0.134083018 0.828159213 -0.544218898
v 0.024684856 0.814056396 -0.159774810
vt 0.896972656 0.472412109
vn 0.126035050 0.976771712 0.173298150
v 0.024675321 0.814483643 -0.146652251
vt 0.881591797 0.472656250
vn -0.094699867 0.970672905 -0.220966205
v 0.006992770 0.809448242 -0.140716583
vt 0.866699219 0.489990234
vn -0.763093770 0.338278711 0.550686359
v 0.005735825 0.825622559 -0.149963409
vt 0.886230469 0.486083984
vn -0.267782956 0.952992260 0.141767427
v 0.008516262 0.815216064 -0.159149200
vt 0.897949219 0.488769531
vn -0.205676749 0.806885302 -0.553744853
v 0.000829379 0.807189941 -0.160858184
vt 0.895263672 0.495361328
vn -0.196942046 0.945321560 -0.259963423
v 0.019767711 0.818878174 -0.165008575
vt 0.909423828 0.490722656
vn -0.750150800 0.647498488 0.134237573
v 0.013355205 0.804840088 -0.171768218
vt 0.909179688 0.497802734
vn -0.550226808 0.770317495 -0.322275639
v 0.010567613 0.804565430 -0.183471709
vt 0.919433594 0.505615234
vn -0.678512931 0.670623183 -0.299807966
v -0.026172688 0.809844971 -0.168823272
vt 0.901611328 0.510742188
vn -0.149694622 0.646049917 -0.748472512
v 0.001215708 0.808197021 -0.147399932
vt 0.880126953 0.496337891
vn -0.181411922 0.843959987 0.504798412
v 0.002789214 0.786193848 -0.137039214
vt 0.867919922 0.505371094
vn -0.723423362 0.416754782 0.550430954
v 0.019090610 0.791961670 -0.117363013
vt 0.857666016 0.506347656
vn -0.435235113 0.886296809 -0.158267260
v -0.006471201 0.817199707 -0.118118323
vt 0.846191406 0.531982422
vn 0.260035932 0.425513536 -0.866786897
v 0.018402057 0.809631348 -0.107887305
vt 0.845458984 0.514404297
vn 0.746805429 0.361611068 -0.558138967
v -0.010123298 0.811614990 -0.123298682
vt 0.849609375 0.530029297
vn 0.164772928 0.462933838 -0.870943367
v -0.002167746 0.785797119 -0.132934600
vt 0.864013672 0.512451172
vn 0.235665783 0.526320457 -0.816975176
v -0.019094512 0.793670654 -0.130844146
vt 0.861572266 0.524414062
vn -0.070971958 0.315430313 -0.946291029
v -0.002211139 0.780609131 -0.136184722
vt 0.866699219 0.510498047
vn 0.260213941 0.496771932 0.827953160
v -0.019825026 0.785064697 -0.132354766
vt 0.867675781 0.519531250
vn 0.298206747 0.353139520 0.886772394
v -0.034874007 0.787109375 -0.127975494
vt 0.863281250 0.534423828
vn 0.292602241 0.672194123 0.680102229
v -0.015920686 0.810638428 -0.141830474
vt 0.883056641 0.508544922
vn 0.432802677 0.645269334 0.629531026
v -0.019380618 0.818878174 -0.143386871
vt 0.885009766 0.512939453
vn 0.401861489 0.724926591 0.559454024
v -0.027271321 0.816711426 -0.165145904
vt 0.902099609 0.517578125
vn -0.094770759 0.852935910 -0.513341069
v -0.001538449 0.770660400 -0.197555572
vt 0.610351562 0.583740234
vn -0.637854755 0.464610100 -0.614230335
vt 0.630126953 0.601074219
vt 0.639404297 0.604980469
vt 0.635498047 0.599609375
vt 0.642089844 0.574462891
v -0.032745413 0.753936768 -0.196136504
vt 0.612304688 0.556152344
vn -0.306432009 0.322146297 -0.895723939
vt 0.601318359 0.551025391
v -0.051944781 0.791015625 -0.169860870
vt 0.640136719 0.550048828
vn -0.291982085 0.434027225 -0.852271616
vt 0.646728516 0.573974609
vt 0.614013672 0.537841797
v -0.062126212 0.757202148 -0.183959991
vt 0.621093750 0.535644531
vn -0.118518904 0.450371265 -0.884940088
v -0.064476065 0.786102295 -0.167816192
vt 0.640869141 0.539794922
vn -0.212197676 0.510845840 -0.833071828
v -0.070045523 0.769622803 -0.183319122
vt 0.627929688 0.529052734
vn -0.149195388 0.557519019 -0.816647708
v -0.069320731 0.752990723 -0.191238433
vt 0.620361328 0.527832031
vn 0.007866079 0.220254019 -0.975410879
v -0.056278281 0.745101929 -0.192474395
vt 0.614257812 0.532470703
vn -0.070978574 -0.086751483 -0.993698299
vt 0.611572266 0.531250000
vt 0.617675781 0.521240234
v 0.030300099 0.790588379 -0.101455733
vt 0.972900391 0.053955078
vn -0.494684786 0.824474692 0.274824888
vt 0.980712891 0.043945312
vt 0.989257812 0.053710938
v 0.036224328 0.791290283 -0.084617659
vt 0.966552734 0.064453125
vn -0.927869081 0.251625508 0.275215536
v 0.038806878 0.791870117 -0.078079268
vt 0.966796875 0.069091797
vn 0.841763258 0.511351585 -0.173072964
v 0.044155084 0.799957275 -0.061920211
vt 0.964599609 0.081298828
vn -0.959945738 0.173104942 0.220315516
v 0.033016160 0.818145752 -0.107170150
vt 0.958740234 0.042480469
vn -0.882738531 0.181276634 0.433487833
vt 0.977783203 0.021240234
vt 0.962402344 0.020751953
vt 0.951171875 0.024169922
vt 0.946533203 0.030029297
vt 0.967285156 0.110351562
vt 0.959716797 0.110595703
vt 0.970947266 0.090820312
v 0.102455109 0.775482178 -0.041988421
vt 0.962402344 0.121582031
vn 0.996975780 0.054951463 -0.054951556
vt 0.972412109 0.120361328
vt 0.974121094 0.128417969
vt 0.952148438 0.106689453
v 0.107177705 0.759765625 -0.031147052
vt 0.954833984 0.111816406
vn 0.813651204 0.394976348 0.426574260
vt 0.945068359 0.112304688
v 0.103134125 0.769653320 -0.034111071
vt 0.956787109 0.117919922
vn 0.965010226 0.203985944 0.164757684
v 0.104568452 0.771545410 -0.023300217
vt 0.950195312 0.122314453
vn 0.994347930 -0.071024805 -0.078916624
v 0.106117219 0.762756348 -0.014905023
vt 0.943603516 0.118164062
v 0.092010468 0.757781982 -0.011220024
vt 0.936035156 0.113769531
vt 0.931884766 0.106445312
vt 0.923583984 0.108154297
v 0.102279633 0.765167236 -0.011245774
vt 0.940673828 0.120849609
vn 0.652795076 0.165165052 0.739309967
v 0.081581086 0.774841309 0.001955702
vt 0.926513672 0.116943359
vn 0.165802225 0.118430130 0.979021966
v 0.105514497 0.779937744 -0.024269152
vt 0.951416016 0.128173828
vn 0.756750643 0.362609714 0.543914318
v 0.083541840 0.782012939 -0.004564807
vt 0.936523438 0.127685547
vn 0.529004276 0.600064456 0.600064397
v 0.108383149 0.793762207 -0.039836932
vt 0.963623047 0.134765625
vn 0.929364443 0.307162851 0.204775080
v 0.083358735 0.796051025 -0.014516877
vt 0.952636719 0.145263672
vn 0.533173501 0.478288054 0.697829902
v 0.096839875 0.800170898 -0.034599353
vt 0.963867188 0.144042969
vn 0.512494683 0.835760593 0.197113231
v 0.106864892 0.796600342 -0.045181323
vt 0.967529297 0.135986328
vn 0.722085118 0.627900243 -0.290403962
vt 0.978271484 0.131835938
v 0.091804475 0.799926758 -0.039093066
vt 0.967529297 0.145751953
vn 0.489206195 0.654904962 0.576000750
v 0.077445954 0.804260254 -0.032001544
vt 0.969726562 0.154785156
vn 0.464078069 0.873096108 0.149448782
v 0.095931977 0.806365967 -0.039520312
vt 0.971435547 0.146240234
vn 0.298473239 0.926838160 -0.227782339
vt 0.982177734 0.152099609
vt 0.646240234 0.517089844
vt 0.648925781 0.517822266
vt 0.641601562 0.526855469
v 0.072090119 0.792877197 -0.012081191
vt 0.647705078 0.508789062
vn 0.007905531 0.569192231 0.822166502
vt 0.636474609 0.520996094
vt 0.642822266 0.510253906
v 0.077178925 0.809753418 -0.022728011
vt 0.641601562 0.502441406
vn -0.149522871 0.826310754 0.543004096
vt 0.631835938 0.507568359
vt 0.636718750 0.499755859
v 0.066192597 0.777221680 -0.005958124
vt 0.654052734 0.512451172
vn 0.237104237 0.616470873 0.750829756
v 0.073524445 0.808990479 -0.031475116
vt 0.638427734 0.498046875
vn -0.047098368 0.996914387 -0.062797792
vt 0.627929688 0.500488281
vt 0.634521484 0.495605469
vt 0.635009766 0.492187500
v 0.058582272 0.803314209 -0.036048934
vt 0.645751953 0.493408203
vn -0.102102958 0.871802449 0.479098618
v 0.060859650 0.785308838 -0.014348073
vt 0.654785156 0.505126953
vn -0.252407014 0.733558059 0.631017685
v 0.058624238 0.794921875 -0.025367780
vt 0.651855469 0.498046875
vn -0.455494195 0.667534649 0.589001298
v 0.050193753 0.815429688 -0.043418929
vt 0.645263672 0.486328125
vn -0.423467517 0.682253301 0.595991433
vt 0.628906250 0.486083984
v 0.051845521 0.790649414 -0.022228284
vt 0.656494141 0.496826172
vn -0.133445203 0.753573179 0.643676996
v 0.057762116 0.784332275 -0.012415928
vt 0.656494141 0.504882812
vn 0.023606701 0.904922903 0.424920291
v 0.058204625 0.781036377 0.010453182
vt 0.660644531 0.517333984
vn 0.353892177 0.880798340 0.314570725
v 0.057933781 0.769226074 0.013769108
vt 0.659423828 0.523193359
vn 0.689989269 0.462606430 0.556695700
v 0.034179658 0.794738770 -0.029249230
vt 0.665283203 0.489746094
vn 0.063206077 0.916487932 0.395037860
v 0.045543645 0.776123047 0.005654771
vt 0.666015625 0.516113281
vn -0.031430852 0.958640933 0.282877594
v 0.052711464 0.778289795 0.023792224
vt 0.666015625 0.526367188
vn 0.251750082 0.920461237 0.298953176
v 0.000947627 0.784606934 -0.000833069
vt 0.682373047 0.507812500
vn 0.094057679 0.885709524 0.454611927
v 0.045158353 0.796051025 -0.033721965
vt 0.656982422 0.489501953
vn -0.637617409 0.755694687 0.149564639
v 0.070510834 0.767761230 0.001971917
vt 0.653564453 0.519287109
vn 0.487841368 0.409157246 0.771103919
vt 0.644287109 0.527587891
vt 0.652587891 0.526611328
vt 0.655761719 0.537353516
v 0.044288617 0.752685547 0.042362172
vt 0.666259766 0.544433594
vn 0.692763150 0.425104678 0.582550704
v 0.041362744 0.764770508 0.048332177
vt 0.671630859 0.542968750
vn 0.260351568 0.702160180 0.662712812
vt 0.669921875 0.552246094
v -0.001026411 0.763641357 0.058265653
vt 0.692382812 0.552490234
vn 0.157680929 0.614955366 0.772636175
v -0.017480873 0.778228760 0.038280457
vt 0.697265625 0.539550781
vn 0.055186581 0.961823404 0.268049091
v 0.017635319 0.776184082 0.011061632
vt 0.679199219 0.519531250
vn 0.039309178 0.982729971 0.180822268
v -0.045413993 0.776092529 0.025358172
vt 0.709960938 0.532470703
vn 0.070857346 0.976257026 0.204698995
v -0.039211303 0.790527344 -0.003594429
vt 0.699707031 0.510253906
vn 0.047255863 0.811224878 0.582821727
v -0.028957395 0.791717529 -0.007555993
vt 0.697265625 0.508056641
vn 0.243071929 0.548871994 0.799784720
v -0.002645761 0.792358398 -0.015871083
vt 0.684814453 0.498291016
vn 0.284489542 0.466246635 0.837663412
v -0.030918151 0.812866211 -0.010549578
vt 0.703125000 0.498779297
vn 0.181327462 0.204978779 0.961823285
v 0.016912429 0.793792725 -0.023025550
vt 0.674316406 0.493164062
vn 0.047117192 0.958049595 0.282703102
v -0.002315552 0.811187744 -0.017173802
vt 0.689453125 0.490234375
vn 0.409843028 0.102460779 0.906383276
v 0.031454057 0.793426514 -0.034435309
vt 0.666748047 0.486083984
vn 0.527281284 0.818466485 0.228226125
v 0.016069381 0.793487549 -0.028501548
vt 0.675048828 0.489746094
vn 0.543357730 0.244117245 0.803224206
v -0.024103194 0.819244385 -0.013886485
vt 0.701171875 0.494873047
vn -0.102514736 0.047314595 0.993605673
v -0.026775390 0.830139160 -0.007923637
vt 0.703613281 0.490722656
vn -0.149974003 -0.986671269 -0.063146889
v -0.040969882 0.825286865 -0.022228273
vt 0.707763672 0.496093750
vn -0.487946957 0.393505692 0.779141307
v -0.011902840 0.818023682 -0.015071903
vt 0.694580078 0.489257812
vn 0.284108371 -0.331459612 0.899676085
v 0.004452674 0.829406738 -0.014288940
vt 0.694824219 0.481201172
vn 0.292246044 -0.884636402 0.363332808
v 0.010527578 0.819732666 -0.026973763
vt 0.686035156 0.480957031
vn 0.733626664 -0.039442226 0.678407192
v 0.014117208 0.834167480 -0.024427453
vt 0.692871094 0.475585938
vn 0.197119474 -0.961942971 -0.189234674
v 0.021400416 0.839294434 -0.040973704
vt 0.690185547 0.467285156
vn 0.386498332 -0.899200201 -0.205080733
v 0.025375333 0.815612793 -0.040432017
vt 0.677001953 0.476074219
vn 0.776166260 0.340562761 0.530644119
v 0.022523845 0.824371338 -0.050716441
vt 0.680175781 0.468017578
vn 0.956529319 0.158104077 0.245061100
v 0.022203408 0.845825195 -0.059234660
vt 0.690917969 0.458984375
vn 0.833406508 -0.424565583 -0.353804737
v 0.026039088 0.823760986 -0.051818889
vt 0.678222656 0.468750000
vn 0.889075100 0.416999847 0.188829973
v 0.036376920 0.787872314 -0.052959479
vt 0.661376953 0.476806641
vn 0.902050972 0.407883942 0.141190439
v 0.022043189 0.826110840 -0.070816077
vt 0.679687500 0.456298828
vn 0.911804378 0.408739924 -0.039302051
v 0.028337440 0.825744629 -0.073402442
vt 0.676513672 0.455322266
vn 0.911916971 0.385206372 -0.141504496
v 0.043857541 0.788879395 -0.044189494
vt 0.658203125 0.482910156
vn -0.812106907 0.583455443 -0.007884452
vt 0.656494141 0.462890625
vt 0.653076172 0.479003906
vt 0.664550781 0.438964844
v 0.049880944 0.824615479 -0.054863021
vt 0.637451172 0.480468750
vn -0.243965939 0.763377428 0.598110139
vt 0.621093750 0.480224609
v 0.046371419 0.838287354 -0.074813887
vt 0.625732422 0.471923828
vn -0.843933582 0.354925364 0.402248800
vt 0.645751953 0.463623047
vt 0.619140625 0.456298828
vt 0.613281250 0.471679688
vt 0.606201172 0.481445312
vt 0.606933594 0.462890625
v 0.014445262 0.828582764 -0.102066077
vt 0.677490234 0.437255859
vn 0.603981853 0.643201530 -0.470635414
v 0.019615134 0.827758789 -0.080001868
vt 0.679931641 0.449707031
vn 0.864989400 0.424631208 -0.267360508
v -0.007058188 0.829650879 -0.113433875
vt 0.679199219 0.424560547
vn 0.283385396 0.558899164 -0.779310346
vt 0.673095703 0.422607422
v 0.014765699 0.847015381 -0.078918494
vt 0.688964844 0.444335938
vn 0.739241362 0.456127703 -0.495449185
v 0.012228926 0.854583740 -0.076614417
vt 0.691650391 0.445800781
vn 0.305274904 -0.657515347 -0.688825667
v -0.006553215 0.860565186 -0.087669410
vt 0.695800781 0.431884766
vn 0.142249033 0.331914693 -0.932522357
v 0.013250309 0.841430664 -0.089935340
vt 0.686035156 0.439697266
vn 0.707106709 0.424264073 -0.565685511
v 0.013678509 0.827362061 -0.094917335
vt 0.681152344 0.438232422
vn 0.567421794 0.520136774 -0.638349712
v -0.006966634 0.844482422 -0.100517310
vt 0.688720703 0.427001953
vn 0.181231514 0.598852336 -0.780084014
v -0.008828207 0.829803467 -0.109428443
vt 0.681884766 0.424560547
vn 0.205233917 0.734106362 -0.647276580
v -0.037689250 0.852630615 -0.086113006
vt 0.702148438 0.414794922
vn -0.251711279 0.684339583 -0.684339643
v -0.037681621 0.859741211 -0.081359893
vt 0.704833984 0.414794922
vn -0.252407163 -0.473263323 -0.843986154
v -0.053943675 0.854675293 -0.070137054
vt 0.710205078 0.404785156
vn -0.502180994 -0.510027528 -0.698345304
v -0.032840770 0.843811035 -0.098510772
vt 0.695068359 0.415039062
vn -0.243581697 0.628597558 -0.738602102
v -0.052585643 0.845092773 -0.087211639
vt 0.703369141 0.403076172
vn -0.536966801 0.615932345 -0.576449513
v -0.053058665 0.831970215 -0.095771819
vt 0.694335938 0.405761719
vn -0.322814763 0.763732195 -0.559020460
v -0.034111068 0.829406738 -0.108009368
vt 0.686523438 0.412353516
vn -0.141561344 0.692077100 -0.707806230
v -0.033786818 0.829681396 -0.112907439
vt 0.684814453 0.409912109
vn -0.157460943 0.574731886 -0.803050101
v -0.060668986 0.834045410 -0.098274261
vt 0.695800781 0.399902344
vn -0.495173573 0.652371407 -0.573772430
v -0.057785079 0.818695068 -0.107086211
vt 0.690185547 0.397460938
vn -0.330626786 0.495940000 -0.802950442
v -0.034210250 0.817321777 -0.117485076
vt 0.681884766 0.407714844
vn -0.141930550 0.504641414 -0.851582527
v -0.054779097 0.815948486 -0.113990813
vt 0.687011719 0.398437500
vn -0.314483434 0.495311201 -0.809794486
vt 0.672851562 0.419677734
v -0.039516494 0.800720215 -0.125991851
vt 0.678710938 0.403564453
vn -0.212796554 0.323135257 -0.922117770
vt 0.670898438 0.407226562
vt 0.675048828 0.399169922
vt 0.628906250 0.967529297
vt 0.641601562 0.958740234
vt 0.641601562 0.975585938
vt 0.629150391 0.961425781
vt 0.626220703 0.982666016
vt 0.002929688 0.064941406
vt 0.001220703 0.048828125
vt 0.005126953 0.048095703
vt 0.008789062 0.065917969
vt 0.000000000 0.072021484
vt 0.552978516 0.028320312
vt 0.554931641 0.023925781
vt 0.558837891 0.026855469
vt 0.549804688 0.026367188
vt 0.558593750 0.018798828
v -0.038963336 0.757324219 0.053764313
vt 0.538818359 0.020751953
vn -0.291727632 0.465187430 0.835760534
vt 0.548828125 0.008300781
v 0.058719583 0.814453125 -0.172515929
vt 0.934082031 0.024902344
vn 0.370976955 0.307831913 0.876136839
vt 0.939697266 0.015869141
vt 0.942626953 0.020996094
vt 0.923339844 0.022949219
vt 0.939208984 0.029785156
v 0.041271158 0.822814941 -0.168579131
vt 0.921630859 0.032470703
vn 0.395606339 0.356045693 0.846597373
v 0.045776319 0.821624756 -0.155548126
vt 0.917968750 0.025146484
vn 0.494639039 0.800844133 0.337610662
vt 0.916992188 0.020263672
v 0.037086435 0.849761963 -0.170852691
vt 0.923583984 0.048583984
vn -0.448304892 0.322465003 0.833690047
v 0.027015636 0.822509766 -0.164749175
vt 0.909423828 0.034179688
vn -0.605081141 0.597223043 0.526499271
vt 0.907226562 0.026611328
vt 0.905029297 0.031005859
vt 0.900146484 0.026611328
vt 0.895019531 0.052734375
vt 0.889648438 0.051513672
vt 0.897460938 0.056884766
vt 0.890625000 0.056884766
v 0.041274972 0.867736816 -0.174789459
vt 0.929443359 0.060791016
vn -0.377777040 0.283332825 0.881480038
vt 0.953369141 0.060058594
vt 0.914794922 0.081054688
vt 0.958251953 0.076416016
v 0.050754491 0.904815674 -0.182632476
vt 0.941162109 0.084472656
vn -0.615012646 0.512510598 0.599243224
vt 0.926025391 0.099121094
vt 0.955566406 0.082031250
vt 0.931396484 0.099365234
v 0.054992620 0.901062012 -0.189224273
vt 0.943359375 0.088134766
vn 0.424198538 0.652009010 -0.628442466
v 0.050990999 0.894195557 -0.198928863
vt 0.941406250 0.095703125
vn 0.564415157 0.783910096 -0.258690417
vt 0.951171875 0.102294922
v 0.067169130 0.890563965 -0.193862975
vt 0.951416016 0.090820312
vn -0.117785811 0.918728590 -0.376914293
vt 0.956542969 0.098388672
v 0.021533923 0.859832764 -0.091545142
vt 0.206298828 0.788818359
vn 0.259000748 -0.400274038 -0.879033208
v 0.032962758 0.856872559 -0.086677596
vt 0.199951172 0.789062500
vn 0.441328079 -0.646230459 -0.622587979
v 0.019708592 0.854675293 -0.080329932
vt 0.200439453 0.783691406
vn -0.094573267 -0.914208114 -0.394055188
v 0.041206323 0.845733643 -0.062973067
vt 0.184082031 0.787109375
vn 0.433017194 -0.803050101 -0.409398139
v 0.039558370 0.868988037 -0.081169173
vt 0.198730469 0.793945312
vn 0.576485455 -0.465926617 -0.671250284
v -0.004505678 0.864746094 -0.095291175
vt 0.218261719 0.786132812
vn -0.063164748 -0.600064456 -0.797454000
vt 0.182373047 0.778320312
vt 0.201904297 0.781250000
vt 0.175292969 0.780029297
vt 0.215820312 0.782714844
vt 0.230957031 0.780273438
vt 0.237548828 0.775146484
v -0.037605327 0.864166260 -0.089218169
vt 0.232910156 0.784423828
vn -0.149806201 -0.654416263 -0.741146028
v -0.033950850 0.873107910 -0.092224151
vt 0.233398438 0.788574219
vn -0.196509659 -0.204369977 -0.958966613
v -0.044986766 0.870727539 -0.088317901
vt 0.238037109 0.785888672
vn -0.322784752 -0.181074381 -0.928989887
v -0.029460952 0.895996094 -0.097724944
vt 0.237304688 0.800781250
vn -0.252753377 -0.086883985 -0.963621736
v -0.067558333 0.878967285 -0.081634551
vt 0.247802734 0.784912109
vn -0.479587108 -0.188690037 -0.856966913
v -0.012335821 0.874725342 -0.096176185
vt 0.225341797 0.790771484
vn -0.063070498 -0.157675996 -0.985474706
v 0.015699342 0.876525879 -0.095214881
vt 0.214355469 0.794677734
vn 0.086772911 -0.141992256 -0.986057103
v -0.008679435 0.893890381 -0.099212684
vt 0.229492188 0.802001953
vn 0.007861711 -0.055032920 -0.998453617
v 0.032382920 0.889007568 -0.094528243
vt 0.211669922 0.802978516
vn 0.337787658 -0.235665947 -0.911241531
v -0.026283311 0.929229736 -0.098442122
vt 0.240722656 0.823730469
vn -0.243905693 0.062943317 -0.967754245
v -0.070213363 0.893096924 -0.083206207
vt 0.255371094 0.803222656
vn -0.376693815 -0.023543414 -0.926038623
v -0.047493026 0.929168701 -0.090751685
vt 0.249023438 0.826660156
vn -0.354045630 0.165221170 -0.920518160
v 0.018396333 0.895263672 -0.097564735
vt 0.218994141 0.804687500
vn 0.078475311 -0.023542671 -0.996638060
v -0.014048623 0.929565430 -0.098800704
vt 0.235839844 0.824707031
vn 0.047088031 0.141264439 -0.988851488
v -0.025697755 0.950866699 -0.091781661
vt 0.240966797 0.840332031
vn -0.180917516 0.495556235 -0.849525034
v -0.057827041 0.943389893 -0.081367530
vt 0.253173828 0.838134766
vn -0.439692795 0.463247567 -0.769462109
v -0.051506087 0.958587646 -0.071014442
vt 0.251464844 0.851806641
vn -0.439855516 0.573382914 -0.691201329
v -0.024107026 0.964538574 -0.080024764
vt 0.239746094 0.853027344
vn -0.173767999 0.102680951 -0.979418874
v -0.043052718 0.966796875 -0.073661841
vt 0.246826172 0.856445312
vn -0.403366983 -0.348002911 -0.846279562
v 0.003465606 0.948638916 -0.091156051
vt 0.229003906 0.838134766
vn 0.094382785 0.432588369 -0.896637738
v 0.000338054 0.962554932 -0.079376265
vt 0.230224609 0.849365234
vn -0.015781473 0.402424008 -0.915317416
v -0.025997208 0.973602295 -0.085968062
vt 0.238281250 0.861083984
vn -0.259939343 0.456862837 -0.850710154
v -0.064689681 0.973327637 -0.067741431
vt 0.255615234 0.861328125
vn -0.600588918 0.047414847 -0.798150837
v 0.005261375 0.973907471 -0.085098311
vt 0.227050781 0.856201172
vn -0.015691843 0.313834071 -0.949348211
v 0.008778526 0.955749512 -0.084281966
vt 0.225830078 0.844726562
v 0.016052200 0.926177979 -0.097076461
vt 0.223144531 0.823974609
vn 0.126518652 0.150241017 -0.980520606
v 0.019624664 0.943908691 -0.090271041
vt 0.221923828 0.836669922
vn 0.291112959 0.495678991 -0.818263829
v 0.032081559 0.897735596 -0.095672652
vt 0.213867188 0.808105469
vn 0.244382426 0.007883277 -0.969646990
v 0.038570359 0.923461914 -0.092826888
vt 0.213378906 0.825683594
vn 0.378046453 0.149643406 -0.913612545
v 0.042884782 0.901947021 -0.090324447
vt 0.209960938 0.812255859
vn 0.488431185 0.102412999 -0.866571724
v 0.041751817 0.932250977 -0.088829093
vt 0.211914062 0.832031250
vn 0.440780878 0.519491792 -0.732011318
v 0.043750718 0.932525635 -0.082603507
vt 0.209228516 0.833007812
vn 0.667761147 0.526353002 -0.526353061
v 0.036285356 0.948486328 -0.075668387
vt 0.210693359 0.842285156
vn 0.487584680 0.613413095 -0.621277452
v 0.019624665 0.961486816 -0.075698897
vt 0.218994141 0.848632812
vn 0.472192109 0.306924939 -0.826336443
v 0.011335326 0.975738525 -0.082870528
vt 0.224365234 0.856201172
vn 0.347113639 0.205112636 -0.915118098
v 0.040737107 0.951446533 -0.068168692
vt 0.206298828 0.844970703
vn 0.803348839 0.204775214 -0.559193969
v 0.043285325 0.938781738 -0.080802970
vt 0.208984375 0.836181641
vn 0.889212608 0.409195215 -0.204597726
v 0.040286973 0.943756104 -0.071289115
vt 0.206298828 0.841064453
vn 0.880934417 0.440467268 -0.173040837
v 0.042770341 0.958923340 -0.065444998
vt 0.205810547 0.848876953
vn 0.819304049 -0.126046792 -0.559332728
v 0.045833547 0.939697266 -0.047988940
vt 0.192382812 0.843750000
vn 0.966677725 0.078591727 -0.243634373
v 0.047840077 0.937744141 -0.050640155
vt 0.193115234 0.842285156
vn 0.880798221 0.463991970 -0.094371386
v 0.047855336 0.933044434 -0.053535510
vt 0.192871094 0.839843750
vn 0.661663532 0.748309970 0.047261562
v 0.049583398 0.936492920 -0.033771563
vt 0.182861328 0.844238281
vn 0.988851368 -0.047088124 -0.141264603
v 0.044536546 0.979309082 -0.068168692
vt 0.208007812 0.858154297
vn 0.550822496 0.118033409 -0.826234043
v 0.046932176 0.977630615 -0.058918051
vt 0.203369141 0.859130859
vn 0.615089238 0.780690193 0.110400513
v 0.027154878 0.985443115 -0.071968123
vt 0.214355469 0.863281250
vn 0.244443253 0.938346922 -0.244443402
v -0.005417869 0.992492676 -0.067939803
vt 0.223388672 0.874023438
vn 0.141815722 0.827259064 -0.543627381
v 0.001671509 0.988067627 -0.056991622
vt 0.213134766 0.875732422
vn 0.424683720 0.896554530 0.125832111
v 0.052799184 0.962677002 -0.032657672
vt 0.187744141 0.856201172
vn 0.943391621 0.330187082 0.031446248
v 0.038913686 0.975646973 -0.042991687
vt 0.195800781 0.863769531
vn 0.307048589 0.913272679 0.267683297
v 0.053817715 0.947875977 -0.000557412
vt 0.168457031 0.854736328
vn 0.943741679 0.298851550 0.141561106
v 0.030843696 0.971954346 -0.021936463
vt 0.185058594 0.868896484
vn 0.431987524 0.848266423 0.306318343
v 0.010408361 0.980194092 -0.033908889
vt 0.197998047 0.876953125
vn 0.608548343 0.790322483 0.071128897
v -0.004911467 0.999633789 -0.059135482
vt 0.218505859 0.878417969
vn 0.393213481 0.888662577 -0.235928223
v -0.022846267 0.990295410 -0.069992110
vt 0.230712891 0.875000000
vn -0.023562353 0.714720905 -0.699012876
v -0.008516356 0.993255615 -0.065017745
vt 0.223632812 0.875732422
vn -0.023540577 0.737600982 -0.674826443
v -0.027196929 0.994079590 -0.064155623
vt 0.230468750 0.880859375
vn -0.321630567 0.878600359 -0.353009075
v -0.063217208 0.985473633 -0.056362189
vt 0.237548828 0.890380859
vn -0.268349558 0.955008626 -0.126282141
v -0.031467479 0.985778809 -0.040092509
vt 0.221679688 0.896728516
vn -0.480553389 0.835060000 0.267849445
v -0.026474044 0.999877930 -0.060089152
vt 0.225585938 0.883300781
vn -0.684678733 0.661069036 -0.306924880
v 0.002890784 0.996612549 -0.036884353
vt 0.205810547 0.882812500
vn 0.392921984 0.919437528 0.015716787
v -0.024520919 0.999938965 -0.057186168
vt 0.223632812 0.883789062
vn -0.007873068 0.992003083 0.125968605
v -0.026714366 0.995086670 -0.028711360
vt 0.209960938 0.894042969
vn -0.859708190 0.496895522 0.118308559
v 0.005158861 0.995117188 -0.027933165
vt 0.199218750 0.883056641
vn 0.416690379 0.904139519 0.094344907
v -0.024789851 0.996093750 -0.029127162
vt 0.208007812 0.893554688
vn -0.015783805 0.978595018 0.205189228
v -0.025035894 0.987640381 -0.000028069
vt 0.190673828 0.897705078
vn -0.916688263 0.363514274 0.165952280
v -0.030609166 0.972442627 -0.001102248
vt 0.195800781 0.902099609
vn -0.464322269 0.818466365 0.338404417
v 0.010164224 0.990264893 -0.008439109
vt 0.186523438 0.883789062
vn 0.410788119 0.900574088 0.142195791
v -0.023407018 0.988922119 0.000332315
vt 0.190185547 0.896484375
vn 0.007843677 0.956929028 0.290216148
v -0.023056064 0.981414795 0.021776160
vt 0.174560547 0.896728516
vn -0.331284255 0.867649317 0.370722890
v -0.028995547 0.964111328 0.018741569
vt 0.177246094 0.904052734
vn -0.793653488 0.495051175 0.353608072
v 0.013709033 0.985260010 0.005903675
vt 0.177490234 0.883544922
vn 0.290753305 0.903692722 0.314327836
v -0.020196944 0.974121094 0.038665731
vt 0.161376953 0.895507812
vn -0.253346652 0.847128034 0.467107952
v 0.018440209 0.970794678 -0.006892726
vt 0.178955078 0.875000000
vn 0.764135003 0.638092160 0.094532043
v 0.019878358 0.971069336 0.036247205
vt 0.158691406 0.880859375
vn 0.567774653 0.757032871 0.323316038
v -0.016943006 0.966400146 0.051776849
vt 0.150634766 0.892822266
vn -0.126097605 0.693537235 0.709299326
v 0.019702882 0.963867188 0.046794847
vt 0.152587891 0.879394531
vn 0.545271516 0.584783912 0.600588799
v 0.018354390 0.945922852 0.062168077
vt 0.138916016 0.876708984
vn 0.542735398 0.464078099 0.700049937
v 0.023841828 0.949981689 0.030931426
vt 0.153320312 0.870849609
vn 0.876956820 0.331821531 0.347622395
v -0.011609104 0.949432373 0.064887956
vt 0.134765625 0.886718750
vn -0.534439862 0.330095261 0.778081775
v 0.023025481 0.958129883 0.019754363
vt 0.162109375 0.872558594
vn 0.787792385 0.575088561 0.220581740
v 0.033233609 0.957061768 0.015930129
vt 0.162841797 0.867919922
vn 0.425738364 0.835708618 0.346897840
v 0.033565491 0.949981689 0.026485397
vt 0.156005859 0.866455078
vn 0.423728317 0.737601042 0.525736749
v 0.046222653 0.950225830 0.008245421
vt 0.164794922 0.859863281
vn 0.597610652 0.715560079 0.361711591
v 0.036621064 0.935729980 0.043460801
vt 0.144775391 0.861572266
vn 0.585149467 0.585149407 0.561427057
v 0.028341267 0.931304932 0.052097276
vt 0.139404297 0.864257812
vn 0.244306743 0.693515718 0.677753806
v 0.018049212 0.934570312 0.051345780
vt 0.138916016 0.869384766
vn 0.845882952 0.110676326 0.521759391
v 0.049564332 0.932739258 0.030145599
vt 0.151367188 0.854248047
vn 0.825314701 0.440167874 0.353706121
v 0.014434789 0.939300537 0.066703752
vt 0.135253906 0.874755859
vn 0.528707743 -0.244625852 0.812789202
v 0.051826444 0.929260254 0.011945677
vt 0.158447266 0.848388672
vn 0.998453617 0.039309241 0.039309066
v -0.006196524 0.942291260 0.069366410
vt 0.131591797 0.880859375
vn -0.260448664 -0.142062932 0.954978943
v -0.014774350 0.936889648 0.054225884
vt 0.126220703 0.884765625
vn -0.488567680 0.252164006 0.835293353
v 0.006709074 0.925292969 0.063545190
vt 0.126953125 0.869628906
vn 0.134191588 0.378893644 0.915659547
v -0.018537546 0.924957275 0.067039452
vt 0.118164062 0.875000000
vn 0.023563031 0.628345549 0.777577519
v 0.000481352 0.906341553 0.078742944
vt 0.118896484 0.858642578
vn -0.172906935 0.188625902 0.966707587
v 0.027294135 0.915344238 0.065658532
vt 0.131591797 0.857666016
vn 0.456071347 0.416754842 0.786329687
v 0.007370927 0.901306152 0.080825768
vt 0.122070312 0.854003906
vn 0.485949665 -0.431084216 0.760275841
v 0.006147361 0.895690918 0.068000756
vt 0.121337891 0.846435547
vn -0.126250595 -0.970552027 0.205157384
v -0.020690942 0.912994385 0.062499963
vt 0.109863281 0.850097656
vn -0.528214395 -0.788379848 0.315352023
v 0.021957373 0.907562256 0.065780602
vt 0.129394531 0.852050781
vn 0.616413116 -0.774467647 0.142249107
v -0.007239843 0.905059814 0.059818227
vt 0.115966797 0.843994141
vn -0.455227524 -0.486622661 0.745631516
v 0.045322392 0.921875000 0.043613385
vt 0.142822266 0.851806641
vn 0.730091453 -0.502428412 0.463176161
v 0.005637145 0.897186279 0.061557729
vt 0.122314453 0.841308594
vn 0.007848401 -0.588620126 0.808371603
v -0.018034007 0.885101318 0.047550164
vt 0.114501953 0.829345703
vn -0.283754885 -0.441396654 0.851265073
v 0.015802357 0.904602051 0.056625322
vt 0.128173828 0.843750000
vn 0.670268714 -0.544100404 0.504672766
v 0.031772587 0.914489746 0.044238999
vt 0.137451172 0.846191406
v 0.011469816 0.882110596 0.046417199
vt 0.127441406 0.829101562
vn 0.528526723 -0.465418875 0.709961116
v -0.000015970 0.866607666 0.040840112
vt 0.124023438 0.819091797
vn 0.070610635 -0.486427903 0.870862901
v -0.009074236 0.867797852 0.040836297
vt 0.119873047 0.819335938
vn -0.149582997 -0.338530213 0.928989947
v -0.021289852 0.862243652 0.033866849
vt 0.113769531 0.815185547
vn -0.472206712 -0.346285015 0.810621738
v 0.012198422 0.864196777 0.034717523
vt 0.130126953 0.816406250
vn 0.565685511 -0.424264014 0.707106769
v 0.029252978 0.887115479 0.034164384
vt 0.137207031 0.828613281
vn 0.676997602 -0.393603116 0.621892989
v 0.004070495 0.846069336 0.033290826
vt 0.126220703 0.806396484
vn 0.402161360 -0.039427511 0.914719582
v 0.022764178 0.862823486 0.021518664
vt 0.137939453 0.812500000
vn 0.766732693 -0.395222962 0.505885303
v 0.037364930 0.887908936 0.022651628
vt 0.143554688 0.826660156
vn 0.851423860 -0.354759842 0.386294037
v -0.012174631 0.845825195 0.034320794
vt 0.118652344 0.807373047
vn -0.211753219 0.376450360 0.901912272
v -0.028913524 0.842895508 0.022956815
vt 0.109375000 0.805419922
vn -0.432722181 0.322574764 0.841841578
v -0.018226648 0.838592529 0.047401395
vt 0.114501953 0.799560547
vn -0.165456831 0.220609307 0.961226106
v 0.015809989 0.836853027 0.042182881
vt 0.127441406 0.798095703
vn 0.592076659 0.394717783 0.702597499
v 0.014534923 0.845001221 0.024187049
vt 0.132812500 0.803955078
v 0.016561484 0.820129395 0.036270101
vt 0.129394531 0.788818359
vn 0.488674164 -0.338919014 0.803947568
v -0.020010019 0.824279785 0.042743649
vt 0.116455078 0.788330078
vn -0.236926511 -0.300107032 0.924013913
v 0.024181338 0.836944580 0.012752493
vt 0.137939453 0.796386719
vn 0.788379908 0.315351993 0.528214335
v 0.014204955 0.809082031 0.031898461
vt 0.129882812 0.783935547
vn 0.204902470 -0.748681605 0.630468786
v -0.021877313 0.809417725 0.036312070
vt 0.121337891 0.776123047
vn -0.197021425 -0.977226615 0.078808665
v 0.020214055 0.813323975 0.016624413
vt 0.136962891 0.781250000
vn 0.094327509 -0.958996296 -0.267261237
v 0.023340199 0.825927734 0.018518407
vt 0.137207031 0.789062500
vn 0.859654665 -0.078867331 0.504751205
v 0.023881884 0.816558838 0.007660826
vt 0.142822266 0.781494141
vn 0.369689316 -0.904558897 -0.212374702
v -0.012825040 0.819061279 0.006929363
vt 0.143554688 0.767089844
vn -0.078591697 -0.919522762 -0.385099262
v -0.031055477 0.814147949 0.023874251
vt 0.129150391 0.769042969
vn -0.322315454 -0.927639723 -0.188672394
v 0.021898242 0.848236084 0.013871153
vt 0.138916016 0.803222656
vn 0.770412743 -0.031445354 0.636769533
v 0.031681031 0.853332520 0.010291058
vt 0.143554688 0.800781250
vn 0.323275983 0.378469378 0.867325544
v 0.030923814 0.859771729 -0.000780088
vt 0.148437500 0.805908203
vn 0.865391016 -0.188812509 0.464164108
v 0.032619450 0.833465576 0.012394863
vt 0.143066406 0.790039062
vn 0.866356671 -0.307162732 0.393798321
v 0.039024323 0.850006104 0.004898028
vt 0.147705078 0.798339844
vn 0.962302029 0.078877270 0.260294676
v 0.036079377 0.837554932 -0.004240078
vt 0.151611328 0.790527344
vn 0.967964053 -0.212479874 0.133783519
v 0.036094636 0.843414307 -0.012013477
vt 0.155029297 0.793457031
vn 0.943712473 -0.290977955 0.157285288
v 0.034381837 0.825134277 -0.016035121
vt 0.157470703 0.783935547
vn 0.407833725 -0.886254072 -0.219602793
v 0.042835202 0.851348877 -0.019268079
vt 0.158935547 0.797851562
vn 0.939662457 -0.110548466 0.323749125
v 0.041988339 0.843627930 -0.025329633
vt 0.161865234 0.792724609
vn 0.954651833 -0.252469838 0.157793567
v 0.045513120 0.857147217 -0.025829358
vt 0.163085938 0.799560547
vn 0.876136899 -0.481480598 0.023679281
v 0.039440125 0.863800049 -0.005519433
vt 0.153076172 0.807373047
vn 0.526434302 -0.589292049 0.612863660
v 0.040306062 0.879760742 0.002495960
vt 0.150878906 0.818359375
vn 0.679083884 -0.386919767 0.623809457
v 0.053665131 0.875640869 -0.001054631
vt 0.156738281 0.816650391
vn 0.905708432 -0.244147420 0.346531808
v 0.045947995 0.903656006 0.006527378
vt 0.153564453 0.833007812
vn 0.741838276 -0.299891979 0.599783957
v 0.041465729 0.906707764 0.024145080
vt 0.145996094 0.837402344
vn 0.899228275 -0.189311162 0.394398242
v 0.042648286 0.915557861 0.024009658
vt 0.147460938 0.842041016
vn 0.604931891 -0.683494329 0.408525318
v 0.049957242 0.857635498 -0.027231259
vt 0.164062500 0.802978516
vn 0.960481167 -0.244056642 0.133837432
v 0.052810635 0.906646729 0.005283309
vt 0.156738281 0.834960938
vn 0.936253667 -0.196691871 0.291103959
v 0.052535977 0.913360596 -0.012369202
vt 0.165527344 0.834472656
vn 0.999225974 -0.039339561 -0.000000129
v 0.056152310 0.862487793 -0.033756301
vt 0.169677734 0.802490234
vn 0.425196946 -0.803149581 0.417322814
v 0.052719086 0.916839600 0.018869352
vt 0.152587891 0.843261719
vn 0.929970384 -0.315244138 0.189146399
v 0.052577939 0.921142578 -0.007146406
vt 0.165771484 0.840087891
v 0.052154507 0.889526367 -0.026483582
vt 0.167724609 0.820800781
vn 0.465187579 -0.268074065 0.843645036
v 0.050613374 0.923706055 0.036487531
vt 0.146972656 0.851074219
vn 0.925468922 0.172545105 0.337247014
v 0.056251492 0.917419434 -0.016866732
vt 0.169677734 0.835937500
vn 0.616086185 0.284347475 0.734564126
v 0.067176782 0.910308838 -0.018564275
vt 0.173828125 0.829833984
vn 0.636121392 -0.054973386 0.769628167
v 0.050590482 0.925842285 -0.007922697
vt 0.167236328 0.842773438
vn 0.998885930 0.000000042 -0.047191594
v 0.051937066 0.923522949 -0.025184680
vt 0.175781250 0.839111328
vn 0.770698547 0.621277452 0.141556725
v 0.066360436 0.919860840 -0.035991717
vt 0.181640625 0.832031250
vn 0.963171303 0.268424809 0.015789555
v 0.063674882 0.926574707 -0.065338187
vt 0.196533203 0.830078125
vn 0.848475754 0.526369274 -0.054993935
v 0.062496141 0.925323486 -0.074241683
vt 0.200439453 0.827392578
vn 0.583020627 0.275753021 -0.764229953
v 0.060279801 0.896728516 -0.082916304
vt 0.200927734 0.811767578
vn 0.967664361 -0.015734348 -0.251750201
v 0.065391503 0.885253906 -0.026762057
vt 0.173339844 0.815673828
vn 0.990989983 -0.102244943 0.086514883
v 0.059490163 0.881164551 -0.082954451
vt 0.197753906 0.804443359
vn 0.417258084 -0.299166232 -0.858134806
v 0.060203511 0.872497559 -0.073341414
vt 0.191650391 0.801269531
vn 0.886199594 -0.384281218 -0.258801728
v 0.046138726 0.860839844 -0.058059737
vt 0.181396484 0.793457031
vn 0.755530894 -0.629609048 -0.181012690
v 0.063850366 0.865783691 -0.032299086
vt 0.172363281 0.805664062
vn 0.903943956 -0.408739805 0.125766009
v 0.061622582 0.867614746 -0.056350753
vt 0.181396484 0.802246094
vn 0.826310754 -0.543004096 -0.149522975
v 0.039451566 0.835235596 -0.036117595
vt 0.167724609 0.787841797
vn 0.731512904 -0.652855515 -0.196643293
vt 0.166992188 0.776855469
v 0.012291878 0.826202393 -0.006766357
vt 0.155517578 0.774658203
vn -0.125421762 -0.885791123 -0.446814924
vt 0.161132812 0.769531250
v -0.007086783 0.824554443 -0.003285444
vt 0.150146484 0.769287109
vn -0.078642733 -0.865069807 -0.495449036
vt 0.150146484 0.761718750
v -0.031349212 0.822174072 0.007743803
vt 0.142578125 0.761230469
vn -0.078749947 -0.881999195 -0.464624524
vt 0.151367188 0.062255859
vt 0.154785156 0.055175781
v -0.029613521 0.916595459 0.052772485
vt 0.161621094 0.056396484
vn -0.572870612 -0.415919840 0.706279039
v -0.032039668 0.889465332 0.043476067
vt 0.165283203 0.071289062
vn -0.504061937 -0.354418665 0.787597060
vt 0.158691406 0.074707031
vt 0.165283203 0.086425781
v -0.046585109 0.888458252 0.030210461
vt 0.174804688 0.072998047
vn -0.720422745 -0.297565967 0.626454771
v -0.034225490 0.861511230 0.022773709
vt 0.172119141 0.090087891
vn -0.685719788 -0.220691472 0.693601906
v -0.044540431 0.922363281 0.053199735
vt 0.166748047 0.051269531
vn -0.432896405 -0.794955373 0.425025761
v -0.037231471 0.855590820 0.021146743
vt 0.171875000 0.093505859
vn -0.063070260 0.157675996 0.985474706
vt 0.166992188 0.098144531
v -0.046669036 0.916564941 0.037155118
vt 0.172363281 0.057861328
vn -0.588620067 -0.478744447 0.651406407
v -0.026025796 0.920898438 0.067726098
vt 0.156494141 0.049560547
vn -0.502753794 0.023566606 0.864108384
vt 0.143554688 0.049804688
vt 0.153808594 0.045410156
v -0.027420070 0.936279297 0.055747949
vt 0.161132812 0.040771484
vn -0.228900552 0.639343143 0.734060645
vt 0.156982422 0.036376953
v -0.047256496 0.926239014 0.052642789
vt 0.168212891 0.049316406
vn -0.620625079 0.322096586 0.714897394
v -0.053535488 0.920593262 0.042736020
vt 0.173339844 0.053222656
vn -0.825850427 -0.220226794 0.519106150
v -0.024690658 0.952209473 0.038040124
vt 0.167480469 0.030029297
vn -0.691201210 0.439855337 0.573383033
vt 0.153076172 0.029296875
vt 0.160644531 0.022460938
vt 0.166992188 0.019531250
v -0.035129577 0.949829102 0.040672265
vt 0.170166016 0.034667969
vn -0.299696028 0.694033086 0.654599369
vt 0.177734375 0.023925781
vt 0.173095703 0.017333984
v -0.042224914 0.958312988 0.025495492
vt 0.178710938 0.031250000
vn -0.354980558 0.796734154 0.489084363
v -0.051246673 0.934356689 0.045028653
vt 0.172363281 0.045166016
vn -0.574447095 0.503624856 0.645269394
vt 0.188476562 0.017822266
vt 0.184570312 0.011718750
v -0.056568176 0.927642822 0.031661954
vt 0.178955078 0.050048828
vn -0.920062721 0.070774034 0.385325551
v -0.059989959 0.944610596 0.026384320
vt 0.182617188 0.041748047
vn -0.803149521 0.291338593 0.519685149
v -0.052894630 0.973754883 -0.013587033
vt 0.200195312 0.023681641
vn -0.282485485 0.878843784 0.384494156
vt 0.209472656 0.009765625
vt 0.230712891 0.018554688
v -0.068977393 0.951477051 0.008049932
vt 0.192871094 0.039550781
vn -0.786038220 0.463762581 0.408739954
v -0.076973006 0.980987549 -0.049434695
vt 0.224609375 0.026367188
vn -0.826310813 0.558743358 0.070826717
v -0.074516334 0.965301514 -0.018995319
vt 0.207519531 0.032958984
vn -0.952018380 0.212433815 0.220301867
vt 0.240478516 0.026123047
vt 0.245361328 0.008056641
v -0.073951766 0.958770752 -0.047706634
vt 0.230712891 0.033691406
vn -0.592372119 0.007898231 -0.805625856
v -0.072845504 0.946502686 -0.062027007
vt 0.229248047 0.041992188
vn -0.991020679 0.117978610 -0.062921830
v -0.071830787 0.940063477 -0.028190644
vt 0.210693359 0.045410156
vn -0.993945599 -0.039442327 0.102550067
v -0.060997054 0.960540771 -0.061355624
vt 0.237304688 0.035888672
vn -0.651828110 0.204187021 -0.730361462
vt 0.245361328 0.029296875
vt 0.243652344 0.035644531
v -0.079307601 0.935943604 -0.069870032
vt 0.234863281 0.048828125
vn -0.672931015 0.546261609 -0.498760581
vt 0.246337891 0.044921875
v -0.076370277 0.940093994 -0.048423797
vt 0.222900391 0.045410156
vn -0.926952541 0.353498846 0.125688583
v -0.078392074 0.924468994 -0.076820403
vt 0.238525391 0.055908203
vn -0.670853019 0.213094398 -0.710314810
v -0.079582259 0.931060791 -0.068306006
vt 0.234375000 0.051269531
vn -0.769201577 0.298261762 -0.565127492
v -0.067230269 0.924163818 -0.083732635
vt 0.244140625 0.056640625
vn -0.446815103 0.125421688 -0.885791063
vt 0.250976562 0.055908203
vt 0.244384766 0.077880859
v -0.077484176 0.901184082 -0.077606231
vt 0.240722656 0.070800781
vn -0.661663592 0.047261614 -0.748309851
v -0.074928328 0.884521484 -0.077293426
vt 0.240966797 0.083496094
vn -0.581956089 -0.259520948 -0.770698369
v -0.095893897 0.895172119 -0.063247703
vt 0.232666016 0.073730469
vn -0.794365048 0.047189940 -0.605604887
vt 0.243408203 0.087890625
vt 0.259521484 0.086914062
v -0.086578406 0.879577637 -0.068359397
vt 0.234375000 0.083007812
vn -0.527919292 -0.370331466 -0.764300883
v -0.096817054 0.923675537 -0.054599792
vt 0.227783203 0.057861328
vn -0.777194083 0.478877068 -0.408223063
v -0.075477637 0.866485596 -0.063270599
vt 0.231445312 0.092041016
vn -0.726212740 -0.568340421 -0.386787087
v -0.077079810 0.935668945 -0.051860839
vt 0.225097656 0.047607422
vn -0.565092742 0.824093580 0.039242588
v -0.095619239 0.925689697 -0.044307739
vt 0.223876953 0.056884766
vn -0.970763624 0.165740103 0.173632652
v -0.094329871 0.877685547 -0.060558345
vt 0.229736328 0.082763672
vn -0.976832271 -0.212697387 0.023633176
v -0.074340858 0.931274414 -0.030376466
vt 0.212890625 0.049804688
vn -0.573861063 0.762527764 0.298722267
v -0.087074310 0.881805420 -0.009288816
vt 0.204589844 0.077636719
vn -0.981184721 -0.086344294 0.172688648
v -0.072387733 0.932952881 -0.018325837
vt 0.205810547 0.049316406
vn -0.925839126 0.282459348 0.251075149
v -0.092369117 0.920837402 -0.024248151
vt 0.212890625 0.058593750
vn -0.840178847 0.447571874 0.306233495
v -0.071388282 0.922454834 -0.009367974
vt 0.200927734 0.053710938
vn -0.566227436 0.715648651 0.408942074
v -0.070053138 0.936462402 -0.018049272
vt 0.205078125 0.047363281
vn -0.981941283 0.015711024 0.188532874
v -0.066818267 0.938690186 0.009833302
vt 0.191162109 0.045654297
vn -0.966319621 -0.133556396 0.219975337
v -0.064483672 0.923736572 0.011225668
vt 0.189453125 0.052734375
vn -0.946791649 0.063119411 0.315597355
v -0.068481475 0.919799805 0.007839171
vt 0.191406250 0.055419922
vn -0.943479002 0.125797167 0.306630820
v -0.062820464 0.907653809 0.021312680
vt 0.183593750 0.061767578
vn -0.664306641 -0.371695459 0.648489952
v -0.057674438 0.899505615 0.016550032
vt 0.182373047 0.067626953
vn -0.447709829 -0.282764167 0.848292649
v -0.066535980 0.903594971 0.018648118
vt 0.185791016 0.064453125
vn -0.889405370 -0.023612551 0.456509084
v -0.047573119 0.867675781 0.011713950
vt 0.180908203 0.084472656
vn -0.526369095 -0.447806656 0.722775757
v -0.069770843 0.890960693 -0.001280576
vt 0.193115234 0.072021484
vn -0.945556343 -0.039398208 0.323065192
v -0.070060760 0.917877197 0.000427572
vt 0.194824219 0.056884766
vn -0.837898791 0.094856456 0.537520111
v -0.066482574 0.876586914 0.016523331
vt 0.187255859 0.078369141
vn -0.786840677 -0.204578593 0.582262337
v -0.057617217 0.866577148 0.012894600
vt 0.185058594 0.085693359
vn -0.337444246 -0.455157489 0.823992193
v -0.046798736 0.860961914 0.002883641
vt 0.180175781 0.089355469
vn -0.606374323 0.110249907 0.787499309
v -0.054321319 0.855285645 0.008247345
vt 0.182861328 0.093017578
vn -0.779237628 0.125937402 0.613945007
v -0.070404083 0.861602783 -0.009056120
vt 0.196044922 0.087890625
vn -0.834464610 -0.330636919 0.440849364
v -0.074409515 0.915679932 -0.000692815
vt 0.196289062 0.058837891
vn -0.615031719 0.000000008 0.788502395
v -0.073532134 0.889221191 -0.002569467
vt 0.194580078 0.073242188
vn -0.840827107 -0.125731155 0.526499331
v -0.066993743 0.857971191 -0.009730369
vt 0.195312500 0.091308594
vn -0.843566418 -0.409957498 0.346887290
v -0.057193786 0.849487305 -0.003953726
vt 0.189697266 0.095947266
vn -0.810521185 -0.299027264 0.503624976
v -0.074867278 0.863250732 -0.014129667
vt 0.198974609 0.086914062
vn -0.583836555 -0.457601696 0.670623243
v -0.075714141 0.887725830 -0.012475996
vt 0.197998047 0.074707031
vn -0.180515602 -0.188364208 0.965366781
v -0.081314117 0.914398193 -0.003001481
vt 0.199218750 0.060058594
vn 0.070680276 0.015706746 0.997375369
v -0.085441619 0.868133545 -0.008560208
vt 0.203369141 0.082763672
vn -0.434949011 -0.648469567 0.624745190
v -0.088722266 0.912506104 -0.004858046
vt 0.203369141 0.061279297
vn -0.597462833 0.636769652 0.487403989
v -0.084289581 0.892974854 -0.006645708
vt 0.201904297 0.071533203
vn 0.346671849 -0.173335806 0.921831489
v -0.082656890 0.911682129 -0.001568704
vt 0.200439453 0.062011719
vn 0.015811030 -0.086959884 0.996086419
v -0.087745696 0.903289795 -0.003849296
vt 0.202636719 0.065917969
vn -0.912735224 -0.110157728 0.393420488
v -0.090110816 0.867492676 -0.038139369
vt 0.217041016 0.086425781
vn -0.749123812 -0.662383199 -0.007885387
v -0.071975745 0.859985352 -0.026866941
vt 0.205810547 0.091552734
vn -0.655170143 -0.741999984 0.142085209
v -0.075119056 0.860748291 -0.039627101
vt 0.214599609 0.092773438
vn -0.824500084 -0.565371454 -0.023557013
v -0.070823707 0.845214844 -0.038787868
vt 0.211181641 0.099365234
vn -0.693774164 -0.717425644 -0.063070260
v -0.072792090 0.850280762 -0.057327297
vt 0.224121094 0.097656250
vn -0.612825930 -0.754247367 -0.235702202
v -0.071365394 0.856475830 -0.072364837
vt 0.233398438 0.096435547
vn -0.660517097 -0.518977702 -0.542567492
v -0.060081519 0.847259521 -0.046344787
vt 0.217529297 0.103271484
vn -0.839764714 -0.541530550 -0.039241210
vt 0.234375000 0.102539062
v -0.043731723 0.837860107 -0.024013551
vt 0.203613281 0.109863281
vn -0.566227376 -0.817884088 0.102235623
v -0.062950172 0.859649658 -0.079010040
vt 0.238281250 0.096435547
vn -0.282311797 -0.517571509 -0.807725072
vt 0.249023438 0.097167969
vt 0.246826172 0.100830078
v -0.061920200 0.835296631 -0.016990691
vt 0.198486328 0.101806641
vn -0.479587018 -0.856966972 -0.188689858
vt 0.193603516 0.117187500
v -0.062614471 0.846221924 -0.009618788
vt 0.194091797 0.097656250
vn -0.836801589 -0.228936300 0.497344464
v -0.050071746 0.824768066 0.001161426
vt 0.187744141 0.107421875
vn -0.465115160 -0.875047266 -0.134016141
vt 0.183837891 0.115234375
v -0.050640136 0.836029053 0.006558388
vt 0.184814453 0.102539062
vn -0.847874105 -0.243371293 0.471041322
v -0.040870693 0.819519043 0.012755363
vt 0.180908203 0.110839844
vn -0.685677290 -0.685677409 0.244321957
vt 0.174316406 0.114746094
vt 0.179687500 0.124023438
v -0.035095241 0.824707031 0.024747815
vt 0.173828125 0.109619141
vn -0.765871584 -0.268449843 0.584273398
vt 0.168457031 0.119140625
vt 0.164794922 0.112548828
v -0.044704463 0.852325439 0.025724379
vt 0.175292969 0.096191406
vn -0.761774838 0.070680141 0.643974781
v -0.036022212 0.837158203 0.033351865
vt 0.171142578 0.103027344
vn -0.528707504 -0.086802728 0.844354033
v -0.029645946 0.835662842 0.030055966
vt 0.168457031 0.104248047
vn -0.694833040 0.110541619 0.710624874
vt 0.161376953 0.109375000
vt 0.000488281 0.238281250
vt 0.004394531 0.238281250
vt 0.000732422 0.242431641
vt 0.743896484 0.705322266
vt 0.750488281 0.699218750
vt 0.746093750 0.706787109
vt 0.743896484 0.698730469
v -0.091369681 0.744171143 -0.188369781
vt 0.749755859 0.691650391
vn 0.007853942 0.070686631 -0.997467637
vt 0.757080078 0.698730469
vt 0.738281250 0.697753906
vt 0.765625000 0.691162109
vt 0.745117188 0.689453125
v -0.101265006 0.749404907 -0.182098418
vt 0.751708984 0.684814453
vn -0.543105185 0.425038695 -0.724140048
v -0.094574027 0.773620605 -0.171920806
vt 0.763427734 0.679199219
vn -0.512686074 0.536348343 -0.670435369
v -0.093147323 0.783935547 -0.160675079
vt 0.770019531 0.674316406
vn -0.338645786 0.590661049 -0.732419670
v -0.098014884 0.758239746 -0.171264678
vt 0.755859375 0.679443359
vn -0.702313244 0.370884389 -0.607619107
vt 0.775390625 0.687744141
v -0.101249740 0.750793457 -0.170837432
vt 0.750488281 0.678955078
vn -0.891839802 0.047354266 -0.449865937
vt 0.744384766 0.678955078
vt 0.733642578 0.686523438
v -0.116310164 0.755187988 -0.165191680
vt 0.755126953 0.671875000
vn -0.361622393 0.306592733 -0.880471528
v -0.130371138 0.754577637 -0.158889800
vt 0.753173828 0.666748047
vn 0.150198668 -0.031620838 -0.988150001
v -0.122909591 0.769439697 -0.156158477
vt 0.758544922 0.661865234
vn 0.204724297 0.330708653 -0.921259940
v -0.099769637 0.790649414 -0.154235870
vt 0.772949219 0.667236328
vn -0.330637038 0.440849215 -0.834464610
v -0.087669417 0.788391113 -0.158416778
vt 0.773681641 0.674316406
vn -0.275513828 0.448693752 -0.850156605
v -0.078903243 0.817626953 -0.147476226
vt 0.789794922 0.673828125
vn -0.213174254 0.694789708 -0.686894476
v -0.067367606 0.817108154 -0.152313262
vt 0.791748047 0.680419922
vn -0.213014975 0.717938960 -0.662712872
v -0.055149123 0.819671631 -0.132278472
vt 0.804199219 0.683837891
vn 0.189328909 0.765204191 0.615318775
v -0.072830245 0.819000244 -0.130279571
vt 0.801757812 0.676025391
vn 0.377847373 0.826541126 0.417206377
v -0.074424788 0.822998047 -0.121551543
vt 0.804687500 0.674072266
vn 0.590167165 0.802627385 0.086557746
v -0.083778426 0.819641113 -0.142639190
vt 0.791992188 0.671630859
vn -0.528263748 0.835760474 -0.149806082
v -0.078109786 0.822418213 -0.123306304
vt 0.802490234 0.671142578
vn -0.739973962 0.385731131 0.551044583
v -0.090721175 0.807922363 -0.148132354
vt 0.784912109 0.666748047
vn -0.533583760 0.753294706 -0.384494126
v -0.081665084 0.807342529 -0.119575530
vt 0.801025391 0.664062500
vn -0.063241571 0.814235628 0.577079594
v -0.111473128 0.807250977 -0.140762359
vt 0.781494141 0.656005859
vn -0.181276739 0.882738471 -0.433487654
v -0.100303695 0.807952881 -0.120582603
vt 0.795654297 0.654785156
vn 0.102156468 0.880118132 -0.463633657
v -0.119575545 0.807617188 -0.122970603
vt 0.786621094 0.647949219
vn 0.220993638 0.891867518 -0.394631714
v -0.122741744 0.788085938 -0.145294219
vt 0.769042969 0.655517578
vn 0.212697238 0.480538487 -0.850789487
v -0.124504134 0.807464600 -0.135009795
vt 0.779296875 0.648193359
vn 0.777577460 0.416278899 -0.471259236
v -0.118019149 0.822631836 -0.109619163
vt 0.793945312 0.640625000
vn 0.345419496 0.777194023 -0.525979877
v -0.096801803 0.825347900 -0.107330345
vt 0.801757812 0.647705078
vn 0.623556852 0.781419456 0.023679262
v -0.130859420 0.806793213 -0.156723052
vt 0.767822266 0.643554688
vn 0.801066339 0.196339801 -0.565458715
v -0.134643599 0.766357422 -0.164947540
vt 0.753662109 0.657958984
vn 0.518288970 0.109940104 -0.848109543
v -0.126022384 0.822418213 -0.129699737
vt 0.782958984 0.639648438
vn 0.882656217 0.386162132 -0.267949373
v -0.127243087 0.824188232 -0.112419151
vt 0.791259766 0.635986328
vn 0.189399645 0.860189915 0.473498970
v -0.138916060 0.801544189 -0.159530669
vt 0.763183594 0.641601562
vn -0.244390294 0.212855890 -0.946026385
v -0.140121505 0.770385742 -0.166244537
vt 0.752441406 0.654541016
vn -0.236985907 0.173789501 -0.955842555
v -0.134689376 0.824615479 -0.155136138
vt 0.771728516 0.634033203
vn 0.251353592 0.565545738 -0.785480380
v -0.171737716 0.819580078 -0.144531250
vt 0.760253906 0.619628906
vn -0.322944909 0.362328291 -0.874313891
v -0.129455611 0.830108643 -0.119407676
vt 0.786865234 0.634277344
vn 0.595899761 0.791919529 -0.133293480
v -0.142334029 0.830169678 -0.146118194
vt 0.772949219 0.627441406
vn 0.409550309 0.401674449 -0.819100916
v -0.176788375 0.822662354 -0.136947632
vt 0.762207031 0.615478516
vn -0.377590269 0.157329157 -0.912509382
v -0.133178756 0.831451416 -0.114967369
vt 0.788330078 0.631103516
vn 0.826746106 0.409436166 0.385814667
v -0.180984542 0.844573975 -0.136611938
vt 0.767333984 0.603027344
vn -0.292191416 -0.039485361 -0.955544412
v -0.153244063 0.823822021 -0.109054580
vt 0.798339844 0.627685547
vn 0.204496413 0.259553045 0.943829119
v -0.133285567 0.817718506 -0.102775596
vt 0.796630859 0.635009766
vn -0.466640115 0.696005702 0.545731664
v -0.147750899 0.817840576 -0.099273697
vt 0.800781250 0.630371094
vn 0.197340533 0.252595752 0.947234035
v -0.159927413 0.813507080 -0.096176162
vt 0.804931641 0.626708984
vn 0.149153978 0.274757117 0.949874580
v -0.143158004 0.863372803 -0.113792434
vt 0.791015625 0.613281250
vn 0.818796158 0.244064286 0.519620478
v -0.154052779 0.868194580 -0.144073516
vt 0.780273438 0.603271484
vn 0.442262918 0.189541280 -0.876628578
v -0.158172652 0.908691406 -0.112098709
vt 0.793457031 0.587402344
vn 0.896610022 0.416845083 -0.149435148
v -0.189224288 0.868164062 -0.134933472
vt 0.768554688 0.591552734
vn -0.798705220 -0.187930688 -0.571622252
v -0.179489180 0.835540771 -0.133453369
vt 0.764892578 0.603759766
vn -0.936514437 -0.251835883 0.243966118
v -0.165817305 0.905670166 -0.141784698
vt 0.780517578 0.584960938
vn 0.536749065 0.386775166 -0.749870300
v -0.168533370 0.905914307 -0.135070831
vt 0.779785156 0.581542969
vn -0.519057870 0.833638489 0.188748375
v -0.185577437 0.899536133 -0.136520386
vt 0.771484375 0.579833984
vn -0.291113168 0.094414979 -0.952018321
v -0.196182296 0.894653320 -0.133666992
vt 0.767089844 0.578369141
vn -0.977317631 -0.149750322 0.149750412
v -0.190734908 0.898193359 -0.130432129
vt 0.770019531 0.575927734
vn 0.000000008 0.929018736 0.370032847
v -0.169784591 0.899414062 -0.132598907
vt 0.779296875 0.577636719
vn -0.329161286 0.893437803 0.305649787
vt 0.809570312 0.996826172
vt 0.807617188 0.990966797
v -0.052463576 0.787536621 -0.122467071
vt 0.817138672 0.991210938
v -0.072555587 0.792633057 -0.116973907
vt 0.821289062 1.000000000
vn -0.567915976 0.528477311 -0.631017625
vt 0.816650391 0.975585938
vt 0.798828125 0.989013672
vt 0.798339844 0.971923828
vt 0.802734375 0.961914062
vt 0.821777344 0.965332031
vt 0.814453125 0.949218750
vt 0.821777344 0.949462891
vt 0.647460938 0.828613281
v -0.069519088 0.800018311 -0.121032745
vt 0.648193359 0.835449219
vn 0.315734923 0.323628217 0.891950846
vt 0.639160156 0.833496094
vt 0.656494141 0.831542969
vt 0.654296875 0.837158203
vt 0.654052734 0.840087891
vt 0.653564453 0.842773438
vt 0.647216797 0.842773438
vt 0.647705078 0.821044922
vt 0.636230469 0.822021484
v -0.067016646 0.815185547 -0.106636077
vt 0.630859375 0.826660156
vn -0.638567865 0.473013103 -0.607033491
vt 0.632812500 0.821533203
vt 0.625244141 0.819091797
v -0.086441077 0.809509277 -0.084625266
vt 0.620849609 0.836914062
vn -0.822758138 0.466756970 -0.324356467
v -0.082771346 0.783447266 -0.110763580
vt 0.636474609 0.840820312
vn -0.363208264 0.931708038 0.000000007
v -0.092109725 0.794555664 -0.111328147
vt 0.638183594 0.846191406
vn 0.544914246 0.418557376 0.726552248
v -0.096412703 0.807250977 -0.114242576
vt 0.639892578 0.851318359
vn 0.884636402 0.418622613 0.205361873
vt 0.643066406 0.851074219
v -0.094917342 0.796966553 -0.103569053
vt 0.633300781 0.850097656
vn 0.911325932 0.274969041 0.306393951
vt 0.637939453 0.858642578
v -0.095336951 0.785583496 -0.093872093
vt 0.627929688 0.845947266
vn 0.275624633 0.913499057 -0.299249768
v -0.100822493 0.812652588 -0.098007225
vt 0.631835938 0.858398438
vn 0.883314848 0.457430959 -0.102527760
v -0.122428939 0.820465088 -0.098205589
vt 0.638183594 0.873046875
vn 0.007888485 0.867730379 0.496972829
vt 0.642822266 0.871582031
vt 0.644775391 0.875976562
vt 0.642333984 0.883544922
v -0.094490089 0.793243408 -0.077735923
vt 0.618896484 0.846679688
vn 0.677060366 0.653442085 -0.338530332
v -0.088195838 0.808410645 -0.052589443
vt 0.604003906 0.846191406
vn -0.859093726 0.504421949 0.086697623
v -0.128936812 0.817016602 -0.090370201
vt 0.636230469 0.877685547
vn 0.039497543 0.947943091 -0.315981030
v -0.095779456 0.820739746 -0.063354515
vt 0.610839844 0.857177734
vn 0.954651833 0.157793730 -0.252470016
v -0.092895545 0.798400879 -0.065116905
vt 0.612304688 0.847656250
vn 0.904558837 0.259569108 -0.338226497
v -0.089294471 0.807159424 -0.053222682
vt 0.604736328 0.847167969
vn 0.891978621 0.189446837 -0.410468161
v -0.088165320 0.818267822 -0.045898464
vt 0.600830078 0.852539062
vn 0.899228156 0.189311251 -0.394398481
v -0.080978423 0.800598145 -0.037300136
vt 0.593017578 0.844970703
vn -0.023573861 0.935096681 0.353607982
v -0.101470985 0.835327148 -0.080871604
vt 0.621826172 0.866699219
vn 0.600813925 0.561286747 -0.569192231
v -0.073921241 0.837921143 -0.054756191
vt 0.604492188 0.829589844
vn -0.770198584 0.589437604 0.243634313
v -0.094467200 0.850250244 -0.044876125
vt 0.603515625 0.871337891
vn 0.481091112 0.867541432 -0.126187950
v -0.115432777 0.824371338 -0.085960411
vt 0.629882812 0.871582031
vn -0.165042639 0.644451737 -0.746620953
v -0.100296058 0.840789795 -0.068824790
vt 0.615966797 0.868164062
vn 0.306205004 0.863655388 -0.400422096
v -0.117179908 0.834045410 -0.077438377
vt 0.624267578 0.875244141
vn -0.244079471 0.842467487 -0.480285197
v -0.131835982 0.820831299 -0.086433433
vt 0.634521484 0.881347656
vn -0.588910460 0.683136046 -0.431867570
v -0.127960250 0.837066650 -0.060028095
vt 0.617919922 0.884277344
v -0.129837081 0.829895020 -0.076072715
vt 0.627197266 0.881835938
vn -0.568075001 0.694313884 -0.441836089
v -0.132949874 0.819610596 -0.073982261
vt 0.628173828 0.887451172
vn -0.810395896 0.542886496 -0.220301718
v -0.133590743 0.814147949 -0.079978965
vt 0.632324219 0.886718750
vn -0.912904978 0.338404357 -0.228226125
v -0.137451217 0.798126221 -0.105438255
vt 0.644042969 0.889404297
vn -0.196752712 -0.094441324 0.975894094
vt 0.648437500 0.884521484
vt 0.653808594 0.888427734
v -0.136474654 0.787597656 -0.102012657
vt 0.647460938 0.895263672
vn -0.938288629 0.252312869 -0.236543253
v -0.137542769 0.819641113 -0.070282005
vt 0.626708984 0.890625000
vn -0.670018792 0.551780105 -0.496602058
v -0.145690963 0.790252686 -0.087738052
vt 0.640869141 0.897460938
vn -0.692484379 0.456410021 -0.558708727
v -0.137558013 0.829498291 -0.055076618
vt 0.615234375 0.894042969
vn -0.582316339 0.723960757 -0.369849443
v -0.158737212 0.801116943 -0.060802475
vt 0.629150391 0.904296875
vn -0.897443116 0.362126142 -0.251913756
v -0.130645782 0.832397461 -0.047828693
vt 0.610595703 0.891601562
vn -0.644630969 0.660353661 0.385206401
v -0.144989043 0.825744629 -0.045841236
vt 0.610107422 0.899414062
vn -0.589073896 0.730451584 0.345590085
v -0.117279090 0.846496582 -0.039474510
vt 0.605468750 0.882812500
vn -0.529367268 0.718991399 0.450357258
v -0.115921050 0.813293457 -0.018159887
vt 0.586669922 0.892578125
vn -0.432722151 0.621546447 0.653017223
v -0.145477325 0.811614990 -0.028116243
vt 0.598876953 0.903076172
vn -0.561286688 0.569192171 0.600814104
v -0.102462798 0.831939697 -0.016708398
vt 0.589599609 0.879638672
vn -0.276535064 0.671585381 0.687387407
v -0.080230743 0.835876465 -0.020820644
vt 0.589599609 0.865234375
vn 0.703035831 0.695136607 0.150086179
v -0.088584930 0.806701660 0.007847763
vt 0.570800781 0.875000000
vn -0.283543617 0.708859265 0.645849526
v -0.073562652 0.825775146 -0.010542897
vt 0.582031250 0.861816406
vn 0.859654546 0.504751384 -0.078867525
v -0.074722320 0.796844482 -0.025880840
vt 0.585693359 0.845947266
vn 0.007905447 0.948653638 0.316217840
v -0.057956729 0.831085205 -0.026836425
vt 0.587646484 0.828613281
vn -0.517890036 0.525736868 0.674826503
v -0.069999725 0.794555664 -0.019495036
vt 0.581542969 0.846191406
vn 0.496787429 0.764894903 0.410046637
v -0.067573577 0.814361572 0.002088043
vt 0.572998047 0.860595703
vn 0.818466485 0.558760822 0.133787662
v -0.102615386 0.799011230 0.003853776
vt 0.572509766 0.885986328
vn -0.439259619 0.894207060 0.086283162
v -0.121231109 0.789489746 0.009727458
vt 0.569335938 0.897949219
vn -0.558605015 0.653017223 0.511399090
v -0.119300865 0.799346924 0.022321681
vt 0.562011719 0.895019531
vn -0.637301624 0.653037429 0.409131944
v -0.084281944 0.814971924 0.022706961
vt 0.563476562 0.873779297
vn 0.015797058 0.987317502 0.157970756
v -0.075904876 0.807922363 0.006324265
vt 0.568847656 0.865722656
vn 0.464840859 0.772108555 0.433326125
v -0.076828025 0.799896240 0.038940404
vt 0.552490234 0.870605469
vn -0.007872724 0.645569265 0.763661146
v -0.108329795 0.784759521 0.039722424
vt 0.548339844 0.890869141
vn -0.431987435 0.306318432 0.848266482
v -0.079772972 0.790069580 0.040073372
vt 0.548583984 0.872314453
vn -0.015755728 0.173314393 0.984740555
v -0.091667198 0.777252197 0.042720772
vt 0.542724609 0.878662109
vn -0.196315482 0.518273175 0.832378030
v -0.067771934 0.792877197 0.025201771
vt 0.556884766 0.861572266
vn 0.809769452 0.558190644 0.180822179
v -0.069747947 0.788177490 0.039707158
vt 0.548828125 0.863769531
vn 0.605830014 0.566490293 0.558622301
v -0.075157188 0.783111572 0.048786141
vt 0.544189453 0.867919922
vn -0.134120420 0.757386208 0.639044583
v -0.085777305 0.777557373 0.048896767
vt 0.540771484 0.873535156
vn -0.260359466 0.189352468 0.946762264
v -0.068077110 0.773956299 0.051509831
vt 0.541992188 0.863769531
vn 0.376612663 0.031384435 0.925839067
v -0.083190940 0.766113281 0.047798134
vt 0.538085938 0.866699219
vn -0.015743993 -0.456579715 0.889543295
v -0.061180137 0.767120361 0.042835210
vt 0.540527344 0.858642578
vn 0.118106678 0.440931231 0.889736176
v -0.076232933 0.760375977 0.043643929
vt 0.535400391 0.863769531
vn -0.149471879 0.267476201 0.951900601
v -0.072113052 0.741134644 0.057155587
vt 0.527099609 0.860839844
vn -0.244763017 0.489526242 0.836932003
v -0.062030815 0.779754639 0.031318638
vt 0.550292969 0.856933594
vn 0.219488129 0.681980789 0.697658420
vt 0.532226562 0.852539062
vt 0.516845703 0.852294922
v -0.062007930 0.783630371 0.022369357
vt 0.556152344 0.856201172
vn 0.425619364 0.717247367 0.551728606
v -0.056343105 0.791564941 0.016138049
vt 0.561523438 0.853271484
vn 0.677775025 0.630488396 0.378292948
v -0.053211235 0.778564453 0.030382128
vt 0.551269531 0.852294922
vn 0.321868271 0.910651684 0.259064645
v -0.048660301 0.779266357 0.041717503
vt 0.545410156 0.851806641
vn -0.220301777 0.889075100 0.401263952
v -0.063293487 0.793518066 -0.004433659
vt 0.572509766 0.848388672
vn 0.653847396 0.756257296 -0.023633160
v -0.051403072 0.780761719 0.017860385
vt 0.557861328 0.849365234
vn 0.410468042 0.852510631 0.323638201
vt 0.552734375 0.848388672
vt 0.538818359 0.841796875
vt 0.565917969 0.839843750
v -0.039943714 0.772125244 0.051490754
vt 0.536621094 0.849609375
vn -0.071104541 0.758449078 0.647841871
vt 0.522949219 0.841796875
v -0.025255222 0.763610840 0.063163720
vt 0.527343750 0.848876953
vn -0.173330367 0.386054248 0.906045616
vt 0.519775391 0.852050781
v -0.052608520 0.793060303 -0.010984450
vt 0.572753906 0.842041016
vn -0.354484499 0.464768678 0.811375856
v -0.042301208 0.819854736 -0.015485794
vt 0.576660156 0.828369141
vn -0.274638563 0.423728257 0.863150120
vt 0.569824219 0.827880859
vt 0.563964844 0.835937500
vt 0.570556641 0.822753906
vt 0.579589844 0.824218750
vt 0.575683594 0.815429688
vt 0.583251953 0.819091797
v -0.060657538 0.831848145 -0.046272308
vt 0.597412109 0.824951172
vn -0.519813895 0.645829499 0.559193850
vt 0.599365234 0.818847656
v -0.063369788 0.833343506 -0.052757293
vt 0.602050781 0.824951172
vn -0.557656586 0.824703515 0.094251864
v -0.059032481 0.845031738 -0.073417693
vt 0.612304688 0.815673828
vn -0.892813504 0.434555203 -0.118514962
vt 0.610839844 0.811035156
vt 0.618896484 0.811767578
vt 0.619628906 0.804687500
v -0.063903846 0.835296631 -0.079063445
vt 0.615722656 0.819335938
vn -0.418622643 0.884636402 -0.205361992
vt 0.625244141 0.813964844
v -0.070236243 0.839385986 -0.079017669
vt 0.615234375 0.822998047
vn -0.575481534 0.780447423 -0.244382486
vt 0.340576172 0.738525391
vt 0.329833984 0.720458984
vt 0.344726562 0.715820312
vt 0.364990234 0.726318359
v -0.135360762 0.739807129 -0.171554595
vt 0.359863281 0.708251953
vn 0.339457124 0.047366101 -0.939428210
vt 0.353027344 0.703125000
vt 0.376464844 0.725341797
vt 0.369628906 0.735595703
vt 0.383789062 0.683105469
vt 0.340576172 0.697265625
v -0.140243575 0.748458862 -0.168823272
vt 0.367675781 0.709472656
vn -0.243792534 0.141556799 -0.959441006
v -0.136627242 0.762542725 -0.167388946
vt 0.375488281 0.721191406
vn 0.307200789 0.110277221 -0.945233643
vt 0.382080078 0.723632812
v -0.176330611 0.760131836 -0.156372070
vt 0.396972656 0.694335938
vn -0.407420576 0.148865119 -0.901025951
vt 0.406494141 0.741699219
v -0.171447799 0.754791260 -0.142578125
vt 0.403076172 0.683105469
vn -0.919749856 -0.212250024 0.330166757
v -0.179321334 0.768310547 -0.153686523
vt 0.406005859 0.697753906
vn -0.776930809 0.047086652 -0.627822697
v -0.183059737 0.796600342 -0.145446777
vt 0.428955078 0.711181641
vn -0.666651428 0.109801330 -0.737237871
vt 0.438720703 0.737060547
v -0.174881026 0.764373779 -0.142105103
vt 0.410644531 0.688232422
vn -0.867325544 -0.323275894 0.378469467
v -0.166320845 0.732009888 -0.139160186
vt 0.397705078 0.664794922
vn -0.921431184 -0.118132241 0.370147735
vt 0.384765625 0.655517578
vt 0.395507812 0.656250000
v -0.173706099 0.779022217 -0.127212524
vt 0.429443359 0.688232422
vn -0.937414825 -0.212690815 0.275710374
v -0.170471236 0.772491455 -0.130065918
vt 0.423095703 0.684570312
vn -0.913640738 -0.330801010 0.236286566
v -0.165267989 0.755340576 -0.127868682
vt 0.414306641 0.673339844
vn -0.914264917 -0.244329467 0.323145479
v -0.160186812 0.729263306 -0.131820709
vt 0.402343750 0.656738281
vn -0.954028487 0.007884504 0.299612403
vt 0.408203125 0.648925781
v -0.159500167 0.742370605 -0.119995125
vt 0.415039062 0.660400391
vn -0.961196244 -0.275753021 -0.007878520
v -0.160232589 0.737564087 -0.113441475
vt 0.418701172 0.654541016
vn -0.981759489 -0.149227485 0.117811278
vt 0.422119141 0.646728516
v -0.167739913 0.755126953 -0.123893745
vt 0.418212891 0.671386719
vn -0.952696860 -0.291320562 0.086608946
v -0.161956832 0.757110596 -0.103446975
vt 0.433837891 0.662109375
vn -0.474445343 -0.213500440 0.854001880
v -0.169189498 0.802154541 -0.094688430
vt 0.464111328 0.689697266
vn -0.582875907 -0.228424385 0.779793680
v -0.139083907 0.774719238 -0.108711265
vt 0.458251953 0.655029297
vn 0.205157459 -0.126250610 0.970552027
vt 0.478759766 0.669189453
vt 0.476806641 0.696533203
v -0.185470626 0.815368652 -0.140502930
vt 0.443603516 0.718505859
vn -0.986057103 -0.015776949 0.165657729
v -0.172866866 0.815856934 -0.098220840
vt 0.469238281 0.701416016
vn -0.797603250 0.418544322 0.434338510
v -0.176696822 0.822875977 -0.135025024
vt 0.451660156 0.726074219
vn -0.854961157 0.486308157 0.180404752
vt 0.449218750 0.730468750
v -0.167388961 0.821441650 -0.105270401
vt 0.475097656 0.706298828
vn -0.751158297 0.071162365 0.656275272
vt 0.482666016 0.708007812
vt 0.459228516 0.732910156
vt 0.464355469 0.738037109
v -0.177612349 0.859588623 -0.105003372
vt 0.489257812 0.737548828
vn -0.449474126 -0.134053692 0.883177578
vt 0.661621094 0.082031250
v -0.140945479 0.749450684 -0.110809341
vt 0.664306641 0.095703125
vn 0.236948922 0.007898346 0.971490026
vt 0.656982422 0.077148438
vt 0.648925781 0.087646484
vt 0.653076172 0.104492188
v -0.138793990 0.755462646 -0.110023513
vt 0.669921875 0.102783203
vn -0.920974433 -0.055101093 -0.385707110
vt 0.690917969 0.077636719
vt 0.670898438 0.121826172
v -0.154403731 0.753509521 -0.090644844
vt 0.697998047 0.107910156
vn -0.824703515 0.007854257 -0.565510809
v -0.136947677 0.776092529 -0.104553245
vt 0.675048828 0.124267578
vn -0.777577579 0.219920859 -0.589073777
vt 0.708740234 0.098632812
vt 0.673339844 0.135742188
vt 0.666503906 0.137939453
vt 0.687744141 0.143310547
vt 0.673095703 0.153076172
v -0.156280562 0.764831543 -0.087387100
vt 0.700927734 0.118652344
vn -0.938113749 0.070949718 -0.338982135
v -0.157608077 0.783569336 -0.078506485
vt 0.703369141 0.138427734
vn -0.897860527 0.196899161 -0.393798321
vt 0.713623047 0.159667969
vt 0.693603516 0.173095703
v -0.154571563 0.762115479 -0.072578445
vt 0.715087891 0.120605469
vn -0.978442669 -0.142032042 0.149922803
v -0.153839141 0.745544434 -0.073432930
vt 0.718994141 0.104492188
vn -0.653705537 0.031503811 -0.756092966
vt 0.719970703 0.077880859
vt 0.721191406 0.090820312
vt 0.720703125 0.188964844
vt 0.716064453 0.193115234
v -0.156387359 0.804260254 -0.041385666
vt 0.725341797 0.168701172
vn -0.944852591 0.149601638 0.291329682
v -0.155654937 0.783111572 -0.057697311
vt 0.723388672 0.147216797
vn -0.929681599 -0.244238436 0.275753140
v -0.149536163 0.795532227 -0.033084884
vt 0.737792969 0.162841797
vn -0.883232415 -0.157720104 0.441616356
v -0.149520904 0.783020020 -0.042060867
vt 0.736083984 0.147216797
vn -0.576054633 0.812789261 -0.086802706
v -0.152023345 0.775177002 -0.056766525
vt 0.726318359 0.135986328
vn -0.850288332 0.433017135 -0.299175411
v -0.165695220 0.772796631 -0.052997600
vt 0.738525391 0.128662109
vn -0.345590144 0.730451584 -0.589073896
v -0.152908355 0.758209229 -0.069786087
vt 0.718994141 0.117675781
vn -0.464898646 0.472778141 -0.748565376
v -0.177215606 0.757598877 -0.059700023
vt 0.741699219 0.109619141
vn -0.416060954 0.416060776 -0.808570921
v -0.183944732 0.767028809 -0.046703350
vt 0.751708984 0.119384766
vn 0.463519037 0.157125115 -0.872044623
v -0.181854278 0.741180420 -0.061344158
vt 0.747558594 0.093505859
vn -0.126250803 0.205157280 -0.970552027
v -0.190628082 0.756011963 -0.051788338
vt 0.754882812 0.103027344
vn 0.259120435 0.416163325 -0.871587455
v -0.201812774 0.752624512 -0.061191566
vt 0.768310547 0.099853516
vn 0.942779958 0.188556030 -0.274977595
v -0.193237334 0.741683960 -0.069870003
vt 0.760253906 0.090576172
vn 0.690328956 -0.117669635 0.713862658
v -0.205947906 0.727478027 -0.064834595
vt 0.768066406 0.080078125
vn 0.181978866 -0.807036936 -0.561760902
v -0.183227569 0.731475830 -0.067115791
vt 0.750976562 0.085937500
vn 0.236191109 -0.535366714 -0.810923100
v -0.181564361 0.732681274 -0.061161052
vt 0.746582031 0.088378906
vn -0.417776465 -0.638488472 -0.646370947
v -0.172210723 0.724472046 -0.063919075
vt 0.738525391 0.083984375
vn -0.369849592 -0.409195244 -0.834128618
vt 0.723876953 0.085449219
v -0.179855376 0.723602295 -0.058307659
vt 0.746093750 0.080566406
vn -0.559714854 -0.465115190 -0.685847700
v -0.198410064 0.732498169 -0.046298988
vt 0.760742188 0.076416016
vn -0.219934583 -0.251353711 -0.942576289
v -0.157745391 0.707397461 -0.054775245
vt 0.981933594 0.796142578
vn -0.623246312 -0.670581460 -0.402348757
vt 0.986328125 0.801757812
vt 0.979736328 0.805664062
vt 0.989746094 0.797607422
vt 0.974853516 0.805419922
vt 0.990234375 0.791259766
v -0.153717071 0.701019287 -0.035552990
vt 0.972656250 0.796142578
vn -0.384849727 -0.918926954 -0.086394757
vt 0.969482422 0.805908203
v -0.172714263 0.711318970 -0.052288063
vt 0.982910156 0.789306641
vn -0.219975233 -0.840619564 -0.494944155
v -0.180465728 0.709014893 -0.044742592
vt 0.981445312 0.785400391
vn -0.416754812 -0.723423421 -0.550430715
vt 0.989746094 0.787841797
v -0.192672759 0.713470459 -0.039665230
vt 0.980957031 0.778564453
vn 0.440712631 -0.385623634 -0.810596645
v -0.175094634 0.699050903 -0.027645120
vt 0.970458984 0.785644531
vn -0.196236953 -0.934087873 -0.298280090
v -0.149047881 0.702804565 -0.017103206
vt 0.964111328 0.797607422
vn -0.353052437 -0.894399703 0.274596483
vt 0.964355469 0.807373047
v -0.165710479 0.697891235 -0.012730608
vt 0.963134766 0.789062500
vn 0.047155056 -0.998114347 0.039295878
v -0.143173248 0.706970215 -0.003350747
vt 0.957519531 0.800781250
vn -0.299695969 -0.694033086 0.654599488
vt 0.957031250 0.811279297
v -0.161544830 0.699768066 -0.006165514
vt 0.959960938 0.791015625
vn -0.007879287 -0.858853698 0.512160480
v -0.124740615 0.706314087 0.013331398
vt 0.953369141 0.811523438
vn -0.779237628 -0.125937402 0.613945007
v -0.178161651 0.701766968 -0.012090690
vt 0.961669922 0.783203125
vn 0.913131177 -0.401462823 -0.070846483
v -0.181503326 0.701477051 -0.021446235
vt 0.967529297 0.781494141
vn 0.621854484 -0.606111348 -0.495909363
v -0.132858306 0.720779419 0.008597360
vt 0.949218750 0.807617188
vn -0.031527217 -0.323155344 0.945820630
v -0.123596214 0.724899292 0.014935477
vt 0.948242188 0.812988281
vn -0.972646296 0.047063500 0.227473855
v -0.124183677 0.744659424 0.010357841
vt 0.945556641 0.818603516
vn -0.180911660 -0.023597155 0.983216226
v -0.157592803 0.715118408 0.012986172
vt 0.950927734 0.794921875
vn 0.055130217 -0.535549283 0.842702687
v -0.147308379 0.736221313 0.017642960
vt 0.943847656 0.805908203
vn 0.150105163 -0.047401533 0.987533033
v -0.175277740 0.715972900 0.008681289
vt 0.948242188 0.787353516
vn 0.912481129 -0.251718909 0.322514743
v -0.177459747 0.735260010 0.016088476
vt 0.943603516 0.793945312
vn 0.353695482 -0.007859840 0.935327590
v -0.189315826 0.681182861 -0.034095768
vt 0.971435547 0.770019531
vn 0.579968631 -0.705367267 -0.407545567
v -0.176971450 0.679214478 0.006503575
vt 0.951904297 0.771972656
vn 0.844143808 -0.449684024 0.291900098
v -0.178360015 0.679931641 -0.003237493
vt 0.956542969 0.772216797
vn 0.779237807 -0.566718280 -0.267617077
v -0.178833023 0.702301025 0.037105553
vt 0.936279297 0.774169922
vn 0.710425615 -0.276276499 0.647276402
v -0.180053726 0.733688354 0.041744221
vt 0.929199219 0.784423828
vn 0.714148581 0.235433623 0.659213841
v -0.206268325 0.725402832 0.047309868
vt 0.919921875 0.768066406
vn 0.181683540 0.086892121 0.979510546
v -0.207351699 0.691848755 0.043140408
vt 0.932861328 0.758056641
vn 0.346081555 -0.534853041 0.770817697
vt 0.915771484 0.752685547
vt 0.927734375 0.739746094
vt 0.944091797 0.736328125
v -0.189178482 0.676116943 0.010141368
vt 0.950927734 0.765380859
vn 0.276612908 -0.956290245 0.094838709
v -0.215576187 0.668701172 0.017923353
vt 0.948486328 0.750488281
vn 0.283666939 -0.953436017 0.102435276
vt 0.963867188 0.731445312
v -0.219390899 0.673721313 -0.020643236
vt 0.968505859 0.752929688
vn -0.007835281 -0.846206844 -0.532796860
v -0.266693115 0.680969238 -0.016304011
vt 0.975341797 0.728515625
vn -0.117986031 -0.574198365 -0.810170114
vt 0.972412109 0.726318359
vt 0.976318359 0.724121094
vt 0.980712891 0.724853516
vt 0.982666016 0.720458984
v -0.263885498 0.699829102 -0.030088421
vt 0.986328125 0.732910156
vn -0.355257154 -0.252627283 -0.899984360
vt 0.990478516 0.719238281
v -0.269165039 0.711608887 -0.026998516
vt 0.992431641 0.731445312
vn -0.447903574 0.196448818 -0.872232974
v -0.238555938 0.705596924 -0.039802551
vt 0.988525391 0.748535156
vn -0.227662981 -0.478877157 -0.847847998
v -0.237243682 0.712295532 -0.040214539
vt 0.991699219 0.750244141
vn -0.511161864 -0.062912278 -0.857178867
v -0.225799590 0.703063965 -0.042957306
vt 0.986328125 0.755371094
vn -0.244763181 -0.584273338 -0.773767173
v -0.228515655 0.718139648 -0.052791599
vt 0.993896484 0.758056641
vn -0.400089324 -0.564831913 -0.721729577
v -0.193801910 0.690719604 -0.040473942
vt 0.977539062 0.769042969
vn 0.007889110 -0.560132802 -0.828365386
v -0.204772979 0.715957642 -0.058326729
vt 0.990722656 0.771972656
vn 0.259963334 -0.409639329 -0.874422491
v -0.204101592 0.725250244 -0.057308204
vt 0.992187500 0.774658203
vn 0.833819091 -0.550635099 -0.039331172
vt 0.988037109 0.282470703
vt 0.980224609 0.281005859
vt 0.980712891 0.269042969
vt 0.986328125 0.292480469
v -0.124549888 0.723571777 0.024991974
vt 0.968017578 0.292236328
vn -0.932755351 0.094856463 0.347807229
v -0.127319351 0.701751709 0.018085465
vt 0.972167969 0.282958984
vn -0.980822265 0.149084941 -0.125545114
vt 0.971679688 0.276611328
vt 0.968017578 0.282470703
vt 0.963378906 0.289306641
v -0.116172813 0.734008789 0.038032513
vt 0.968261719 0.302490234
vn -0.660353601 0.133643016 0.738967299
v -0.088928238 0.726531982 0.053955056
vt 0.980224609 0.313964844
vn -0.432200760 0.196454957 0.880118191
vt 0.993896484 0.302978516
vt 1.000000000 0.294677734
v -0.087982193 0.714767456 0.058200814
vt 0.987060547 0.310058594
vn -0.440890104 0.204699054 0.873907447
vt 0.994384766 0.313720703
v -0.078514114 0.730484009 0.055606820
vt 0.982666016 0.318359375
vn -0.409817338 0.283719748 0.866921544
v -0.078506492 0.745529175 0.052413918
vt 0.980712891 0.322753906
vn -0.283807784 0.354759902 0.890841484
v -0.076332107 0.726699829 0.059596993
vt 0.986083984 0.317871094
vn -0.409957379 0.228630185 0.882985473
vt 0.989257812 0.329345703
vt 0.982910156 0.324218750
v -0.107727073 0.771911621 0.031948071
vt 0.504882812 0.050781250
vn -0.810521185 0.062953092 0.582316399
v -0.124908477 0.780761719 0.016296368
vt 0.520507812 0.050048828
vn -0.795645654 0.212697372 0.567193031
v -0.116256736 0.763671875 0.032466870
vt 0.507080078 0.057861328
vn -0.709916890 0.189311191 0.678365171
v -0.125488311 0.752197266 0.017900450
vt 0.516845703 0.066650391
vn -0.937472880 0.031511672 0.346628815
vt 0.501953125 0.075195312
vt 0.508789062 0.083740234
vt 0.514892578 0.084228516
vt 0.520507812 0.072509766
v -0.128173858 0.758605957 0.007842047
vt 0.524414062 0.065185547
vn -0.308312327 0.252974361 0.917031944
v -0.132568389 0.771667480 -0.001105683
vt 0.531982422 0.057861328
vn -0.624120891 0.323910862 0.711023927
v -0.105331443 0.757934570 0.039047223
vt 0.498046875 0.058593750
vt 0.481933594 0.073974609
vt 0.479736328 0.061523438
vt 0.471191406 0.061767578
vt 0.474365234 0.058837891
vt 0.480468750 0.053466797
vt 0.484863281 0.050048828
v -0.100212120 0.767456055 0.046161633
vt 0.494628906 0.051025391
vn -0.511922002 -0.031502884 0.858454108
vt 0.486083984 0.045166016
vt 0.490966797 0.044433594
vt 0.501953125 0.042968750
vt 0.515625000 0.036621094
vt 0.522949219 0.042968750
v -0.129852325 0.789855957 0.005762559
vt 0.528564453 0.046386719
vn -0.621277273 0.487584740 0.613413095
vt 0.539062500 0.028076172
vt 0.552978516 0.036865234
v -0.141906768 0.792419434 -0.017879503
vt 0.544677734 0.047607422
vn -0.900405347 -0.023694901 0.434406251
v -0.140563995 0.781860352 -0.018054979
vt 0.544677734 0.054687500
vn -0.291900158 0.844143748 0.449684054
v -0.146087676 0.784332275 -0.031282440
vt 0.553222656 0.052490234
vn -0.709299445 0.630488276 0.315244228
vt 0.554687500 0.044433594
vt 0.558593750 0.050781250
vt 0.562255859 0.040527344
vt 0.564697266 0.031005859
vt 0.673583984 0.058349609
vt 0.684326172 0.068847656
vt 0.670898438 0.074462891
vt 0.661865234 0.071777344
v -0.149810821 0.755615234 0.014636026
vt 0.661132812 0.057617188
vn 0.031550985 0.402273804 0.914975643
vt 0.650878906 0.071289062
vt 0.667236328 0.035400391
vt 0.683349609 0.048583984
v -0.143920928 0.774200439 -0.000370428
vt 0.647949219 0.064453125
vn 0.047472797 0.814948976 0.577585161
vt 0.637451172 0.071044922
v -0.178024322 0.751159668 0.013533582
vt 0.657714844 0.039062500
vn 0.165395439 0.441054285 0.882108510
v -0.163162261 0.781097412 -0.018026365
vt 0.633300781 0.057861328
vn -0.181893528 0.964826524 0.189801916
vt 0.628417969 0.070312500
v -0.162658721 0.772216797 0.001636731
vt 0.645996094 0.052001953
vn -0.141978934 0.749333560 0.646793127
vt 0.621582031 0.069580078
v -0.173034698 0.777465820 -0.036483776
vt 0.621093750 0.053955078
vn 0.252406985 0.843986213 -0.473263353
vt 0.612304688 0.060791016
vt 0.610595703 0.054931641
v -0.180358917 0.775268555 -0.032993328
vt 0.621093750 0.048339844
vn 0.299166322 0.417258203 0.858134687
v -0.160873443 0.799713135 -0.030042663
vt 0.604248047 0.054443359
vn 0.883232474 -0.441616207 -0.157720178
v -0.186630279 0.773254395 -0.014842997
vt 0.631591797 0.041503906
vn -0.094629124 0.954176903 0.283887297
v -0.179260284 0.765380859 0.003746976
vt 0.646484375 0.040283203
vn 0.117964096 0.865069807 0.487584740
v -0.180618316 0.759307861 0.018167486
vt 0.654296875 0.033691406
vn 0.717046916 0.512176335 0.472778022
v -0.179855376 0.748031616 0.023389807
vt 0.661132812 0.031494141
vn 0.812586904 0.370792150 0.449683845
v -0.192276031 0.758666992 0.027221672
vt 0.654541016 0.024414062
vn 0.102413043 0.866571665 0.488431275
v -0.198471099 0.766143799 0.012289993
vt 0.643798828 0.027099609
vn -0.047380894 0.947617888 0.315872580
vt 0.675781250 0.023437500
vt 0.677734375 0.040283203
v -0.215759292 0.736465454 0.038341518
vt 0.674316406 0.011474609
vn 0.039455894 0.418231428 0.907483220
vt 0.680419922 0.014160156
v -0.191940323 0.743865967 0.035194390
vt 0.665771484 0.022949219
vn 0.354100406 0.236066908 0.904922843
v -0.187347427 0.755218506 0.028795233
vt 0.657470703 0.025390625
vn 0.362699747 -0.685975671 -0.630782247
v -0.191757217 0.743240356 0.041839592
vt 0.666015625 0.019287109
vn 0.251501113 -0.801659942 -0.542299330
v -0.204635635 0.740432739 0.044754021
vt 0.671386719 0.015380859
vn -0.102413103 -0.488431334 -0.866571665
v -0.200515777 0.760498047 0.028160088
vt 0.656738281 0.019287109
vn -0.157872409 -0.536765933 -0.828829706
v -0.206954971 0.746414185 0.038787834
vt 0.652587891 0.010009766
vn -0.956559122 -0.063243613 0.284596205
v -0.212768584 0.760314941 0.020586008
vt 0.646972656 0.016357422
vn -0.197119445 0.883095145 0.425778031
v -0.225280792 0.764678955 -0.006277089
vt 0.628906250 0.014404297
vn -0.290225148 0.941270590 0.172566280
v -0.198684722 0.770690918 -0.006573685
vt 0.632568359 0.031494141
vn -0.173030019 0.935935080 0.306735039
v -0.231430084 0.764648438 -0.014902118
vt 0.621337891 0.014160156
vn 0.126093864 0.244306698 0.961464882
v -0.205139190 0.776245117 -0.020097740
vt 0.622314453 0.032226562
vn 0.220445201 0.448763281 0.866034329
v -0.215332061 0.779571533 -0.014272696
vt 0.617431641 0.026123047
vn 0.369689375 -0.904558897 0.212374702
v -0.225921661 0.775573730 -0.011829381
vt 0.616943359 0.019531250
vn 0.346531987 -0.937211275 0.039378621
v -0.184173614 0.790283203 -0.023241054
vt 0.611816406 0.042968750
vn 0.402624667 -0.884195268 0.236838013
v -0.183776885 0.787078857 0.008331289
vt 0.596435547 0.032714844
vn 0.212302506 -0.927840531 -0.306659162
v -0.219070464 0.774597168 0.022275919
vt 0.598632812 0.011230469
vn 0.134527177 -0.886296809 -0.443148404
v -0.179382354 0.770874023 0.017957678
vt 0.585693359 0.030761719
vn -0.149181530 -0.533912599 -0.832275450
v -0.167541534 0.793365479 0.001241432
vt 0.594238281 0.041748047
vn 0.078649960 -0.825825036 -0.558414936
v -0.150375396 0.800354004 -0.004500405
vt 0.588623047 0.051757812
vn 0.859520912 -0.315420538 -0.402161300
v -0.144500762 0.771972656 0.017688736
vt 0.575439453 0.420410156
vn 0.973005533 0.188323691 0.133395761
v -0.148193374 0.766906738 0.037296280
vt 0.573974609 0.429687500
vn 0.824703574 -0.447696090 0.345589936
v -0.146774322 0.765014648 0.021677002
vt 0.571289062 0.421630859
vn 0.551249504 -0.795374274 -0.251999795
v -0.145706207 0.778228760 0.009242997
vt 0.575927734 0.415039062
vn 0.786621571 -0.346113533 -0.511304200
v -0.164947540 0.755828857 0.024909962
vt 0.558105469 0.420898438
vn 0.227768213 -0.887510657 -0.400557905
v -0.158615142 0.762542725 0.018959032
vt 0.563720703 0.418457031
vn -0.070785075 -0.582010090 -0.810094953
v -0.148269683 0.786987305 0.000760957
vt 0.572998047 0.407470703
vn 0.173459649 -0.480956584 -0.859414160
vt 0.566162109 0.401855469
vt 0.576416016 0.401611328
vt 0.554687500 0.411865234
vt 0.538330078 0.416992188
vt 0.542968750 0.420410156
vt 0.532714844 0.427734375
v -0.153244033 0.765106201 0.043209061
vt 0.571533203 0.432128906
vn 0.173632428 -0.449866086 -0.876054943
v -0.178253189 0.750885010 0.044860829
vt 0.545410156 0.427978516
vn 0.252023101 -0.527673602 -0.811199725
v -0.186019912 0.735168457 0.044021599
vt 0.531494141 0.431640625
vn 0.173513576 -0.520541012 -0.836020350
vt 0.524902344 0.426513672
v -0.213119522 0.724502563 0.052078243
vt 0.517822266 0.433349609
v -0.222717300 0.720794678 0.052894589
vt 0.512939453 0.431884766
vn -0.385528117 -0.841867566 -0.377660125
v -0.179809585 0.736114502 0.050605763
vt 0.532470703 0.435058594
vn 0.330176890 -0.935501099 0.125781655
v -0.224121109 0.736877441 0.068237305
vt 0.510742188 0.445312500
vn -0.204540476 -0.228141427 0.951900601
v -0.211090103 0.734848022 0.060123436
vt 0.517578125 0.442382812
vn 0.292246103 -0.489709467 0.821448088
v -0.203063980 0.745193481 0.062782288
vt 0.520507812 0.450439453
vn 0.118592948 0.339966148 0.932930291
v -0.164749160 0.733581543 0.051128376
vt 0.541992188 0.435546875
vn 0.031465746 -0.471987635 -0.881043553
v -0.234619156 0.755279541 0.058193203
vt 0.507568359 0.458007812
vn -0.039330997 0.550635159 0.833818972
v -0.248138443 0.756500244 0.054435730
vt 0.502685547 0.459472656
vn -0.577350199 -0.055362348 0.814617634
v -0.233810440 0.761444092 0.049873348
vt 0.507324219 0.467041016
vn 0.023656629 0.536214948 0.843749940
v -0.215850845 0.763275146 0.052700039
vt 0.515136719 0.464355469
vn -0.015687292 0.666712880 0.745149612
v -0.219787613 0.766510010 0.044551846
vt 0.513427734 0.469482422
vn 0.031578481 0.592095077 0.805249274
v -0.244277969 0.776550293 0.044109344
vt 0.504638672 0.475341797
vn -0.117608108 0.619403124 0.776214004
v -0.259796143 0.766967773 0.048324585
vt 0.494873047 0.466308594
vn -0.471929103 0.235964611 0.849472582
v -0.215698257 0.779418945 0.040744778
vt 0.515380859 0.479003906
vn -0.354980499 -0.086773016 0.930838048
v -0.222320586 0.786621094 0.037372585
vt 0.513183594 0.485839844
vn -0.500841320 0.524318337 0.688656926
v -0.209289566 0.771789551 0.041286461
vt 0.518066406 0.473144531
vn -0.527150512 -0.007867906 0.849735439
v -0.190567032 0.759796143 0.053817742
vt 0.526855469 0.460937500
vn -0.456622005 -0.007872776 0.889625967
v -0.183044448 0.751770020 0.056621540
vt 0.531250000 0.453369141
vn -0.094138518 -0.211811915 0.972766042
v -0.197662368 0.785522461 0.064369187
vt 0.533203125 0.476318359
vn -0.520897448 -0.260448784 0.812915921
v -0.176788345 0.764739990 0.071334824
vt 0.540527344 0.461914062
vn -0.251152217 0.070636623 0.965366840
v -0.177627578 0.740249634 0.054252613
vt 0.531982422 0.442871094
vn -0.353498757 -0.455620736 0.816975176
v -0.212707534 0.799163818 0.059925072
vt 0.529052734 0.488037109
vn -0.558414876 -0.306735009 0.770770073
v -0.237640411 0.803985596 0.034660332
vt 0.512695312 0.501708984
vn -0.776787162 -0.321699768 0.541397274
v -0.169754043 0.732971191 0.053886402
vt 0.537353516 0.438232422
vn -0.204679906 -0.881698489 0.425104678
v -0.189407364 0.799438477 0.058773030
vt 0.543457031 0.484130859
vn 0.055101138 0.385707259 0.920974374
v -0.162597671 0.740386963 0.069488518
vt 0.543457031 0.446289062
vn -0.393847227 -0.661663532 0.638032794
v -0.152420059 0.734130859 0.054035172
vt 0.546386719 0.438232422
vn 0.149435088 -0.920204997 0.361790001
v -0.144973770 0.735733032 0.051944718
vt 0.549560547 0.437744141
v -0.152420059 0.742156982 0.068389885
vt 0.549316406 0.444580078
vn 0.331532001 -0.678851008 0.655170143
v -0.160995498 0.748992920 0.076652519
vt 0.547607422 0.451171875
vn 0.031445544 0.047168169 0.998391926
v -0.131958023 0.771453857 0.066360451
vt 0.571777344 0.458251953
vn 0.347568363 0.371266156 0.861021340
v -0.131988540 0.760162354 0.071044900
vt 0.564453125 0.448730469
vn 0.638072371 -0.181180954 0.748356283
v -0.135223404 0.752258301 0.068611130
vt 0.561035156 0.446044922
vn 0.529996395 -0.680293739 0.506265044
v -0.126815811 0.747619629 0.048873883
vt 0.566650391 0.439941406
vn 0.409005195 -0.534853101 -0.739355743
v -0.118675254 0.762329102 0.044643383
vt 0.578857422 0.448730469
vn 0.857815683 -0.220356315 -0.464322388
v -0.121612571 0.781311035 0.039291363
vt 0.595214844 0.453369141
vn 0.588040829 -0.164651453 -0.791895211
v -0.123817466 0.801879883 0.031436898
vt 0.599121094 0.470703125
vn 0.965366781 0.243303865 0.094181985
v -0.134872451 0.795837402 0.056491837
vt 0.579833984 0.472900391
vn 0.267286092 0.408790410 0.872610211
v -0.146163970 0.833435059 0.042716961
vt 0.587402344 0.500244141
vn 0.425473958 0.520023704 0.740639746
v -0.131637603 0.828979492 0.021062830
vt 0.601806641 0.491210938
vn 0.306991398 -0.338477790 -0.889488161
v -0.191482574 0.828765869 0.045486439
vt 0.553710938 0.504150391
vn 0.023613364 0.440780967 0.897304058
v -0.224884048 0.811309814 0.055759422
vt 0.527587891 0.498046875
vn -0.236808404 0.276276588 0.931446791
v -0.234054595 0.827819824 0.045181267
vt 0.528076172 0.511474609
vn -0.425738275 0.346897900 0.835708678
v -0.161270171 0.852600098 0.031574234
vt 0.578613281 0.516357422
vn 0.047226585 0.755624533 0.653300345
v -0.151565582 0.847869873 0.018947585
vt 0.589355469 0.519042969
vn 0.590404809 0.755718112 0.283394158
v -0.164276153 0.863159180 0.010239584
vt 0.580078125 0.531982422
vn 0.251152366 0.918275774 0.306091875
v -0.208984405 0.838897705 0.039745320
vt 0.545410156 0.514648438
vn -0.117978603 0.755063355 0.644949913
v -0.189407378 0.857208252 0.011980044
vt 0.562011719 0.533691406
vn -0.260928690 0.909296930 0.324184120
v -0.172012359 0.869018555 -0.010601060
vt 0.576171875 0.547607422
vn 0.205214798 0.978717029 -0.000000070
v -0.235534698 0.833129883 0.040241234
vt 0.528076172 0.516113281
vn -0.371266097 0.861021399 0.347568303
v -0.242218047 0.823364258 0.028882975
vt 0.518310547 0.515136719
vn -0.818517029 0.094444267 0.566665769
v -0.195312530 0.863555908 -0.023080839
vt 0.558593750 0.558349609
vn -0.377251774 0.919551075 0.110031776
v -0.182891876 0.868774414 -0.035156265
vt 0.569091797 0.569824219
vn 0.219927624 0.950401843 -0.219927773
v -0.224136382 0.849090576 -0.004722604
vt 0.535888672 0.544677734
vn -0.417258203 0.905371487 0.078727968
v -0.251464844 0.835144043 0.011139865
vt 0.516845703 0.528808594
vn -0.584583163 0.805776775 0.094797313
v -0.249816909 0.823211670 0.023588177
vt 0.514160156 0.518310547
vn -0.745631397 0.172672555 0.643597782
v -0.243301421 0.804321289 0.025978085
vt 0.508789062 0.506835938
vn -0.605081141 -0.597223103 0.526499331
v -0.197143584 0.859436035 -0.039264690
vt 0.553710938 0.568115234
vn -0.512033343 0.842885613 -0.165426090
v -0.186019942 0.861419678 -0.061664592
vt 0.558593750 0.579345703
vn 0.425236344 0.811099112 -0.401612282
v -0.160583526 0.849151611 -0.036125198
vt 0.575439453 0.578125000
vn 0.678027630 0.678027689 -0.283825666
v -0.225311309 0.841705322 -0.042095192
vt 0.525634766 0.567138672
vn -0.542332888 0.793849528 -0.275096327
v -0.188003585 0.859741211 -0.063385025
vt 0.554687500 0.582275391
vn -0.454933524 0.760836959 -0.462777108
v -0.253753662 0.824371338 0.009063718
vt 0.511230469 0.527099609
vn -0.914662719 0.378481090 0.141930521
v -0.260223389 0.815673828 0.015527723
vt 0.506835938 0.520751953
vn -0.950343251 0.054978512 0.306309104
v -0.256164551 0.801330566 0.016597746
vt 0.502441406 0.514892578
vn -0.204369873 -0.958966732 0.196509644
v -0.257263184 0.797546387 -0.006340505
vt 0.494628906 0.527832031
vn -0.778900027 -0.590075850 0.212427437
v -0.255249083 0.830169678 -0.004555705
vt 0.511718750 0.536132812
vn -0.702356875 0.710248411 -0.047349833
v -0.259399474 0.814849854 -0.013556482
vt 0.501708984 0.537353516
vn -0.995340228 0.078995205 0.055296808
v -0.260437071 0.799987793 -0.039356235
vt 0.492187500 0.549316406
vn -0.943129420 -0.039297111 -0.330095142
v -0.250061095 0.785552979 -0.019834520
vt 0.486328125 0.536376953
vn -0.880934417 -0.173040733 0.440467358
v -0.259307921 0.824737549 -0.026649479
vt 0.506591797 0.548583984
vn -0.748914361 0.559714794 -0.354748815
v -0.248230010 0.782104492 -0.029382708
vt 0.482666016 0.542480469
vn -0.872044623 -0.157125205 -0.463519037
v -0.235015899 0.827453613 -0.047496803
vt 0.513916016 0.569091797
vn -0.606205404 0.417258114 -0.677060306
v -0.193252608 0.845214844 -0.074417129
vt 0.522705078 0.590332031
vn -0.496278554 0.512033224 -0.701091707
v -0.252838194 0.788848877 -0.050071716
vt 0.488769531 0.558593750
vn -0.848188043 -0.141364709 -0.510483384
v -0.234787017 0.760131836 -0.042999271
vt 0.470947266 0.555175781
vn -0.851027191 -0.228516579 -0.472792715
v -0.234008819 0.802398682 -0.060451515
vt 0.498535156 0.573486328
vn -0.580325365 0.219582468 -0.784223258
v -0.217453048 0.820373535 -0.065071113
vt 0.507324219 0.582763672
vn -0.595405936 0.321205676 -0.736422896
v -0.219070464 0.737243652 -0.085197449
vt 0.461914062 0.583740234
vn -0.813854396 -0.221242025 -0.537301779
v -0.222641021 0.741683960 -0.055782322
vt 0.459960938 0.564697266
vn -0.771199524 -0.094432659 -0.629550457
vt 0.255371094 0.781738281
vt 0.248535156 0.778076172
v -0.151824981 0.804992676 0.003533348
vt 0.251464844 0.766845703
vn 0.947499752 0.300041616 0.110541493
vt 0.245605469 0.770507812
vt 0.262451172 0.784667969
v -0.156738311 0.827301025 -0.014861123
vt 0.243164062 0.750976562
vn 0.967395008 0.204490036 -0.149435148
vt 0.226806641 0.762207031
v -0.153488189 0.802215576 0.023292527
vt 0.265869141 0.766113281
vn 0.716491103 0.417297035 0.559020340
v -0.160446197 0.818847656 0.016639695
vt 0.262451172 0.757080078
vn 0.306583375 0.707499981 0.636749864
v -0.149704009 0.779449463 0.033740982
vt 0.274658203 0.775878906
vn 0.458215415 0.450315118 0.766325593
vt 0.277099609 0.781250000
v -0.173461944 0.792327881 0.029024111
vt 0.283203125 0.761718750
vn 0.055029575 0.440235853 0.896194339
v -0.156768814 0.770874023 0.040336598
vt 0.283691406 0.777587891
vn 0.623420954 0.781249106 0.031565506
vt 0.281494141 0.781250000
v -0.178421035 0.778472900 0.037441242
vt 0.292968750 0.766601562
vn 0.102144033 0.589292109 0.801437140
v -0.144943267 0.789916992 0.036170945
vt 0.298828125 0.787109375
vn 0.007885403 -0.323306084 -0.946261644
vt 0.291748047 0.799316406
v -0.165069595 0.775054932 0.040130604
vt 0.288574219 0.773681641
vn 0.023597069 -0.180911839 -0.983216226
vt 0.301513672 0.803222656
vt 0.323974609 0.802490234
v -0.191864029 0.782562256 0.037387840
vt 0.300292969 0.760253906
vn 0.039232764 -0.227550775 -0.972975552
v -0.188293487 0.801666260 0.031829823
vt 0.313476562 0.765136719
vn 0.007902870 -0.339828074 -0.940454364
v -0.153884917 0.823089600 0.022760374
vt 0.324218750 0.788085938
vn 0.086280413 -0.643181860 -0.760836959
v -0.147979766 0.835968018 0.009808523
vt 0.336914062 0.796142578
vn 0.195875138 -0.689480782 -0.697315693
v -0.212982208 0.787780762 0.035037991
vt 0.307861328 0.746093750
vn 0.023632919 -0.212697387 -0.976832271
v -0.196701080 0.784332275 0.034671776
vt 0.300781250 0.755615234
vn 0.071022727 0.505049944 0.860163093
v -0.169952422 0.834838867 0.007553086
vt 0.342285156 0.785400391
vn 0.172476068 -0.823181391 -0.540947676
v -0.148635894 0.846374512 -0.001322049
vt 0.345703125 0.801513672
vn 0.464106739 -0.739424348 -0.487705469
v -0.166748077 0.842437744 -0.011496559
vt 0.357910156 0.789062500
vn 0.339966148 -0.932930291 -0.118592851
v -0.197174102 0.827941895 0.011414518
vt 0.339355469 0.770019531
vn 0.188416466 -0.824322164 -0.533846676
v -0.184875518 0.810943604 0.020662297
vt 0.280761719 0.747802734
vn -0.165451750 0.709079325 0.685443163
v -0.206268340 0.807586670 0.029619209
vt 0.321289062 0.757812500
vn 0.078810960 -0.567439556 -0.819634855
v -0.211837798 0.793426514 0.030897133
vt 0.302734375 0.742919922
vn -0.165410697 0.716779947 0.677396357
v -0.229202300 0.798339844 0.032855980
vt 0.320312500 0.744140625
vn -0.031542137 -0.559871495 -0.827978909
v -0.237854034 0.811523438 0.020505901
vt 0.333007812 0.749511719
vn 0.275889993 -0.827670157 -0.488719493
vt 0.309814453 0.738281250
vt 0.325195312 0.741455078
vt 0.329833984 0.743652344
vt 0.338378906 0.743408203
v -0.208374053 0.825744629 -0.000538448
vt 0.347412109 0.767822266
vn 0.385994405 -0.921660006 -0.039387193
v -0.250244141 0.807769775 0.009460446
vt 0.342773438 0.747802734
vn 0.496988326 -0.867757320 -0.000000027
vt 0.358154297 0.746582031
v -0.246719390 0.807495117 -0.011495593
vt 0.355712891 0.753662109
vn 0.559020519 -0.763732195 0.322814614
vt 0.365722656 0.752929688
v -0.238632232 0.794830322 -0.024236683
vt 0.368652344 0.759521484
vn 0.363027334 0.031567641 0.931243658
v -0.232055694 0.814025879 -0.019550329
vt 0.361083984 0.763427734
vn 0.526580572 -0.801659942 0.282938749
v -0.223342925 0.806488037 -0.030414587
vt 0.371337891 0.768554688
vn -0.464192957 0.841841519 0.275368720
v -0.188827544 0.834777832 -0.023254408
vt 0.364257812 0.782714844
vn 0.392667532 -0.918841839 0.039266735
v -0.155120879 0.848114014 -0.022779481
vt 0.360839844 0.799316406
vn 0.818872333 -0.511795163 -0.259834588
v -0.164825469 0.843597412 -0.043128982
vt 0.373046875 0.800048828
vn 0.565458655 -0.824627221 -0.015707223
v -0.177642852 0.836700439 -0.040397659
vt 0.375732422 0.791748047
vn 0.480285257 -0.842467487 0.244079337
v -0.210861236 0.823120117 -0.031940471
vt 0.370117188 0.776123047
vn 0.505380452 -0.750174046 0.426414698
v -0.206344634 0.818023682 -0.039016735
vt 0.376220703 0.779052734
vn -0.400681525 0.911354005 0.094278015
v -0.192916900 0.821563721 -0.048095714
vt 0.382324219 0.787353516
vn 0.614554465 -0.504249692 0.606675386
v -0.184738189 0.819885254 -0.060501110
vt 0.387939453 0.796142578
vn 0.636376619 -0.424250960 0.644232929
vt 0.018066406 0.108154297
vt 0.017578125 0.126220703
vt 0.012451172 0.127197266
vt 0.000000000 0.109130859
vt 0.035400391 0.096923828
vt 0.041748047 0.107910156
vt 0.029052734 0.084228516
v -0.164932296 0.907043457 -0.110382095
vt 0.006591797 0.085693359
vn 0.149899453 0.189346582 0.970400989
vt 0.003417969 0.084960938
v -0.187377974 0.899993896 -0.104423538
vt 0.016601562 0.087402344
vn -0.613412976 0.204471022 0.762834311
vt 0.013916016 0.069580078
vt 0.026367188 0.081542969
v -0.165679976 0.900665283 -0.117897049
vt 0.012207031 0.078857422
vn -0.692055881 0.715648532 -0.094371192
vt 0.017333984 0.070800781
v -0.178833053 0.898834229 -0.112861648
vt 0.015136719 0.082763672
vn -0.292054832 0.915630996 -0.276267976
v -0.186203048 0.893157959 -0.128128052
vt 0.022216797 0.080078125
vn -0.015738325 0.999380589 -0.031476595
v -0.165329024 0.835571289 -0.070716873
vt 0.795898438 0.855712891
vn 0.572447717 0.454821527 -0.682232380
v -0.167785674 0.839935303 -0.056961074
vt 0.791503906 0.845947266
vn 0.709630132 -0.599243104 0.370584518
v -0.166732833 0.822265625 -0.076606765
vt 0.808349609 0.855224609
vn 0.793677866 0.062865585 -0.605081320
vt 0.782470703 0.840820312
vt 0.789062500 0.832031250
v -0.164901778 0.844512939 -0.057926193
vt 0.786621094 0.847656250
vn 0.786402643 0.526889861 -0.322425216
vt 0.810302734 0.833007812
v -0.172317550 0.821258545 -0.068908706
vt 0.809082031 0.846923828
vn 0.630547225 -0.441382885 0.638428867
v -0.166854903 0.811828613 -0.077346817
vt 0.817382812 0.854492188
vn 0.926838219 -0.102109231 0.361309677
v -0.175705001 0.796722412 -0.086242691
vt 0.830810547 0.864990234
vn 0.528872192 0.142085090 -0.836723447
v -0.166641280 0.789031982 -0.080917373
vt 0.836669922 0.856445312
vn 0.740433156 -0.118154153 0.661663413
v -0.166061446 0.757263184 -0.086639419
vt 0.864501953 0.861328125
vn 0.858374178 -0.157499820 -0.488249689
vt 0.877929688 0.831542969
v -0.188324019 0.819366455 -0.089126602
vt 0.812255859 0.875976562
vn 0.165472224 0.252148330 -0.953436017
v -0.188812301 0.788787842 -0.095275894
vt 0.837890625 0.879150391
v -0.192001387 0.754302979 -0.100112922
vt 0.868896484 0.885498047
vn 0.078494646 0.007849438 -0.996883690
v -0.208099410 0.752227783 -0.089874268
vt 0.869140625 0.900878906
vn -0.565092862 0.164818659 -0.808396578
v -0.202972457 0.809143066 -0.081115730
vt 0.817871094 0.892089844
vn -0.572500765 0.211746737 -0.792089820
vt 0.816650391 0.923095703
vt 0.878173828 0.912597656
vt 0.804199219 0.906738281
v -0.189209029 0.826873779 -0.085472122
vt 0.804687500 0.877441406
vn -0.291972995 0.418231368 -0.860136211
vt 0.786376953 0.881103516
vt 0.792480469 0.919433594
v -0.177978560 0.841583252 -0.071884170
vt 0.790527344 0.866699219
vn 0.282938659 0.526580453 -0.801660001
vt 0.773925781 0.871337891
vt 0.753906250 0.892578125
vt 0.772705078 0.868408203
vt 0.756835938 0.872558594
vt 0.770751953 0.845703125
vt 0.033203125 0.509521484
vt 0.026123047 0.510253906
vt 0.036132812 0.505859375
vt 0.042724609 0.504150391
vt 0.028564453 0.493652344
vt 0.041015625 0.490234375
v -0.154617339 0.856384277 -0.004381197
vt 0.049072266 0.497070312
vn 0.646069944 0.756374598 -0.102425836
vt 0.051757812 0.488525391
vt 0.060302734 0.492919922
v -0.147827178 0.852325439 0.002244454
vt 0.053955078 0.498291016
vn 0.726212680 0.686744690 -0.031574588
vt 0.053222656 0.501708984
vt 0.048095703 0.510498047
v -0.133346587 0.836608887 0.017757395
vt 0.065673828 0.502929688
vn 0.817252517 0.573648512 0.055007249
vt 0.074462891 0.492675781
vt 0.058593750 0.506591797
vt 0.068603516 0.505859375
vt 0.208984375 0.763916016
v -0.166214019 0.801544189 -0.042636886
vt 0.219726562 0.753662109
vn 0.851027071 -0.228516519 -0.472792953
vt 0.196289062 0.763916016
v -0.191528350 0.768249512 -0.059730537
vt 0.188964844 0.758544922
vn 0.575517178 -0.268049121 -0.772612333
vt 0.185546875 0.763916016
vt 0.183349609 0.765869141
v -0.166931182 0.834259033 -0.042072311
vt 0.233642578 0.732177734
vn 0.791505873 0.399671316 -0.462364972
v -0.160568267 0.836364746 -0.012090699
vt 0.247558594 0.745361328
vn 0.007867657 0.983459592 0.180956528
v -0.182968169 0.828338623 -0.038211837
vt 0.244628906 0.724853516
vn -0.369016469 0.918615341 -0.141325429
v -0.176391631 0.818481445 -0.061634079
vt 0.229980469 0.721435547
vn -0.078750052 0.692999303 -0.716624379
v -0.179763824 0.828735352 -0.007310404
vt 0.260253906 0.738769531
vn -0.307688117 0.915174901 0.260351479
v -0.187896758 0.816528320 -0.056823742
vt 0.241699219 0.712158203
vn -0.323426843 0.457530469 -0.828287959
vt 0.246826172 0.714843750
vt 0.259033203 0.714599609
v -0.198440582 0.820861816 -0.000912975
vt 0.273925781 0.732421875
vn -0.433797657 0.875482559 0.212955236
vt 0.274658203 0.710205078
v -0.226364166 0.802307129 0.008854860
vt 0.295898438 0.724609375
vn -0.425566405 0.851132810 0.307353556
v -0.240158111 0.793518066 -0.010723118
vt 0.292236328 0.707519531
vn -0.551044524 0.834438801 0.007872100
vt 0.284423828 0.702392578
v -0.241241485 0.793975830 0.016151424
vt 0.305419922 0.717773438
vn -0.306394041 0.911325812 0.274968982
v -0.247619659 0.788787842 -0.015249255
vt 0.293457031 0.700927734
vn -0.439421892 0.870996892 -0.219710901
vt 0.293457031 0.696289062
v -0.248977691 0.784027100 0.029172895
vt 0.313476562 0.716308594
vn -0.235665888 0.816975117 0.526320517
vt 0.318847656 0.721191406
v -0.248001128 0.792877197 0.007513998
vt 0.303710938 0.709228516
vn -0.323275924 0.946173429 -0.015769554
v -0.253387451 0.779937744 0.030427931
vt 0.316406250 0.711914062
vn -0.251999736 0.795374274 0.551249504
v -0.253723145 0.789031982 0.022438047
vt 0.312255859 0.710205078
vn -0.386282116 0.875047266 0.291682452
vt 0.325439453 0.709228516
v -0.265350342 0.774658203 0.038059235
vt 0.321777344 0.702636719
vn -0.181231618 0.819482148 0.543694854
v -0.274047852 0.773376465 0.033607487
vt 0.324707031 0.694335938
vn -0.924446285 -0.039506283 0.379260153
v -0.263336182 0.782958984 0.022897720
vt 0.314453125 0.700927734
vn -0.480523556 0.827130735 0.291465133
v -0.268463135 0.782318115 0.007178784
vt 0.309082031 0.695556641
vn -0.559523642 0.827464581 -0.047283653
v -0.257568359 0.788543701 -0.005802632
vt 0.300537109 0.699218750
vn -0.527673602 0.811199665 -0.252023160
v -0.277648926 0.775054932 0.004511835
vt 0.310791016 0.686767578
vn -0.654986560 0.749683380 -0.094696797
v -0.281402588 0.768585205 0.002032045
vt 0.310791016 0.680419922
vn -0.994688690 0.086837858 -0.055260353
v -0.266174316 0.776245117 -0.007933140
vt 0.302734375 0.689453125
vn -0.613811851 0.723983109 -0.314775199
v -0.269195616 0.767517090 -0.025190352
vt 0.296386719 0.678222656
vn -0.535167813 0.472206771 -0.700440049
v -0.276824951 0.757080078 -0.026218411
vt 0.298583984 0.667724609
vn -0.874097168 -0.141745523 -0.464610040
v -0.262847960 0.776367188 -0.023670195
vt 0.295654297 0.685791016
vn -0.606863916 0.732965410 -0.307372540
vt 0.289794922 0.690429688
v -0.200317428 0.738189697 -0.096733093
vt 0.187011719 0.972900391
vn 0.109865539 -0.619956017 -0.776906848
vt 0.189941406 0.984619141
vt 0.171875000 0.981201172
vt 0.154296875 0.958251953
vt 0.207275391 0.978271484
v -0.177215606 0.736694336 -0.082275398
vt 0.175781250 0.955078125
vn 0.652391553 -0.754573405 -0.070741311
vt 0.184082031 0.939208984
v -0.200988799 0.725173950 -0.068206787
vt 0.197265625 0.948486328
vn 0.330095291 -0.943129361 -0.039297059
vt 0.201416016 0.945068359
v -0.213394195 0.728240967 -0.078102112
vt 0.202636719 0.963623047
vn -0.244147480 -0.905708373 -0.346531868
v -0.213516265 0.727508545 -0.061714176
vt 0.208251953 0.950195312
vn -0.495173544 -0.573772490 -0.652371347
vt 0.220703125 0.960449219
vt 0.208007812 0.943603516
vt 0.212402344 0.929931641
vt 0.218017578 0.929687500
vt 0.109375000 0.020996094
vt 0.107910156 0.002197266
vt 0.122314453 0.016601562
vt 0.121337891 0.031250000
v -0.200622588 0.747436523 -0.046527870
vt 0.110107422 0.029296875
vn 0.345504850 -0.855909586 0.384766668
vt 0.094726562 0.047119141
v -0.197937042 0.784088135 -0.057174690
vt 0.841064453 0.820068359
vn 0.755530953 -0.181012541 0.629608929
vt 0.868896484 0.817382812
v -0.194442779 0.761993408 -0.059711464
vt 0.858398438 0.811523438
vn 0.298059732 -0.101967871 -0.949085414
vt 0.862792969 0.804687500
vt 0.854003906 0.806396484
v -0.181152374 0.795654297 -0.068672195
vt 0.829833984 0.839355469
vn 0.619822502 -0.156916991 0.768893480
v -0.195129424 0.793395996 -0.055999763
vt 0.830566406 0.823486328
vn 0.118198082 -0.015759798 -0.992864966
v -0.190032989 0.815673828 -0.057624828
vt 0.812988281 0.827148438
vn 0.717693448 -0.157734737 0.678259492
vt 0.806152344 0.825195312
vt 0.812255859 0.824951172
v -0.176986724 0.803588867 -0.062541977
vt 0.824707031 0.812500000
vn 0.533978283 -0.094231501 -0.840230823
vt 0.823242188 0.792968750
vt 0.808105469 0.795166016
vt 0.815673828 0.813964844
vt 0.800537109 0.811279297
vt 0.988525391 0.428710938
vt 0.991943359 0.434082031
vt 0.987060547 0.436035156
vt 0.975830078 0.426513672
v -0.230987579 0.727081299 -0.060314182
vt 0.980957031 0.422119141
vn -0.363027334 -0.031567641 -0.931243658
vt 0.989501953 0.417236328
v -0.242538482 0.736724854 -0.050712585
vt 0.977050781 0.412597656
vn -0.518273234 0.196315512 -0.832377970
vt 0.989257812 0.401367188
v -0.248672515 0.731475830 -0.044830322
vt 0.970947266 0.411865234
vn -0.597610712 -0.361711740 -0.715560019
v -0.248748809 0.752410889 -0.039009094
vt 0.978759766 0.399902344
vn -0.402161300 0.315420479 -0.859520912
vt 0.972656250 0.383300781
vt 0.989990234 0.383789062
vt 0.964599609 0.386474609
v -0.260589659 0.735809326 -0.040805817
vt 0.966552734 0.405029297
vn -0.732806206 -0.323065132 -0.598852277
v -0.262145996 0.739547729 -0.019813538
vt 0.952636719 0.404541016
vn -0.859227180 -0.283781469 -0.425672024
v -0.250640869 0.726165771 -0.030935286
vt 0.961914062 0.413818359
vn -0.664057612 -0.252974391 -0.703584790
vt 0.965087891 0.426757812
vt 0.948486328 0.415283203
v -0.278930664 0.733245850 -0.013241764
vt 0.943115234 0.402587891
vn -0.519491971 0.440780938 -0.732011199
v -0.262786865 0.747924805 -0.011747359
vt 0.950195312 0.397460938
vn -0.489709407 0.726665616 0.481810927
vt 0.937744141 0.396240234
vt 0.938964844 0.399169922
vt 0.938964844 0.410888672
vt 0.934814453 0.415039062
vt 0.799560547 0.398193359
v -0.243118316 0.756469727 -0.013469698
vt 0.811523438 0.405761719
vn -0.110307969 0.425473988 0.898222804
v -0.255249023 0.749816895 -0.001524687
vt 0.811035156 0.416992188
vn -0.440931261 0.889736176 -0.118106559
vt 0.806152344 0.397216797
v -0.255676270 0.753875732 0.004365444
vt 0.806884766 0.419189453
vn -0.322096646 0.934865773 0.149264291
vt 0.780517578 0.404785156
v -0.261505127 0.762817383 -0.000699996
vt 0.826904297 0.406494141
vn 0.354925424 -0.922805905 0.149857372
vt 0.809082031 0.388916016
vt 0.819824219 0.417724609
vt 0.813232422 0.427001953
vt 0.818847656 0.431640625
vt 0.818115234 0.434814453
v -0.269317627 0.744491577 0.022142412
vt 0.802978516 0.432373047
vn -0.338782221 0.835137725 0.433326155
vt 0.803222656 0.439208984
v -0.239044219 0.752899170 0.022844313
vt 0.789306641 0.418945312
vn -0.211649179 0.838757992 0.501686931
v -0.235244766 0.738311768 0.041671749
vt 0.778320312 0.431152344
vn -0.188300401 0.682589233 0.706126690
vt 0.786621094 0.441650391
vt 0.779052734 0.438476562
v -0.219741836 0.742401123 0.040233608
vt 0.772705078 0.422119141
vn -0.086797260 0.647034705 0.757503986
vt 0.767089844 0.416015625
v -0.229736343 0.728485107 0.043941494
vt 0.770507812 0.432617188
vn 0.023612630 0.456508994 0.889405429
vt 0.768310547 0.423095703
vt 0.758544922 0.415039062
vt 0.765625000 0.410644531
vt 0.759277344 0.427978516
vt 0.766357422 0.439697266
v -0.242263809 0.724563599 0.045719147
vt 0.772705078 0.438476562
vn -0.141745374 0.464610189 0.874097109
vt 0.777099609 0.444824219
vt 0.772216797 0.443115234
vt 0.821289062 0.423095703
v -0.275726318 0.758117676 -0.001337645
vt 0.831298828 0.414306641
vn -0.559037745 -0.787377298 0.259834588
vt 0.833496094 0.428222656
vt 0.838134766 0.418945312
vt 0.853515625 0.406738281
v -0.262451172 0.758972168 0.036872864
vt 0.849121094 0.395996094
vn -0.204243734 -0.966230154 -0.157110512
vt 0.857421875 0.396484375
v -0.239685088 0.766937256 0.031349178
vt 0.837890625 0.384277344
vn 0.188719124 -0.896415949 -0.401028156
vt 0.863037109 0.387695312
vt 0.872558594 0.388183594
vt 0.825195312 0.373046875
v -0.228729263 0.751007080 0.040428158
vt 0.848144531 0.375488281
vn -0.110742107 -0.545800030 -0.830565214
v -0.246871963 0.745925903 0.044574738
vt 0.855957031 0.383789062
vn -0.581812084 -0.778370202 -0.235869661
vt 0.834716797 0.355712891
vt 0.835449219 0.361083984
vt 0.846191406 0.361816406
vt 0.850341797 0.359619141
v -0.229461685 0.735656738 0.049327847
vt 0.858154297 0.371093750
vn -0.157033190 -0.478951007 -0.863682091
vt 0.863281250 0.362304688
v -0.235992447 0.736785889 0.053897854
vt 0.861083984 0.374511719
vn -0.730451524 -0.589073956 0.345590144
vt 0.870849609 0.368896484
vt 0.905517578 0.112304688
vt 0.901855469 0.119873047
v -0.415527344 0.646255493 0.098762535
vt 0.890380859 0.119140625
vn -0.473263264 -0.843986154 -0.252406985
vt 0.889404297 0.125976562
vt 0.891845703 0.104736328
v -0.419128418 0.653350830 0.101387046
vt 0.885498047 0.118408203
vn -0.417607635 -0.181225970 0.890371263
vt 0.874511719 0.124267578
v -0.422637939 0.655258179 0.093849204
vt 0.886718750 0.112304688
vn -0.958256483 0.078545548 -0.274909496
v -0.421936035 0.661376953 0.098892234
vt 0.882080078 0.115234375
vn -0.385862619 0.708727419 0.590606153
v -0.411651611 0.663360596 0.094299339
vt 0.876220703 0.111572266
vn -0.893036604 0.387245953 0.229186490
vt 0.861816406 0.114990234
v -0.409484863 0.677322388 0.097953819
vt 0.867187500 0.105957031
vn -0.883397162 0.055212308 0.465361148
vt 0.849365234 0.118896484
v -0.413146973 0.667114258 0.085281394
vt 0.881835938 0.104980469
vn 0.039295975 -0.487268388 0.872367680
v -0.426483154 0.665451050 0.093101531
vt 0.882568359 0.095703125
vn -0.903804421 -0.306507617 -0.298648298
vt 0.898925781 0.072998047
v -0.416473389 0.679748535 0.093948387
vt 0.869873047 0.101074219
vn 0.023614842 -0.795029223 0.606111407
v -0.399658203 0.687957764 0.111938499
vt 0.850341797 0.105224609
vn -0.419132710 -0.719643116 0.553571701
v -0.423278809 0.681304932 0.103775047
vt 0.866699219 0.092529297
vn -0.086716272 -0.764680922 0.638548017
v -0.431579590 0.690017700 0.098945647
vt 0.868896484 0.083007812
vn -0.808570921 0.573064804 -0.133453369
vt 0.877929688 0.054931641
vt 0.845947266 0.056884766
v -0.409515381 0.693664551 0.123184226
vt 0.845214844 0.087646484
vn -0.545390546 0.656049609 0.521678090
vt 0.829345703 0.057861328
v -0.395080566 0.687957764 0.124229454
vt 0.841796875 0.099365234
vn -0.094126992 -0.980490208 0.172566339
v -0.389770508 0.691253662 0.141830444
vt 0.827392578 0.093017578
vn -0.267749697 0.692999423 0.669374347
vt 0.812011719 0.082519531
v -0.388488770 0.684875488 0.134155273
vt 0.831542969 0.099853516
vn -0.307697654 -0.946762204 0.094676301
v -0.382781982 0.688827515 0.118957542
vt 0.838378906 0.108886719
vn -0.710491836 -0.481555641 0.513133168
vt 0.813964844 0.103515625
vt 0.792236328 0.081542969
vt 0.820068359 0.108642578
vt 0.834472656 0.117919922
v -0.394470215 0.683593750 0.120399497
vt 0.844238281 0.114013672
vn -0.550226688 0.455902189 0.699574113
vt 0.839111328 0.124267578
f 1/1/1 2/2/2 3/3/3
f 1/1/1 3/3/3 4/4/4
f 3/3/3 2/2/2 5/5/5
f 1/1/1 4/4/4 6/6/6
f 5/5/5 2/2/2 7/7/7
f 1/1/1 6/6/6 8/8/8
f 1/1/1 8/8/8 9/9/9
f 9/9/9 8/8/8 10/10/10
f 10/10/10 8/8/8 6/6/6
f 11/11/11 4/4/4 3/3/3
f 4/4/4 11/11/11 6/6/6
f 10/10/10 6/6/6 12/12/12
f 10/10/10 12/12/12 13/13/13
f 12/12/12 6/6/6 14/14/14
f 14/14/14 6/6/6 11/11/11
f 13/13/13 12/12/12 15/15/15
f 13/13/13 15/15/15 16/16/16
f 12/12/12 14/14/14 17/17/17
f 12/12/12 17/17/17 15/15/15
f 16/16/16 15/15/15 18/18/18
f 18/18/18 15/15/15 17/17/17
f 16/16/16 18/18/18 19/19/19
f 19/19/19 18/18/18 20/20/20
f 18/18/18 17/17/17 21/21/21
f 21/21/21 17/17/17 14/14/14
f 20/20/20 18/18/18 22/22/22
f 22/22/22 18/18/18 21/21/21
f 20/20/20 22/22/22 23/23/23
f 23/23/23 22/22/22 24/24/24
f 24/24/24 22/22/22 21/21/21
f 23/23/23 24/24/24 25/25/25
f 21/21/21 14/14/14 26/26/26
f 26/26/26 14/14/14 11/11/11
f 24/24/24 21/21/21 27/27/27
f 24/24/24 27/27/27 25/25/25
f 27/27/27 21/21/21 26/26/26
f 25/25/25 27/27/27 28/28/28
f 28/28/28 27/27/27 26/26/26
f 25/25/25 28/28/28 29/29/29
f 25/25/25 29/29/29 30/30/30
f 30/30/30 29/29/29 31/31/31
f 30/30/30 31/31/31 32/32/32
f 29/29/29 28/28/28 33/33/33
f 29/29/29 33/33/33 31/31/31
f 31/31/31 33/33/33 34/34/34
f 31/31/31 34/34/34 35/35/35
f 35/35/35 34/34/34 36/36/36
f 36/36/36 34/34/34 37/37/37
f 37/37/37 34/34/34 38/38/38
f 37/37/37 38/38/38 39/39/39
f 34/34/34 33/33/33 40/40/40
f 34/34/34 40/40/40 38/38/38
f 40/40/40 33/33/33 41/41/41
f 41/41/41 33/33/33 28/28/28
f 38/38/38 40/40/40 42/42/42
f 42/42/42 40/40/40 41/41/41
f 39/39/39 38/38/38 43/43/43
f 38/38/38 42/42/42 44/44/44
f 38/38/38 44/44/44 43/43/43
f 44/44/44 42/42/42 45/45/45
f 39/39/39 43/43/43 46/46/46
f 39/39/39 46/46/46 47/47/47
f 47/47/47 46/46/46 48/48/48
f 48/48/48 46/46/46 49/49/49
f 49/49/49 46/46/46 50/50/50
f 50/50/50 46/46/46 43/43/43
f 50/50/50 43/43/43 51/51/51
f 51/51/51 43/43/43 52/52/52
f 51/51/51 52/52/52 53/53/53
f 53/53/53 52/52/52 54/54/54
f 52/52/52 43/43/43 55/55/55
f 55/55/55 43/43/43 44/44/44
f 54/54/54 52/52/52 56/56/56
f 54/54/54 56/56/56 57/57/57
f 56/56/56 52/52/52 58/58/58
f 58/58/58 52/52/52 55/55/55
f 57/57/57 56/56/56 59/59/59
f 59/59/59 56/56/56 58/58/58
f 57/57/57 59/59/59 60/60/60
f 57/57/57 60/60/60 61/61/61
f 59/59/59 58/58/58 62/62/62
f 59/59/59 62/62/62 60/60/60
f 61/61/61 60/60/60 63/63/63
f 63/63/63 60/60/60 62/62/62
f 61/61/61 63/63/63 64/64/64
f 62/62/62 58/58/58 65/65/65
f 65/65/65 58/58/58 55/55/55
f 63/63/63 62/62/62 66/66/66
f 66/66/66 62/62/62 65/65/65
f 64/64/64 63/63/63 67/67/67
f 67/67/67 63/63/63 66/66/66
f 64/64/64 67/67/67 68/68/68
f 64/64/64 68/68/68 69/69/69
f 64/64/64 69/69/69 70/70/70
f 68/68/68 67/67/67 71/71/71
f 68/68/68 71/71/71 69/69/69
f 70/70/70 69/69/69 72/72/72
f 72/72/72 69/69/69 71/71/71
f 70/70/70 72/72/72 73/73/73
f 73/73/73 72/72/72 74/74/74
f 72/72/72 71/71/71 75/75/75
f 75/75/75 71/71/71 2/2/2
f 2/2/2 71/71/71 7/7/7
f 76/76/76 71/71/71 67/67/67
f 7/7/7 71/71/71 77/77/77
f 77/77/77 71/71/71 76/76/76
f 7/7/7 77/77/77 5/5/5
f 76/76/76 67/67/67 78/78/78
f 76/76/76 78/78/78 77/77/77
f 78/78/78 67/67/67 66/66/66
f 5/5/5 77/77/77 79/79/79
f 5/5/5 79/79/79 3/3/3
f 3/3/3 79/79/79 11/11/11
f 11/11/11 79/79/79 80/80/80
f 11/11/11 80/80/80 26/26/26
f 79/79/79 77/77/77 81/81/81
f 79/79/79 81/81/81 80/80/80
f 82/82/82 77/77/77 78/78/78
f 77/77/77 82/82/82 81/81/81
f 26/26/26 80/80/80 83/83/83
f 83/83/83 80/80/80 81/81/81
f 83/83/83 81/81/81 82/82/82
f 26/26/26 83/83/83 28/28/28
f 28/28/28 83/83/83 41/41/41
f 41/41/41 83/83/83 82/82/82
f 41/41/41 82/82/82 78/78/78
f 41/41/41 78/78/78 84/84/84
f 84/84/84 78/78/78 66/66/66
f 41/41/41 84/84/84 42/42/42
f 84/84/84 66/66/66 65/65/65
f 42/42/42 84/84/84 85/85/85
f 42/42/42 85/85/85 45/45/45
f 84/84/84 65/65/65 86/86/86
f 86/86/86 65/65/65 55/55/55
f 85/85/85 84/84/84 87/87/87
f 87/87/87 84/84/84 86/86/86
f 45/45/45 85/85/85 88/88/88
f 88/88/88 85/85/85 87/87/87
f 88/88/88 87/87/87 89/89/89
f 45/45/45 88/88/88 90/90/90
f 90/90/90 88/88/88 89/89/89
f 45/45/45 90/90/90 44/44/44
f 44/44/44 90/90/90 55/55/55
f 87/87/87 86/86/86 91/91/91
f 91/91/91 86/86/86 55/55/55
f 87/87/87 91/91/91 89/89/89
f 91/91/91 55/55/55 90/90/90
f 91/91/91 90/90/90 89/89/89
f 75/92/75 2/93/2 1/94/1
f 75/92/75 1/94/1 92/95/92
f 1/96/1 9/97/9 92/98/92
f 92/98/92 9/97/9 93/99/93
f 93/99/93 9/97/9 10/100/10
f 92/98/92 93/99/93 94/101/94
f 92/98/92 94/101/94 95/102/95
f 96/103/96 97/104/97 95/102/95
f 96/103/96 95/102/95 98/105/98
f 98/105/98 95/102/95 94/101/94
f 98/105/98 94/101/94 99/106/99
f 99/106/99 94/101/94 100/107/100
f 99/106/99 100/107/100 101/108/101
f 102/109/102 94/101/94 93/99/93
f 94/101/94 102/109/102 100/107/100
f 101/108/101 100/107/100 103/110/103
f 103/110/103 100/107/100 102/109/102
f 101/108/101 103/110/103 104/111/104
f 104/111/104 103/110/103 105/112/105
f 105/112/105 103/110/103 102/109/102
f 104/111/104 105/112/105 106/113/106
f 102/109/102 93/99/93 107/114/107
f 102/109/102 107/114/107 105/112/105
f 105/112/105 107/114/107 106/113/106
f 107/114/107 93/99/93 10/100/10
f 107/114/107 10/100/10 108/115/108
f 108/115/108 10/100/10 13/116/13
f 107/114/107 108/115/108 109/117/109
f 109/117/109 108/115/108 110/118/110
f 107/114/107 109/117/109 111/119/111
f 107/114/107 111/119/111 106/113/106
f 106/113/106 111/119/111 112/120/112
f 106/113/106 112/120/112 113/121/113
f 113/121/113 112/120/112 114/122/114
f 114/122/114 112/120/112 115/123/115
f 113/121/113 114/122/114 116/124/116
f 113/121/113 116/124/116 117/125/117
f 116/124/116 114/122/114 118/126/118
f 116/124/116 118/126/118 119/127/119
f 116/124/116 119/127/119 54/128/54
f 54/128/54 119/127/119 120/129/120
f 121/130/121 72/131/72 75/132/75
f 72/131/72 121/130/121 74/133/74
f 92/134/92 95/135/95 121/130/121
f 121/130/121 95/135/95 97/136/97
f 121/130/121 97/136/97 96/137/96
f 74/133/74 121/130/121 122/138/122
f 122/138/122 121/130/121 96/137/96
f 74/133/74 122/138/122 73/139/73
f 73/139/73 122/138/122 123/140/123
f 123/140/123 122/138/122 96/137/96
f 73/139/73 123/140/123 70/141/70
f 70/141/70 123/140/123 64/142/64
f 64/142/64 123/140/123 124/143/124
f 64/142/64 124/143/124 61/144/61
f 123/140/123 96/137/96 125/145/125
f 123/140/123 125/145/125 124/143/124
f 61/144/61 124/143/124 126/146/126
f 126/146/126 124/143/124 125/145/125
f 61/144/61 126/146/126 127/147/127
f 61/144/61 127/147/127 57/148/57
f 126/146/126 125/145/125 128/149/128
f 128/149/128 125/145/125 96/137/96
f 127/147/127 126/146/126 129/150/129
f 127/147/127 129/150/129 57/148/57
f 57/148/57 129/150/129 54/151/54
f 54/151/54 129/150/129 120/152/120
f 129/150/129 126/146/126 130/153/130
f 129/150/129 130/153/130 120/152/120
f 130/153/130 126/146/126 128/149/128
f 120/152/120 130/153/130 131/154/131
f 130/153/130 128/149/128 132/155/132
f 130/153/130 132/155/132 131/154/131
f 133/156/133 128/149/128 96/137/96
f 133/156/133 96/137/96 98/157/98
f 128/149/128 133/156/133 134/158/134
f 128/149/128 134/158/134 132/155/132
f 134/158/134 133/156/133 135/159/135
f 134/158/134 135/159/135 132/155/132
f 135/159/135 133/156/133 136/160/136
f 135/159/135 136/160/136 137/161/137
f 137/161/137 136/160/136 138/162/138
f 135/159/135 137/161/137 139/163/139
f 139/163/139 137/161/137 138/162/138
f 135/159/135 139/163/139 132/155/132
f 139/163/139 138/162/138 140/164/140
f 132/155/132 139/163/139 141/165/141
f 141/165/141 139/163/139 140/164/140
f 132/155/132 141/165/141 131/154/131
f 141/165/141 140/164/140 142/166/142
f 141/165/141 142/166/142 143/167/143
f 141/165/141 143/167/143 131/154/131
f 131/154/131 143/167/143 144/168/144
f 131/154/131 144/168/144 117/169/117
f 131/154/131 117/169/117 120/152/120
f 120/152/120 117/169/117 145/170/145
f 120/152/120 145/170/145 53/171/53
f 53/171/53 145/170/145 51/172/51
f 92/173/92 75/174/75 121/175/121
f 146/176/146 19/177/19 20/178/20
f 146/176/146 20/178/20 147/179/147
f 147/179/147 20/178/20 23/180/23
f 19/177/19 146/176/146 148/181/148
f 148/181/148 146/176/146 147/179/147
f 147/179/147 23/180/23 149/182/149
f 147/179/147 149/182/149 148/181/148
f 149/182/149 23/180/23 25/183/25
f 19/177/19 148/181/148 150/184/150
f 149/182/149 25/183/25 151/185/151
f 149/182/149 151/185/151 148/181/148
f 151/185/151 25/183/25 30/186/30
f 19/177/19 150/184/150 16/187/16
f 148/181/148 151/185/151 152/188/152
f 148/181/148 152/188/152 150/184/150
f 151/185/151 30/186/30 153/189/153
f 151/185/151 153/189/153 152/188/152
f 154/190/154 30/186/30 32/191/32
f 30/186/30 154/190/154 153/189/153
f 153/189/153 154/190/154 155/192/155
f 153/189/153 155/192/155 156/193/156
f 153/189/153 156/193/156 157/194/157
f 153/189/153 157/194/157 152/188/152
f 157/194/157 156/193/156 158/195/158
f 159/196/159 150/184/150 152/188/152
f 159/196/159 152/188/152 157/194/157
f 150/184/150 159/196/159 16/187/16
f 157/194/157 158/195/158 160/197/160
f 160/197/160 158/195/158 161/198/161
f 159/196/159 157/194/157 162/199/162
f 162/199/162 157/194/157 160/197/160
f 16/187/16 159/196/159 109/200/109
f 159/196/159 162/199/162 111/201/111
f 159/196/159 111/201/111 109/200/109
f 16/187/16 109/200/109 163/202/163
f 163/202/163 109/200/109 110/203/110
f 16/187/16 163/202/163 108/204/108
f 16/187/16 108/204/108 13/205/13
f 111/201/111 162/199/162 164/206/164
f 164/206/164 162/199/162 160/197/160
f 165/207/165 160/197/160 161/198/161
f 160/197/160 165/207/165 164/206/164
f 165/207/165 161/198/161 166/208/166
f 111/201/111 164/206/164 167/209/167
f 111/201/111 167/209/167 112/210/112
f 164/206/164 165/207/165 168/211/168
f 167/209/167 164/206/164 169/212/169
f 169/212/169 164/206/164 168/211/168
f 167/209/167 169/212/169 170/213/170
f 170/213/170 169/212/169 168/211/168
f 112/210/112 167/209/167 171/214/171
f 112/210/112 171/214/171 115/215/115
f 168/211/168 165/207/165 172/216/172
f 172/216/172 165/207/165 166/208/166
f 168/211/168 172/216/172 173/217/173
f 168/211/168 173/217/173 170/213/170
f 172/216/172 166/208/166 174/218/174
f 172/216/172 174/218/174 173/217/173
f 174/218/174 166/208/166 48/219/48
f 48/219/48 166/208/166 175/220/175
f 174/218/174 48/219/48 49/221/49
f 174/218/174 49/221/49 173/217/173
f 173/217/173 49/221/49 176/222/176
f 173/217/173 176/222/176 170/213/170
f 176/222/176 49/221/49 50/223/50
f 176/222/176 50/223/50 177/224/177
f 177/224/177 50/223/50 51/225/51
f 177/224/177 51/225/51 145/226/145
f 177/224/177 145/226/145 117/227/117
f 176/222/176 177/224/177 178/228/178
f 178/228/178 177/224/177 117/227/117
f 176/222/176 178/228/178 170/213/170
f 178/228/178 117/227/117 116/229/116
f 170/213/170 178/228/178 179/230/179
f 170/213/170 179/230/179 167/209/167
f 167/209/167 179/230/179 171/214/171
f 178/228/178 116/229/116 180/231/180
f 180/231/180 116/229/116 54/232/54
f 180/231/180 54/232/54 53/233/53
f 180/231/180 53/233/53 120/234/120
f 180/231/180 120/234/120 119/235/119
f 178/228/178 180/231/180 181/236/181
f 178/228/178 181/236/181 179/230/179
f 181/236/181 180/231/180 119/235/119
f 182/237/182 171/214/171 179/230/179
f 182/237/182 179/230/179 181/236/181
f 181/236/181 119/235/119 183/238/183
f 181/236/181 183/238/183 182/237/182
f 183/238/183 119/235/119 118/239/118
f 171/214/171 182/237/182 184/240/184
f 184/240/184 182/237/182 183/238/183
f 184/240/184 183/238/183 118/239/118
f 171/214/171 184/240/184 115/215/115
f 184/240/184 118/239/118 114/241/114
f 184/240/184 114/241/114 115/215/115
f 99/242/99 185/243/185 133/244/133
f 99/242/99 133/244/133 98/245/98
f 185/243/185 99/242/99 101/246/101
f 133/244/133 185/243/185 186/247/186
f 185/243/185 101/246/101 187/248/187
f 185/243/185 187/248/187 186/247/186
f 187/248/187 101/246/101 188/249/188
f 188/249/188 101/246/101 104/250/104
f 187/248/187 188/249/188 189/251/189
f 187/248/187 189/251/189 186/247/186
f 188/249/188 104/250/104 190/252/190
f 188/249/188 190/252/190 189/251/189
f 190/252/190 104/250/104 191/253/191
f 191/253/191 104/250/104 106/254/106
f 189/251/189 190/252/190 192/255/192
f 189/251/189 192/255/192 186/247/186
f 192/255/192 190/252/190 193/256/193
f 193/256/193 190/252/190 191/253/191
f 191/253/191 106/254/106 144/257/144
f 144/257/144 106/254/106 113/258/113
f 144/257/144 113/258/113 117/259/117
f 191/253/191 144/257/144 143/260/143
f 191/253/191 143/260/143 142/261/142
f 191/253/191 142/261/142 193/256/193
f 192/255/192 193/256/193 194/262/194
f 192/255/192 194/262/194 186/247/186
f 193/256/193 142/261/142 195/263/195
f 193/256/193 195/263/195 194/262/194
f 195/263/195 142/261/142 196/264/196
f 196/264/196 142/261/142 140/265/140
f 196/264/196 140/265/140 138/266/138
f 195/263/195 196/264/196 197/267/197
f 197/267/197 196/264/196 138/266/138
f 195/263/195 197/267/197 194/262/194
f 197/267/197 138/266/138 136/268/136
f 198/269/198 186/247/186 194/262/194
f 198/269/198 194/262/194 197/267/197
f 198/269/198 197/267/197 136/268/136
f 186/247/186 198/269/198 133/244/133
f 133/244/133 198/269/198 136/268/136
f 110/270/110 163/271/163 108/272/108
f 154/273/154 32/274/32 199/275/199
f 154/273/154 199/275/199 200/276/200
f 154/273/154 200/276/200 155/277/155
f 155/277/155 200/276/200 201/278/201
f 155/277/155 201/278/201 156/279/156
f 201/278/201 200/276/200 202/280/202
f 201/278/201 202/280/202 203/281/203
f 203/281/203 202/280/202 204/282/204
f 204/282/204 202/280/202 205/283/205
f 202/280/202 200/276/200 206/284/206
f 202/280/202 206/284/206 205/283/205
f 206/284/206 200/276/200 199/275/199
f 205/283/205 206/284/206 207/285/207
f 206/284/206 199/275/199 208/286/208
f 207/285/207 206/284/206 209/287/209
f 209/287/209 206/284/206 208/286/208
f 208/286/208 199/275/199 210/288/210
f 210/288/210 199/275/199 32/274/32
f 210/288/210 32/274/32 35/289/35
f 35/289/35 32/274/32 31/290/31
f 207/285/207 209/287/209 211/291/211
f 207/285/207 211/291/211 212/292/212
f 212/292/212 211/291/211 213/293/213
f 213/293/213 211/291/211 214/294/214
f 211/291/211 209/287/209 215/295/215
f 211/291/211 215/295/215 214/294/214
f 215/295/215 209/287/209 216/296/216
f 216/296/216 209/287/209 208/286/208
f 214/294/214 215/295/215 217/297/217
f 214/294/214 217/297/217 218/298/218
f 215/295/215 216/296/216 219/299/219
f 215/295/215 219/299/219 217/297/217
f 216/296/216 208/286/208 220/300/220
f 220/300/220 208/286/208 210/288/210
f 219/299/219 216/296/216 221/301/221
f 221/301/221 216/296/216 220/300/220
f 217/297/217 219/299/219 222/302/222
f 220/300/220 210/288/210 223/303/223
f 223/303/223 210/288/210 35/289/35
f 221/301/221 220/300/220 224/304/224
f 224/304/224 220/300/220 223/303/223
f 223/303/223 35/289/35 225/305/225
f 223/303/223 225/305/225 224/304/224
f 225/305/225 35/289/35 36/306/36
f 226/307/226 219/299/219 221/301/221
f 219/299/219 226/307/226 222/302/222
f 221/301/221 224/304/224 227/308/227
f 221/301/221 227/308/227 226/307/226
f 224/304/224 225/305/225 228/309/228
f 228/309/228 225/305/225 36/306/36
f 227/308/227 224/304/224 229/310/229
f 229/310/229 224/304/224 228/309/228
f 229/310/229 228/309/228 230/311/230
f 228/309/228 36/306/36 231/312/231
f 228/309/228 231/312/231 230/311/230
f 231/312/231 36/306/36 37/313/37
f 231/312/231 37/313/37 39/314/39
f 231/312/231 39/314/39 232/315/232
f 231/312/231 232/315/232 230/311/230
f 229/310/229 230/311/230 233/316/233
f 234/317/234 227/308/227 229/310/229
f 234/317/234 229/310/229 233/316/233
f 227/308/227 234/317/234 235/318/235
f 227/308/227 235/318/235 226/307/226
f 234/317/234 233/316/233 236/319/236
f 235/318/235 234/317/234 237/320/237
f 237/320/237 234/317/234 236/319/236
f 236/319/236 233/316/233 238/321/238
f 235/318/235 237/320/237 239/322/239
f 235/318/235 239/322/239 226/307/226
f 239/322/239 237/320/237 236/319/236
f 236/319/236 238/321/238 240/323/240
f 226/307/226 239/322/239 241/324/241
f 239/322/239 236/319/236 242/325/242
f 242/325/242 236/319/236 240/323/240
f 241/324/241 239/322/239 243/326/243
f 243/326/243 239/322/239 242/325/242
f 243/326/243 242/325/242 244/327/244
f 226/307/226 241/324/241 222/302/222
f 222/302/222 241/324/241 245/328/245
f 245/328/245 241/324/241 246/329/246
f 245/328/245 246/329/246 247/330/247
f 245/328/245 247/330/247 222/302/222
f 247/330/247 246/329/246 248/331/248
f 247/330/247 248/331/248 249/332/249
f 247/330/247 249/332/249 250/333/250
f 222/302/222 247/330/247 251/334/251
f 251/334/251 247/330/247 250/333/250
f 222/302/222 251/334/251 217/297/217
f 251/334/251 250/333/250 252/335/252
f 217/297/217 251/334/251 218/298/218
f 218/298/218 251/334/251 252/335/252
f 218/298/218 252/335/252 253/336/253
f 254/337/254 255/338/255 244/327/244
f 254/337/254 244/327/244 242/325/242
f 254/337/254 242/325/242 256/339/256
f 256/339/256 242/325/242 240/323/240
f 256/339/256 240/323/240 257/340/257
f 254/337/254 256/339/256 258/341/258
f 254/337/254 258/341/258 259/342/259
f 259/342/259 258/341/258 260/343/260
f 256/339/256 257/340/257 261/344/261
f 256/339/256 261/344/261 258/341/258
f 261/344/261 257/340/257 262/345/262
f 258/341/258 261/344/261 263/346/263
f 263/346/263 261/344/261 262/345/262
f 258/341/258 263/346/263 260/343/260
f 263/346/263 262/345/262 264/347/264
f 260/343/260 263/346/263 265/348/265
f 260/343/260 265/348/265 266/349/266
f 265/348/265 263/346/263 267/350/267
f 267/350/267 263/346/263 264/347/264
f 267/350/267 264/347/264 268/351/268
f 267/350/267 268/351/268 269/352/269
f 270/353/270 156/354/156 201/355/201
f 156/354/156 270/353/270 158/356/158
f 270/353/270 201/355/201 203/357/203
f 158/356/158 270/353/270 271/358/271
f 271/358/271 270/353/270 203/357/203
f 158/356/158 271/358/271 161/359/161
f 271/358/271 203/357/203 272/360/272
f 272/360/272 203/357/203 204/361/204
f 161/359/161 271/358/271 273/362/273
f 161/359/161 273/362/273 166/363/166
f 272/360/272 204/361/204 274/364/274
f 166/363/166 273/362/273 275/365/275
f 273/362/273 271/358/271 276/366/276
f 276/366/276 271/358/271 272/360/272
f 273/362/273 276/366/276 275/365/275
f 166/363/166 275/365/275 175/367/175
f 276/366/276 272/360/272 277/368/277
f 277/368/277 272/360/272 274/364/274
f 275/365/275 276/366/276 278/369/278
f 278/369/278 276/366/276 277/368/277
f 175/367/175 275/365/275 279/370/279
f 48/371/48 175/367/175 47/372/47
f 47/372/47 175/367/175 279/370/279
f 275/365/275 278/369/278 280/373/280
f 275/365/275 280/373/280 279/370/279
f 47/372/47 279/370/279 281/374/281
f 47/372/47 281/374/281 39/375/39
f 39/375/39 281/374/281 232/376/232
f 281/374/281 279/370/279 282/377/282
f 232/376/232 281/374/281 283/378/283
f 283/378/283 281/374/281 282/377/282
f 232/376/232 283/378/283 230/379/230
f 230/379/230 283/378/283 233/380/233
f 233/380/233 283/378/283 238/381/238
f 238/381/238 283/378/283 282/377/282
f 282/377/282 279/370/279 284/382/284
f 284/382/284 279/370/279 280/373/280
f 238/381/238 282/377/282 285/383/285
f 238/381/238 285/383/285 240/384/240
f 282/377/282 284/382/284 286/385/286
f 282/377/282 286/385/286 285/383/285
f 240/384/240 285/383/285 287/386/287
f 287/386/287 285/383/285 286/385/286
f 240/384/240 287/386/287 257/387/257
f 287/386/287 286/385/286 288/388/288
f 287/386/287 288/388/288 257/387/257
f 257/387/257 288/388/288 289/389/289
f 257/387/257 289/389/289 290/390/290
f 290/390/290 289/389/289 291/391/291
f 291/391/291 289/389/289 288/388/288
f 290/390/290 291/391/291 292/392/292
f 288/388/288 286/385/286 293/393/293
f 288/388/288 293/393/293 291/391/291
f 293/393/293 286/385/286 294/394/294
f 294/394/294 286/385/286 284/382/284
f 291/391/291 293/393/293 295/395/295
f 295/395/295 293/393/293 294/394/294
f 291/391/291 295/395/295 292/392/292
f 294/394/294 284/382/284 296/396/296
f 296/396/296 284/382/284 280/373/280
f 295/395/295 294/394/294 297/397/297
f 297/397/297 294/394/294 296/396/296
f 292/392/292 295/395/295 298/398/298
f 298/398/298 295/395/295 297/397/297
f 292/392/292 298/398/298 299/399/299
f 299/399/299 298/398/298 297/397/297
f 292/392/292 299/399/299 300/400/300
f 300/400/300 299/399/299 301/401/301
f 297/397/297 296/396/296 302/402/302
f 302/402/302 296/396/296 280/373/280
f 297/397/297 302/402/302 299/399/299
f 302/402/302 280/373/280 278/369/278
f 301/401/301 299/399/299 303/403/303
f 303/403/303 299/399/299 302/402/302
f 301/401/301 303/403/303 304/404/304
f 301/401/301 304/404/304 305/405/305
f 305/405/305 304/404/304 269/406/269
f 269/406/269 304/404/304 306/407/306
f 269/406/269 306/407/306 307/408/307
f 306/407/306 304/404/304 308/409/308
f 304/404/304 303/403/303 309/410/309
f 304/404/304 309/410/309 308/409/308
f 309/410/309 303/403/303 302/402/302
f 308/409/308 309/410/309 310/411/310
f 309/410/309 302/402/302 311/412/311
f 311/412/311 302/402/302 278/369/278
f 309/410/309 311/412/311 310/411/310
f 311/412/311 278/369/278 277/368/277
f 308/409/308 310/411/310 312/413/312
f 311/412/311 277/368/277 313/414/313
f 311/412/311 313/414/313 310/411/310
f 313/414/313 277/368/277 274/364/274
f 312/413/312 310/411/310 314/415/314
f 312/413/312 314/415/314 274/364/274
f 314/415/314 310/411/310 313/414/313
f 314/415/314 313/414/313 274/364/274
f 315/416/272 204/417/204 205/418/205
f 204/417/204 315/416/272 274/419/274
f 315/416/272 205/418/205 207/420/207
f 274/419/274 315/416/272 312/421/312
f 315/416/272 207/420/207 212/422/212
f 312/421/312 315/416/272 316/423/315
f 316/423/315 315/416/272 212/422/212
f 312/421/312 316/423/315 306/424/306
f 312/421/312 306/424/306 308/425/308
f 316/423/315 212/422/212 317/426/316
f 306/424/306 316/423/315 318/427/317
f 318/427/317 316/423/315 317/426/316
f 317/426/316 212/422/212 213/428/213
f 306/424/306 318/427/317 307/429/307
f 317/426/316 213/428/213 319/430/318
f 319/430/318 213/428/213 214/431/214
f 319/430/318 214/431/214 218/432/218
f 319/430/318 218/432/218 253/433/253
f 319/430/318 253/433/253 320/434/319
f 319/430/318 320/434/319 321/435/320
f 319/430/318 321/435/320 317/426/316
f 321/435/320 320/434/319 322/436/321
f 321/435/320 322/436/321 323/437/322
f 317/426/316 321/435/320 324/438/323
f 324/438/323 321/435/320 323/437/322
f 317/426/316 324/438/323 318/427/317
f 318/427/317 324/438/323 307/429/307
f 324/438/323 323/437/322 325/439/324
f 324/438/323 325/439/324 307/429/307
f 325/439/324 323/437/322 326/440/325
f 307/429/307 325/439/324 267/441/267
f 307/429/307 267/441/267 269/442/269
f 267/441/267 325/439/324 265/443/265
f 325/439/324 326/440/325 327/444/326
f 325/439/324 327/444/326 265/443/265
f 265/443/265 327/444/326 328/445/327
f 265/443/265 328/445/327 329/446/328
f 328/445/327 327/444/326 330/447/329
f 330/447/329 327/444/326 331/448/330
f 331/448/330 327/444/326 332/449/331
f 253/450/253 333/451/332 320/452/319
f 320/452/319 333/451/332 322/453/321
f 333/451/332 253/450/253 334/454/333
f 334/454/333 253/450/253 252/455/252
f 334/454/333 252/455/252 335/456/334
f 335/456/334 252/455/252 336/457/335
f 335/456/334 336/457/335 337/458/336
f 334/454/333 335/456/334 338/459/337
f 334/454/333 338/459/337 333/451/332
f 335/456/334 337/458/336 339/460/338
f 339/460/338 337/458/336 340/461/339
f 339/460/338 340/461/339 341/462/340
f 341/462/340 340/461/339 342/463/341
f 339/460/338 341/462/340 343/464/342
f 335/456/334 339/460/338 344/465/343
f 344/465/343 339/460/338 343/464/342
f 335/456/334 344/465/343 338/459/337
f 344/465/343 343/464/342 345/466/344
f 344/465/343 345/466/344 346/467/345
f 338/459/337 344/465/343 347/468/346
f 338/459/337 347/468/346 333/451/332
f 344/465/343 346/467/345 348/469/347
f 344/465/343 348/469/347 347/468/346
f 348/469/347 346/467/345 349/470/348
f 349/470/348 346/467/345 350/471/349
f 349/470/348 350/471/349 351/472/350
f 349/470/348 351/472/350 352/473/351
f 348/469/347 349/470/348 353/474/352
f 348/469/347 353/474/352 347/468/346
f 353/474/352 349/470/348 352/473/351
f 354/475/353 333/451/332 347/468/346
f 354/475/353 347/468/346 353/474/352
f 333/451/332 354/475/353 322/453/321
f 353/474/352 352/473/351 355/476/354
f 353/474/352 355/476/354 354/475/353
f 322/453/321 354/475/353 356/477/355
f 356/477/355 354/475/353 355/476/354
f 322/453/321 356/477/355 323/478/322
f 323/478/322 356/477/355 326/479/325
f 326/479/325 356/477/355 355/476/354
f 355/476/354 352/473/351 357/480/356
f 355/476/354 357/480/356 326/479/325
f 357/480/356 352/473/351 358/481/357
f 357/480/356 358/481/357 359/482/358
f 357/480/356 359/482/358 326/479/325
f 359/482/358 358/481/357 360/483/359
f 332/484/331 327/485/326 326/479/325
f 332/484/331 326/479/325 359/482/358
f 332/484/331 359/482/358 331/486/330
f 331/486/330 359/482/358 361/487/360
f 331/486/330 361/487/360 330/488/329
f 361/487/360 359/482/358 362/489/361
f 330/488/329 361/487/360 363/490/362
f 363/490/362 361/487/360 362/489/361
f 330/488/329 363/490/362 328/491/327
f 328/491/327 363/490/362 329/492/328
f 329/492/328 363/490/362 362/489/361
f 329/492/328 362/489/361 359/482/358
f 329/492/328 359/482/358 360/483/359
f 329/492/328 360/483/359 364/493/363
f 364/493/363 360/483/359 365/494/364
f 329/492/328 364/493/363 266/495/266
f 329/492/328 266/495/266 265/496/265
f 364/493/363 365/494/364 366/497/365
f 266/495/266 364/493/363 367/498/366
f 367/498/366 364/493/363 366/497/365
f 266/495/266 367/498/366 260/499/260
f 260/499/260 367/498/366 259/500/259
f 367/498/366 366/497/365 368/501/367
f 368/501/367 366/497/365 365/494/364
f 367/498/366 368/501/367 259/500/259
f 368/501/367 365/494/364 369/502/368
f 368/501/367 369/502/368 259/500/259
f 259/500/259 369/502/368 370/503/369
f 350/504/349 346/505/345 371/506/370
f 372/507/371 351/508/350 350/504/349
f 372/507/371 350/504/349 371/506/370
f 372/507/371 371/506/370 373/509/372
f 373/509/372 371/506/370 374/510/373
f 373/509/372 374/510/373 375/511/374
f 371/506/370 346/505/345 376/512/375
f 371/506/370 376/512/375 374/510/373
f 376/512/375 346/505/345 345/513/344
f 375/511/374 374/510/373 377/514/376
f 376/512/375 345/513/344 378/515/377
f 378/515/377 345/513/344 343/516/342
f 374/510/373 376/512/375 379/517/378
f 379/517/378 376/512/375 378/515/377
f 377/514/376 374/510/373 380/518/379
f 380/518/379 374/510/373 379/517/378
f 377/514/376 380/518/379 381/519/380
f 377/514/376 381/519/380 382/520/381
f 381/519/380 380/518/379 383/521/382
f 378/515/377 343/516/342 384/522/383
f 384/522/383 343/516/342 341/523/340
f 379/517/378 378/515/377 385/524/384
f 385/524/384 378/515/377 384/522/383
f 384/522/383 341/523/340 342/525/341
f 384/522/383 342/525/341 385/524/384
f 386/526/385 380/518/379 379/517/378
f 380/518/379 386/526/385 383/521/382
f 386/526/385 379/517/378 385/524/384
f 383/521/382 386/526/385 387/527/386
f 387/527/386 386/526/385 385/524/384
f 383/521/382 387/527/386 388/528/387
f 388/528/387 387/527/386 389/529/388
f 387/527/386 385/524/384 390/530/389
f 390/530/389 385/524/384 342/525/341
f 389/529/388 387/527/386 391/531/390
f 391/531/390 387/527/386 390/530/389
f 392/532/391 389/529/388 393/533/392
f 393/533/392 389/529/388 391/531/390
f 390/530/389 342/525/341 394/534/393
f 394/534/393 342/525/341 340/535/339
f 391/531/390 390/530/389 395/536/394
f 395/536/394 390/530/389 394/534/393
f 393/533/392 391/531/390 396/537/395
f 391/531/390 395/536/394 397/538/396
f 391/531/390 397/538/396 396/537/395
f 395/536/394 394/534/393 398/539/397
f 395/536/394 398/539/397 397/538/396
f 394/534/393 340/535/339 399/540/398
f 394/534/393 399/540/398 398/539/397
f 399/540/398 340/535/339 400/541/399
f 400/541/399 340/535/339 337/542/336
f 400/541/399 337/542/336 336/543/335
f 400/541/399 336/543/335 399/540/398
f 397/538/396 398/539/397 401/544/400
f 397/538/396 401/544/400 396/537/395
f 252/545/252 250/546/250 336/543/335
f 336/543/335 250/546/250 249/547/249
f 336/543/335 249/547/249 402/548/401
f 336/543/335 402/548/401 399/540/398
f 402/548/401 249/547/249 403/549/402
f 402/548/401 403/549/402 404/550/403
f 399/540/398 402/548/401 405/551/404
f 405/551/404 402/548/401 404/550/403
f 399/540/398 405/551/404 398/539/397
f 404/550/403 403/549/402 406/552/405
f 404/550/403 406/552/405 405/551/404
f 406/552/405 403/549/402 407/553/406
f 398/539/397 405/551/404 408/554/407
f 408/554/407 405/551/404 406/552/405
f 398/539/397 408/554/407 401/544/400
f 406/552/405 407/553/406 409/555/408
f 406/552/405 409/555/408 408/554/407
f 401/544/400 408/554/407 410/556/409
f 410/556/409 408/554/407 409/555/408
f 401/544/400 410/556/409 411/557/410
f 410/556/409 409/555/408 412/558/411
f 410/556/409 412/558/411 411/557/410
f 409/555/408 407/553/406 413/559/412
f 409/555/408 413/559/412 412/558/411
f 413/559/412 407/553/406 414/560/413
f 412/558/411 413/559/412 415/561/414
f 412/558/411 415/561/414 411/557/410
f 414/560/413 407/553/406 416/562/415
f 417/563/416 401/544/400 411/557/410
f 401/544/400 417/563/416 396/537/395
f 414/560/413 416/562/415 418/564/417
f 417/563/416 411/557/410 419/565/418
f 417/563/416 419/565/418 396/537/395
f 419/565/418 411/557/410 370/566/369
f 370/566/369 411/557/410 415/561/414
f 396/537/395 419/565/418 420/567/419
f 418/564/417 416/562/415 255/568/255
f 396/537/395 420/567/419 393/533/392
f 418/564/417 255/568/255 421/569/420
f 421/569/420 255/568/255 254/570/254
f 421/569/420 254/570/254 418/564/417
f 418/564/417 254/570/254 259/571/259
f 418/564/417 259/571/259 422/572/421
f 418/564/417 422/572/421 414/560/413
f 422/572/421 259/571/259 370/566/369
f 414/560/413 422/572/421 423/573/422
f 414/560/413 423/573/422 413/559/412
f 413/559/412 423/573/422 415/561/414
f 423/573/422 422/572/421 424/574/423
f 423/573/422 424/574/423 415/561/414
f 424/574/423 422/572/421 425/575/424
f 424/574/423 425/575/424 415/561/414
f 425/575/424 422/572/421 370/566/369
f 425/575/424 370/566/369 415/561/414
f 426/576/425 427/577/426 393/533/392
f 426/576/425 393/533/392 420/567/419
f 426/576/425 420/567/419 428/578/427
f 426/576/425 428/578/427 429/579/428
f 429/579/428 428/578/427 430/580/429
f 428/578/427 420/567/419 431/581/430
f 430/580/429 428/578/427 432/582/431
f 432/582/431 428/578/427 431/581/430
f 431/581/430 420/567/419 433/583/432
f 433/583/432 420/567/419 419/565/418
f 433/583/432 419/565/418 370/566/369
f 433/583/432 370/566/369 369/584/368
f 431/581/430 433/583/432 434/585/433
f 433/583/432 369/584/368 435/586/434
f 433/583/432 435/586/434 434/585/433
f 435/586/434 369/584/368 365/587/364
f 431/581/430 434/585/433 436/588/435
f 431/581/430 436/588/435 432/582/431
f 436/588/435 434/585/433 435/586/434
f 435/586/434 365/587/364 360/589/359
f 435/586/434 360/589/359 437/590/436
f 437/590/436 360/589/359 358/591/357
f 436/588/435 435/586/434 438/592/437
f 438/592/437 435/586/434 437/590/436
f 437/590/436 358/591/357 439/593/438
f 439/593/438 358/591/357 440/594/439
f 437/590/436 439/593/438 441/595/440
f 437/590/436 441/595/440 442/596/441
f 437/590/436 442/596/441 438/592/437
f 442/596/441 441/595/440 443/597/442
f 442/596/441 443/597/442 444/598/443
f 442/596/441 444/598/443 445/599/444
f 442/596/441 445/599/444 438/592/437
f 445/599/444 444/598/443 446/600/445
f 447/601/446 436/588/435 438/592/437
f 447/601/446 438/592/437 445/599/444
f 436/588/435 447/601/446 432/582/431
f 445/599/444 446/600/445 448/602/447
f 445/599/444 448/602/447 447/601/446
f 447/601/446 448/602/447 432/582/431
f 448/602/447 446/600/445 449/603/448
f 432/582/431 448/602/447 430/580/429
f 430/580/429 448/602/447 449/603/448
f 450/604/449 351/605/350 372/606/371
f 351/605/350 450/604/449 352/607/351
f 352/607/351 450/604/449 440/608/439
f 352/607/351 440/608/439 358/609/357
f 440/608/439 450/604/449 451/610/450
f 451/610/450 450/604/449 372/606/371
f 440/608/439 451/610/450 439/611/438
f 451/610/450 372/606/371 452/612/451
f 452/612/451 372/606/371 373/613/372
f 439/611/438 451/610/450 453/614/452
f 453/614/452 451/610/450 452/612/451
f 439/611/438 453/614/452 441/615/440
f 452/612/451 373/613/372 375/616/374
f 441/615/440 453/614/452 454/617/453
f 441/615/440 454/617/453 443/618/442
f 453/614/452 452/612/451 455/619/454
f 453/614/452 455/619/454 454/617/453
f 443/618/442 454/617/453 456/620/455
f 455/619/454 452/612/451 457/621/456
f 457/621/456 452/612/451 375/616/374
f 454/617/453 455/619/454 458/622/457
f 456/620/455 454/617/453 459/623/458
f 459/623/458 454/617/453 458/622/457
f 456/620/455 459/623/458 460/624/459
f 458/622/457 455/619/454 461/625/460
f 458/622/457 461/625/460 459/623/458
f 461/625/460 455/619/454 457/621/456
f 460/624/459 459/623/458 462/626/461
f 462/626/461 459/623/458 461/625/460
f 462/626/461 461/625/460 463/627/462
f 463/627/462 461/625/460 457/621/456
f 462/626/461 463/627/462 464/628/463
f 462/626/461 464/628/463 465/629/464
f 463/627/462 457/621/456 466/630/465
f 463/627/462 466/630/465 464/628/463
f 466/630/465 457/621/456 467/631/466
f 464/628/463 466/630/465 468/632/467
f 464/628/463 468/632/467 465/629/464
f 468/632/467 466/630/465 467/631/466
f 465/629/464 468/632/467 469/633/468
f 469/633/468 468/632/467 467/631/466
f 465/629/464 469/633/468 470/634/469
f 470/634/469 469/633/468 471/635/470
f 471/635/470 469/633/468 467/631/466
f 470/634/469 471/635/470 472/636/471
f 472/636/471 471/635/470 473/637/472
f 471/635/470 467/631/466 474/638/473
f 471/635/470 474/638/473 473/637/472
f 475/639/474 467/631/466 457/621/456
f 467/631/466 475/639/474 474/638/473
f 475/639/474 457/621/456 375/616/374
f 473/637/472 474/638/473 476/640/475
f 476/640/475 474/638/473 475/639/474
f 473/637/472 476/640/475 477/641/476
f 475/639/474 375/616/374 478/642/477
f 475/639/474 478/642/477 476/640/475
f 478/642/477 375/616/374 377/643/376
f 476/640/475 478/642/477 382/644/381
f 382/644/381 478/642/477 377/643/376
f 248/645/248 244/646/244 255/647/255
f 244/646/244 248/645/248 243/648/243
f 243/648/243 248/645/248 246/649/246
f 243/648/243 246/649/246 241/650/241
f 248/645/248 255/647/255 249/651/249
f 249/651/249 255/647/255 403/652/402
f 403/652/402 255/647/255 416/653/415
f 403/652/402 416/653/415 407/654/406
f 305/655/305 269/656/269 268/657/268
f 305/655/305 268/657/268 479/658/478
f 479/658/478 268/657/268 264/659/264
f 305/655/305 479/658/478 480/660/479
f 305/655/305 480/660/479 301/661/301
f 479/658/478 264/659/264 481/662/480
f 481/662/480 264/659/264 262/663/262
f 480/660/479 479/658/478 482/664/481
f 482/664/481 479/658/478 481/662/480
f 301/661/301 480/660/479 483/665/482
f 483/665/482 480/660/479 482/664/481
f 301/661/301 483/665/482 484/666/483
f 301/661/301 484/666/483 300/667/300
f 483/665/482 482/664/481 485/668/484
f 483/665/482 485/668/484 484/666/483
f 482/664/481 481/662/480 486/669/485
f 482/664/481 486/669/485 485/668/484
f 487/670/486 481/662/480 262/663/262
f 481/662/480 487/670/486 486/669/485
f 487/670/486 262/663/262 488/671/487
f 485/668/484 486/669/485 489/672/488
f 489/672/488 486/669/485 487/670/486
f 490/673/489 484/666/483 485/668/484
f 490/673/489 485/668/484 489/672/488
f 491/674/490 300/667/300 484/666/483
f 491/674/490 484/666/483 490/673/489
f 300/667/300 491/674/490 292/675/292
f 490/673/489 489/672/488 492/676/491
f 490/673/489 492/676/491 491/674/490
f 292/675/292 491/674/490 493/677/492
f 493/677/492 491/674/490 492/676/491
f 493/677/492 492/676/491 494/678/493
f 495/679/494 489/672/488 487/670/486
f 489/672/488 495/679/494 492/676/491
f 495/679/494 487/670/486 488/671/487
f 494/678/493 492/676/491 496/680/495
f 496/680/495 492/676/491 495/679/494
f 493/677/492 494/678/493 497/681/496
f 493/677/492 497/681/496 488/671/487
f 497/681/496 494/678/493 496/680/495
f 488/671/487 497/681/496 495/679/494
f 495/679/494 497/681/496 496/680/495
f 498/682/497 292/683/292 493/684/492
f 292/683/292 498/682/497 290/685/290
f 498/682/497 493/684/492 488/686/487
f 290/685/290 498/682/497 499/687/498
f 499/687/498 498/682/497 488/686/487
f 290/685/290 499/687/498 257/688/257
f 499/687/498 488/686/487 262/689/262
f 499/687/498 262/689/262 257/688/257
f 500/690/499 501/691/500 502/692/501
f 502/692/501 501/691/500 503/693/502
f 503/693/502 501/691/500 504/694/503
f 503/693/502 504/694/503 505/695/504
f 503/693/502 505/695/504 506/696/505
f 503/693/502 506/696/505 502/692/501
f 500/690/499 502/692/501 507/697/506
f 500/690/499 507/697/506 508/698/507
f 508/698/507 507/697/506 509/699/508
f 508/698/507 509/699/508 510/700/509
f 509/699/508 507/697/506 511/701/510
f 510/700/509 509/699/508 512/702/511
f 512/702/511 509/699/508 511/701/510
f 510/700/509 512/702/511 513/703/512
f 513/703/512 512/702/511 514/704/513
f 514/704/513 512/702/511 511/701/510
f 514/704/513 511/701/510 515/705/514
f 515/705/514 511/701/510 516/706/515
f 517/707/516 511/701/510 507/697/506
f 511/701/510 517/707/516 516/706/515
f 517/707/516 507/697/506 502/692/501
f 516/706/515 517/707/516 518/708/517
f 517/707/516 502/692/501 519/709/518
f 517/707/516 519/709/518 518/708/517
f 518/708/517 519/709/518 520/710/519
f 519/709/518 502/692/501 506/696/505
f 520/710/519 519/709/518 521/711/520
f 521/711/520 519/709/518 506/696/505
f 520/710/519 521/711/520 522/712/521
f 522/712/521 521/711/520 523/713/522
f 522/712/521 523/713/522 524/714/523
f 524/714/523 523/713/522 525/715/524
f 523/713/522 521/711/520 526/716/525
f 523/713/522 526/716/525 525/715/524
f 526/716/525 521/711/520 506/696/505
f 527/717/526 525/715/524 528/718/527
f 528/718/527 525/715/524 529/719/528
f 529/719/528 525/715/524 526/716/525
f 528/718/527 529/719/528 530/720/529
f 530/720/529 529/719/528 531/721/530
f 526/716/525 506/696/505 532/722/531
f 526/716/525 532/722/531 529/719/528
f 532/722/531 506/696/505 505/695/504
f 531/721/530 529/719/528 533/723/532
f 533/723/532 529/719/528 532/722/531
f 531/721/530 533/723/532 534/724/533
f 532/722/531 505/695/504 535/725/534
f 532/722/531 535/725/534 533/723/532
f 533/723/532 535/725/534 534/724/533
f 535/725/534 505/695/504 536/726/535
f 535/725/534 536/726/535 534/724/533
f 500/727/499 508/728/507 537/729/536
f 500/727/499 537/729/536 501/730/500
f 537/729/536 508/728/507 538/731/537
f 538/731/537 508/728/507 539/732/538
f 538/731/537 539/732/538 540/733/539
f 538/731/537 540/733/539 541/734/540
f 541/734/540 540/733/539 542/735/541
f 537/729/536 538/731/537 543/736/542
f 501/730/500 537/729/536 544/737/543
f 544/737/543 537/729/536 543/736/542
f 501/730/500 544/737/543 545/738/544
f 541/734/540 542/735/541 536/739/535
f 536/739/535 542/735/541 546/740/545
f 536/739/535 546/740/545 534/741/533
f 541/734/540 536/739/535 505/742/504
f 541/734/540 505/742/504 504/743/503
f 501/730/500 545/738/544 547/744/546
f 501/730/500 547/744/546 504/743/503
f 548/745/547 545/738/544 544/737/543
f 545/738/544 548/745/547 547/744/546
f 548/745/547 544/737/543 543/736/542
f 504/743/503 547/744/546 549/746/548
f 504/743/503 549/746/548 541/734/540
f 549/746/548 547/744/546 548/745/547
f 549/746/548 548/745/547 543/736/542
f 541/734/540 549/746/548 538/731/537
f 538/731/537 549/746/548 543/736/542
f 550/747/549 551/748/550 552/749/551
f 550/747/549 552/749/551 553/750/552
f 554/751/553 555/752/553 551/748/550
f 555/752/553 554/751/553 556/753/554
f 552/749/551 551/748/550 557/754/555
f 557/754/555 551/748/550 555/752/553
f 553/750/552 552/749/551 558/755/556
f 553/750/552 558/755/556 559/756/557
f 553/750/552 559/756/557 560/757/558
f 560/757/558 559/756/557 561/758/559
f 561/758/559 559/756/557 562/759/560
f 562/759/560 559/756/557 558/755/556
f 562/759/560 558/755/556 563/760/561
f 563/760/561 558/755/556 552/749/551
f 562/759/560 563/760/561 564/761/562
f 563/760/561 552/749/551 565/762/563
f 565/762/563 552/749/551 557/754/555
f 564/761/562 563/760/561 566/763/564
f 566/763/564 563/760/561 565/762/563
f 564/761/562 566/763/564 567/764/565
f 565/762/563 557/754/555 568/765/566
f 567/764/565 566/763/564 569/766/567
f 568/765/566 557/754/555 570/767/568
f 570/767/568 557/754/555 555/752/553
f 568/765/566 570/767/568 571/768/569
f 565/762/563 568/765/566 572/769/570
f 572/769/570 568/765/566 571/768/569
f 573/770/571 566/763/564 565/762/563
f 573/770/571 565/762/563 572/769/570
f 566/763/564 573/770/571 569/766/567
f 571/768/569 570/767/568 574/771/572
f 571/768/569 574/771/572 572/769/570
f 573/770/571 572/769/570 575/772/573
f 573/770/571 575/772/573 569/766/567
f 576/773/574 570/767/568 555/752/553
f 570/767/568 576/773/574 574/771/572
f 572/769/570 574/771/572 577/774/575
f 572/769/570 577/774/575 575/772/573
f 577/774/575 574/771/572 578/775/576
f 575/772/573 577/774/575 579/776/577
f 578/775/576 574/771/572 580/777/578
f 580/777/578 574/771/572 576/773/574
f 577/774/575 578/775/576 581/778/579
f 577/774/575 581/778/579 579/776/577
f 578/775/576 580/777/578 582/779/580
f 578/775/576 582/779/580 581/778/579
f 580/777/578 576/773/574 583/780/581
f 580/777/578 583/780/581 582/779/580
f 584/781/582 576/773/574 555/752/553
f 584/781/582 555/752/553 556/753/554
f 583/780/581 576/773/574 585/782/583
f 585/782/583 576/773/574 584/781/582
f 584/781/582 556/753/554 586/783/584
f 586/783/584 556/753/554 587/784/585
f 586/783/584 587/784/585 588/785/586
f 586/783/584 588/785/586 589/786/587
f 586/783/584 589/786/587 590/787/588
f 584/781/582 586/783/584 591/788/589
f 591/788/589 586/783/584 590/787/588
f 584/781/582 591/788/589 585/782/583
f 591/788/589 590/787/588 592/789/590
f 591/788/589 592/789/590 585/782/583
f 593/790/591 583/780/581 585/782/583
f 593/790/591 585/782/583 592/789/590
f 583/780/581 593/790/591 582/779/580
f 593/790/591 592/789/590 594/791/592
f 593/790/591 594/791/592 582/779/580
f 582/779/580 594/791/592 581/778/579
f 594/791/592 592/789/590 595/792/593
f 594/791/592 595/792/593 581/778/579
f 581/778/579 595/792/593 579/776/577
f 579/776/577 595/792/593 596/793/594
f 596/793/594 595/792/593 597/794/595
f 596/793/594 597/794/595 598/795/596
f 598/795/596 597/794/595 599/796/597
f 596/793/594 598/795/596 600/797/598
f 598/795/596 599/796/597 601/798/599
f 601/798/599 599/796/597 602/799/600
f 598/795/596 601/798/599 603/800/601
f 598/795/596 603/800/601 600/797/598
f 601/798/599 602/799/600 604/801/602
f 604/801/602 602/799/600 605/802/603
f 603/800/601 601/798/599 606/803/604
f 606/803/604 601/798/599 604/801/602
f 604/801/602 605/802/603 607/804/605
f 604/801/602 607/804/605 606/803/604
f 607/804/605 605/802/603 608/805/606
f 607/804/605 608/805/606 609/806/607
f 609/806/607 608/805/606 610/807/608
f 607/804/605 609/806/607 611/808/609
f 607/804/605 611/808/609 606/803/604
f 611/808/609 609/806/607 612/809/610
f 606/803/604 611/808/609 613/810/611
f 613/810/611 611/808/609 612/809/610
f 614/811/612 603/800/601 606/803/604
f 614/811/612 606/803/604 613/810/611
f 603/800/601 614/811/612 600/797/598
f 613/810/611 612/809/610 615/812/613
f 615/812/613 612/809/610 616/813/614
f 615/812/613 616/813/614 617/814/615
f 613/810/611 615/812/613 618/815/616
f 614/811/612 613/810/611 619/816/617
f 619/816/617 613/810/611 618/815/616
f 600/797/598 614/811/612 620/817/618
f 620/817/618 614/811/612 619/816/617
f 619/816/617 618/815/616 621/818/619
f 621/818/619 618/815/616 622/819/620
f 619/816/617 621/818/619 623/820/621
f 619/816/617 623/820/621 624/821/622
f 619/816/617 624/821/622 620/817/618
f 624/821/622 623/820/621 625/822/623
f 625/822/623 623/820/621 626/823/624
f 620/817/618 624/821/622 627/824/625
f 627/824/625 624/821/622 625/822/623
f 620/817/618 627/824/625 628/825/626
f 627/824/625 625/822/623 629/826/627
f 627/824/625 629/826/627 628/825/626
f 629/826/627 625/822/623 630/827/628
f 630/827/628 625/822/623 631/828/629
f 628/825/626 629/826/627 632/829/630
f 629/826/627 630/827/628 633/830/631
f 629/826/627 633/830/631 632/829/630
f 630/827/628 631/828/629 634/831/632
f 634/831/632 631/828/629 635/832/633
f 634/831/632 635/832/633 636/833/634
f 630/827/628 634/831/632 637/834/635
f 630/827/628 637/834/635 633/830/631
f 634/831/632 636/833/634 638/835/636
f 634/831/632 638/835/636 637/834/635
f 633/830/631 637/834/635 639/836/637
f 639/836/637 637/834/635 638/835/636
f 638/835/636 636/833/634 640/837/638
f 638/835/636 640/837/638 641/838/639
f 638/835/636 641/838/639 639/836/637
f 640/837/638 636/833/634 642/839/640
f 642/839/640 636/833/634 643/840/641
f 642/839/640 643/840/641 644/841/642
f 640/837/638 642/839/640 645/842/643
f 640/837/638 645/842/643 641/838/639
f 642/839/640 644/841/642 646/843/644
f 642/839/640 646/843/644 645/842/643
f 641/838/639 645/842/643 647/844/645
f 645/842/643 646/843/644 648/845/646
f 645/842/643 648/845/646 647/844/645
f 646/843/644 644/841/642 649/846/647
f 646/843/644 649/846/647 648/845/646
f 649/846/647 644/841/642 650/847/648
f 650/847/648 644/841/642 651/848/649
f 650/847/648 651/848/649 652/849/650
f 647/844/645 648/845/646 653/850/651
f 648/845/646 649/846/647 654/851/652
f 648/845/646 654/851/652 653/850/651
f 649/846/647 650/847/648 655/852/653
f 649/846/647 655/852/653 654/851/652
f 650/847/648 652/849/650 656/853/654
f 656/853/654 652/849/650 617/854/615
f 656/853/654 617/854/615 616/855/614
f 653/850/651 654/851/652 657/856/655
f 653/850/651 657/856/655 647/844/645
f 650/847/648 656/853/654 658/857/656
f 650/847/648 658/857/656 655/852/653
f 656/853/654 616/855/614 659/858/657
f 656/853/654 659/858/657 658/857/656
f 659/858/657 616/855/614 612/859/610
f 655/852/653 658/857/656 660/860/658
f 660/860/658 658/857/656 659/858/657
f 659/858/657 612/859/610 661/861/659
f 659/858/657 661/861/659 660/860/658
f 661/861/659 612/859/610 609/862/607
f 661/861/659 609/862/607 610/863/608
f 661/861/659 610/863/608 662/864/660
f 661/861/659 662/864/660 663/865/661
f 660/860/658 661/861/659 664/866/662
f 664/866/662 661/861/659 663/865/661
f 660/860/658 664/866/662 655/852/653
f 664/866/662 663/865/661 665/867/663
f 664/866/662 665/867/663 655/852/653
f 665/867/663 663/865/661 666/868/664
f 655/852/653 665/867/663 654/851/652
f 665/867/663 666/868/664 667/869/665
f 654/851/652 665/867/663 668/870/666
f 668/870/666 665/867/663 667/869/665
f 654/851/652 668/870/666 657/856/655
f 668/870/666 667/869/665 669/871/667
f 668/870/666 669/871/667 657/856/655
f 669/871/667 667/869/665 670/872/668
f 670/872/668 667/869/665 671/873/669
f 670/872/668 671/873/669 567/764/565
f 670/872/668 567/764/565 672/874/670
f 672/874/670 567/764/565 569/766/567
f 669/871/667 670/872/668 673/875/671
f 673/875/671 670/872/668 672/874/670
f 674/876/672 657/856/655 669/871/667
f 657/856/655 674/876/672 675/877/673
f 657/856/655 675/877/673 647/844/645
f 647/844/645 675/877/673 641/838/639
f 641/838/639 675/877/673 639/836/637
f 669/871/667 673/875/671 676/878/674
f 669/871/667 676/878/674 674/876/672
f 675/877/673 674/876/672 677/879/675
f 677/879/675 674/876/672 676/878/674
f 675/877/673 677/879/675 639/836/637
f 639/836/637 677/879/675 678/880/676
f 639/836/637 678/880/676 633/830/631
f 677/879/675 676/878/674 679/881/677
f 677/879/675 679/881/677 678/880/676
f 680/882/678 676/878/674 673/875/671
f 676/878/674 680/882/678 679/881/677
f 680/882/678 673/875/671 681/883/679
f 681/883/679 673/875/671 672/874/670
f 679/881/677 680/882/678 682/884/680
f 682/884/680 680/882/678 681/883/679
f 678/880/676 679/881/677 683/885/681
f 681/883/679 672/874/670 684/886/682
f 681/883/679 684/886/682 682/884/680
f 684/886/682 672/874/670 685/887/683
f 684/886/682 685/887/683 682/884/680
f 685/887/683 672/874/670 569/766/567
f 679/881/677 682/884/680 686/888/684
f 679/881/677 686/888/684 683/885/681
f 686/888/684 682/884/680 685/887/683
f 687/889/685 678/880/676 683/885/681
f 687/889/685 683/885/681 686/888/684
f 678/880/676 687/889/685 633/830/631
f 685/887/683 569/766/567 688/890/686
f 685/887/683 688/890/686 686/888/684
f 688/890/686 569/766/567 575/772/573
f 686/888/684 688/890/686 689/891/687
f 689/891/687 688/890/686 575/772/573
f 686/888/684 689/891/687 687/889/685
f 689/891/687 575/772/573 579/776/577
f 632/829/630 633/830/631 687/889/685
f 632/829/630 687/889/685 689/891/687
f 689/891/687 579/776/577 690/892/688
f 689/891/687 690/892/688 632/829/630
f 690/892/688 579/776/577 596/793/594
f 632/829/630 690/892/688 691/893/689
f 632/829/630 691/893/689 628/825/626
f 690/892/688 596/793/594 692/894/690
f 690/892/688 692/894/690 691/893/689
f 692/894/690 596/793/594 600/797/598
f 628/825/626 691/893/689 693/895/691
f 693/895/691 691/893/689 692/894/690
f 693/895/691 692/894/690 600/797/598
f 628/825/626 693/895/691 620/817/618
f 620/817/618 693/895/691 600/797/598
f 694/896/692 551/897/550 550/898/549
f 551/897/550 694/896/692 695/899/693
f 695/899/693 694/896/692 550/898/549
f 551/897/550 695/899/693 554/900/553
f 587/901/585 556/902/554 554/900/553
f 587/901/585 554/900/553 696/903/694
f 696/903/694 554/900/553 695/899/693
f 587/901/585 696/903/694 697/904/695
f 587/901/585 697/904/695 588/905/586
f 588/905/586 697/904/695 698/906/696
f 697/904/695 696/903/694 699/907/697
f 699/907/697 696/903/694 700/908/698
f 700/908/698 696/903/694 695/899/693
f 697/904/695 699/907/697 701/909/699
f 701/909/699 699/907/697 700/908/698
f 698/906/696 697/904/695 702/910/700
f 702/910/700 697/904/695 701/909/699
f 701/909/699 700/908/698 703/911/701
f 703/911/701 700/908/698 695/899/693
f 701/909/699 703/911/701 704/912/702
f 701/909/699 704/912/702 702/910/700
f 704/912/702 703/911/701 524/913/523
f 704/912/702 524/913/523 525/914/524
f 704/912/702 525/914/524 702/910/700
f 702/910/700 525/914/524 527/915/526
f 702/910/700 527/915/526 705/916/703
f 524/913/523 703/911/701 706/917/704
f 706/917/704 703/911/701 695/899/693
f 524/913/523 706/917/704 522/918/521
f 707/919/705 698/906/696 702/910/700
f 707/919/705 702/910/700 705/916/703
f 698/906/696 707/919/705 708/920/706
f 707/919/705 705/916/703 709/921/707
f 707/919/705 709/921/707 708/920/706
f 709/921/707 705/916/703 710/922/708
f 708/920/706 709/921/707 711/923/709
f 708/920/706 711/923/709 712/924/710
f 713/925/711 522/918/521 706/917/704
f 713/925/711 706/917/704 714/926/712
f 713/925/711 714/926/712 715/927/713
f 714/926/712 706/917/704 716/928/714
f 714/926/712 716/928/714 715/927/713
f 716/928/714 706/917/704 717/929/715
f 717/929/715 706/917/704 695/899/693
f 717/929/715 695/899/693 550/898/549
f 717/929/715 550/898/549 718/930/716
f 717/929/715 718/930/716 716/928/714
f 718/930/716 550/898/549 553/931/552
f 716/928/714 718/930/716 719/932/717
f 719/932/717 718/930/716 553/931/552
f 716/928/714 719/932/717 715/927/713
f 719/932/717 553/931/552 560/933/558
f 719/932/717 560/933/558 720/934/718
f 719/932/717 720/934/718 715/927/713
f 561/935/559 721/936/719 560/933/558
f 560/933/558 721/936/719 722/937/720
f 560/933/558 722/937/720 720/934/718
f 722/937/720 721/936/719 723/938/721
f 722/937/720 723/938/721 724/939/722
f 720/934/718 722/937/720 725/940/723
f 725/940/723 722/937/720 724/939/722
f 720/934/718 725/940/723 715/927/713
f 725/940/723 724/939/722 726/941/724
f 725/940/723 726/941/724 727/942/725
f 715/927/713 725/940/723 728/943/726
f 728/943/726 725/940/723 727/942/725
f 715/927/713 728/943/726 729/944/727
f 715/927/713 729/944/727 713/925/711
f 713/925/711 729/944/727 730/945/728
f 729/944/727 728/943/726 731/946/729
f 729/944/727 731/946/729 730/945/728
f 731/946/729 728/943/726 727/942/725
f 730/945/728 731/946/729 732/947/730
f 732/947/730 731/946/729 733/948/731
f 731/946/729 727/942/725 734/949/732
f 733/948/731 731/946/729 735/950/733
f 735/950/733 731/946/729 734/949/732
f 735/950/733 734/949/732 732/951/730
f 732/951/730 734/949/732 730/952/728
f 736/953/734 737/954/735 738/955/736
f 737/954/735 736/953/734 739/956/737
f 738/955/736 737/954/735 539/957/538
f 739/956/737 736/953/734 740/958/738
f 740/958/738 736/953/734 738/955/736
f 739/956/737 740/958/738 741/959/739
f 738/955/736 539/957/538 742/960/740
f 738/955/736 742/960/740 740/958/738
f 742/960/740 539/957/538 743/961/741
f 743/961/741 539/957/538 508/962/507
f 743/961/741 508/962/507 510/963/509
f 742/960/740 743/961/741 744/964/742
f 742/960/740 744/964/742 740/958/738
f 744/964/742 743/961/741 510/963/509
f 740/958/738 744/964/742 741/959/739
f 744/964/742 510/963/509 745/965/743
f 744/964/742 745/965/743 741/959/739
f 741/959/739 745/965/743 542/966/541
f 542/966/541 745/965/743 546/967/545
f 741/959/739 542/966/541 540/968/539
f 539/969/538 737/970/735 540/971/539
f 540/971/539 737/970/735 739/972/737
f 540/971/539 739/972/737 741/973/739
f 746/974/744 747/975/745 748/976/746
f 748/976/746 747/975/745 749/977/747
f 747/975/745 746/974/744 750/978/748
f 749/977/747 747/975/745 751/979/749
f 751/979/749 747/975/745 750/978/748
f 749/977/747 751/979/749 752/980/750
f 751/979/749 750/978/748 753/981/751
f 752/980/750 751/979/749 754/982/752
f 752/980/750 754/982/752 755/983/753
f 752/980/750 755/983/753 756/984/754
f 756/984/754 755/983/753 757/985/755
f 754/982/752 751/979/749 530/986/529
f 530/986/529 751/979/749 753/981/751
f 754/982/752 530/986/529 531/987/530
f 530/986/529 753/981/751 758/988/756
f 530/986/529 758/988/756 528/989/527
f 528/989/527 758/988/756 527/990/526
f 759/991/757 750/992/748 746/993/744
f 759/991/757 746/993/744 760/994/758
f 760/994/758 746/993/744 748/995/746
f 750/992/748 759/991/757 761/996/759
f 760/994/758 748/995/746 762/997/760
f 760/994/758 762/997/760 759/991/757
f 762/997/760 748/995/746 749/998/747
f 759/991/757 762/997/760 761/996/759
f 762/997/760 749/998/747 752/999/750
f 750/992/748 761/996/759 753/1000/751
f 762/997/760 752/999/750 763/1001/761
f 762/997/760 763/1001/761 761/996/759
f 763/1001/761 752/999/750 756/1002/754
f 763/1001/761 756/1002/754 757/1003/755
f 763/1001/761 757/1003/755 710/1004/708
f 710/1004/708 757/1003/755 764/1005/762
f 763/1001/761 710/1004/708 705/1006/703
f 763/1001/761 705/1006/703 765/1007/763
f 763/1001/761 765/1007/763 761/996/759
f 765/1007/763 705/1006/703 527/1008/526
f 761/996/759 765/1007/763 766/1009/764
f 766/1009/764 765/1007/763 527/1008/526
f 761/996/759 766/1009/764 753/1000/751
f 766/1009/764 527/1008/526 758/1010/756
f 766/1009/764 758/1010/756 753/1000/751
f 767/1011/765 768/1012/766 460/1013/459
f 460/1013/459 768/1012/766 456/1014/455
f 456/1014/455 768/1012/766 769/1015/767
f 767/1011/765 460/1013/459 462/1016/461
f 769/1015/767 768/1012/766 770/1017/768
f 770/1017/768 768/1012/766 767/1011/765
f 769/1015/767 770/1017/768 771/1018/769
f 770/1017/768 767/1011/765 772/1019/770
f 772/1019/770 767/1011/765 773/1020/771
f 773/1020/771 767/1011/765 462/1016/461
f 773/1020/771 462/1016/461 465/1021/464
f 773/1020/771 465/1021/464 774/1022/772
f 774/1022/772 465/1021/464 470/1023/469
f 773/1020/771 774/1022/772 775/1024/773
f 774/1022/772 470/1023/469 472/1025/471
f 775/1024/773 774/1022/772 776/1026/774
f 776/1026/774 774/1022/772 472/1025/471
f 775/1024/773 776/1026/774 777/1027/775
f 776/1026/774 472/1025/471 473/1028/472
f 776/1026/774 473/1028/472 778/1029/776
f 776/1026/774 778/1029/776 777/1027/775
f 778/1029/776 473/1028/472 477/1030/476
f 777/1027/775 778/1029/776 779/1031/777
f 777/1027/775 779/1031/777 780/1032/778
f 781/1033/779 443/1034/442 456/1035/455
f 781/1033/779 456/1035/455 769/1036/767
f 781/1033/779 769/1036/767 771/1037/769
f 443/1034/442 781/1033/779 444/1038/443
f 781/1033/779 771/1037/769 782/1039/780
f 444/1038/443 781/1033/779 783/1040/781
f 783/1040/781 781/1033/779 782/1039/780
f 444/1038/443 783/1040/781 446/1041/445
f 446/1041/445 783/1040/781 449/1042/448
f 783/1040/781 782/1039/780 784/1043/782
f 783/1040/781 784/1043/782 785/1044/783
f 783/1040/781 785/1044/783 786/1045/784
f 786/1045/784 785/1044/783 784/1043/782
f 783/1040/781 786/1045/784 449/1042/448
f 784/1043/782 782/1039/780 787/1046/785
f 784/1043/782 787/1046/785 786/1045/784
f 787/1046/785 782/1039/780 788/1047/786
f 787/1046/785 788/1047/786 789/1048/787
f 786/1045/784 787/1046/785 790/1049/788
f 449/1042/448 786/1045/784 791/1050/789
f 791/1050/789 786/1045/784 790/1049/788
f 790/1049/788 787/1046/785 792/1051/790
f 792/1051/790 787/1046/785 793/1052/791
f 792/1051/790 793/1052/791 794/1053/792
f 790/1049/788 792/1051/790 795/1054/793
f 790/1049/788 795/1054/793 791/1050/789
f 795/1054/793 792/1051/790 796/1055/794
f 795/1054/793 796/1055/794 797/1056/795
f 429/1057/428 449/1042/448 791/1050/789
f 449/1042/448 429/1057/428 430/1058/429
f 791/1050/789 795/1054/793 798/1059/796
f 791/1050/789 798/1059/796 429/1057/428
f 795/1054/793 797/1056/795 799/1060/797
f 795/1054/793 799/1060/797 798/1059/796
f 799/1060/797 797/1056/795 800/1061/798
f 429/1057/428 798/1059/796 427/1062/426
f 429/1057/428 427/1062/426 426/1063/425
f 798/1059/796 799/1060/797 801/1064/799
f 798/1059/796 801/1064/799 427/1062/426
f 799/1060/797 800/1061/798 802/1065/800
f 799/1060/797 802/1065/800 801/1064/799
f 427/1062/426 801/1064/799 392/1066/391
f 427/1062/426 392/1066/391 393/1067/392
f 801/1064/799 802/1065/800 803/1068/801
f 801/1064/799 803/1068/801 392/1066/391
f 802/1065/800 800/1061/798 804/1069/802
f 803/1068/801 802/1065/800 805/1070/803
f 805/1070/803 802/1065/800 804/1069/802
f 392/1066/391 803/1068/801 806/1071/804
f 806/1071/804 803/1068/801 805/1070/803
f 804/1069/802 800/1061/798 807/1072/805
f 807/1072/805 800/1061/798 808/1073/806
f 807/1072/805 808/1073/806 809/1074/807
f 807/1072/805 809/1074/807 810/1075/808
f 807/1072/805 810/1075/808 804/1069/802
f 810/1075/808 809/1074/807 811/1076/809
f 812/1077/810 805/1070/803 804/1069/802
f 805/1070/803 812/1077/810 806/1071/804
f 812/1077/810 804/1069/802 810/1075/808
f 810/1075/808 811/1076/809 813/1078/811
f 813/1078/811 811/1076/809 814/1079/812
f 813/1078/811 814/1079/812 815/1080/813
f 813/1078/811 815/1080/813 816/1081/814
f 816/1081/814 815/1080/813 817/1082/815
f 816/1081/814 817/1082/815 818/1083/816
f 813/1078/811 816/1081/814 819/1084/817
f 816/1081/814 818/1083/816 820/1085/818
f 816/1081/814 820/1085/818 819/1084/817
f 820/1085/818 818/1083/816 821/1086/819
f 820/1085/818 821/1086/819 822/1087/820
f 822/1087/820 821/1086/819 823/1088/821
f 820/1085/818 822/1087/820 824/1089/822
f 820/1085/818 824/1089/822 819/1084/817
f 822/1087/820 823/1088/821 825/1090/823
f 824/1089/822 822/1087/820 826/1091/824
f 826/1091/824 822/1087/820 825/1090/823
f 824/1089/822 826/1091/824 819/1084/817
f 825/1090/823 823/1088/821 827/1092/825
f 825/1090/823 827/1092/825 826/1091/824
f 827/1092/825 823/1088/821 828/1093/826
f 827/1092/825 828/1093/826 829/1094/827
f 829/1094/827 828/1093/826 830/1095/828
f 829/1094/827 830/1095/828 831/1096/829
f 831/1096/829 830/1095/828 832/1097/830
f 831/1096/829 832/1097/830 829/1094/827
f 832/1097/830 830/1095/828 780/1098/778
f 832/1097/830 780/1098/778 779/1099/777
f 829/1094/827 832/1097/830 833/1100/831
f 829/1094/827 833/1100/831 827/1092/825
f 833/1100/831 832/1097/830 779/1099/777
f 827/1092/825 833/1100/831 834/1101/832
f 827/1092/825 834/1101/832 826/1091/824
f 833/1100/831 779/1099/777 835/1102/833
f 833/1100/831 835/1102/833 834/1101/832
f 835/1102/833 779/1099/777 836/1103/834
f 835/1102/833 836/1103/834 834/1101/832
f 836/1103/834 779/1099/777 778/1104/776
f 836/1103/834 778/1104/776 477/1105/476
f 836/1103/834 477/1105/476 476/1106/475
f 836/1103/834 476/1106/475 382/1107/381
f 836/1103/834 382/1107/381 381/1108/380
f 834/1101/832 836/1103/834 837/1109/835
f 837/1109/835 836/1103/834 381/1108/380
f 834/1101/832 837/1109/835 826/1091/824
f 837/1109/835 381/1108/380 838/1110/836
f 838/1110/836 381/1108/380 383/1111/382
f 826/1091/824 837/1109/835 839/1112/837
f 838/1110/836 383/1111/382 388/1113/387
f 826/1091/824 839/1112/837 819/1084/817
f 837/1109/835 838/1110/836 840/1114/838
f 840/1114/838 838/1110/836 388/1113/387
f 837/1109/835 840/1114/838 839/1112/837
f 819/1084/817 839/1112/837 841/1115/839
f 819/1084/817 841/1115/839 813/1078/811
f 813/1078/811 841/1115/839 810/1075/808
f 810/1075/808 841/1115/839 842/1116/840
f 810/1075/808 842/1116/840 812/1077/810
f 841/1115/839 839/1112/837 843/1117/841
f 841/1115/839 843/1117/841 842/1116/840
f 842/1116/840 843/1117/841 844/1118/842
f 842/1116/840 844/1118/842 812/1077/810
f 843/1117/841 839/1112/837 845/1119/843
f 845/1119/843 839/1112/837 840/1114/838
f 844/1118/842 843/1117/841 846/1120/844
f 844/1118/842 846/1120/844 812/1077/810
f 846/1120/844 843/1117/841 845/1119/843
f 845/1119/843 840/1114/838 847/1121/845
f 845/1119/843 847/1121/845 846/1120/844
f 847/1121/845 840/1114/838 388/1113/387
f 812/1077/810 846/1120/844 848/1122/846
f 848/1122/846 846/1120/844 847/1121/845
f 812/1077/810 848/1122/846 806/1071/804
f 806/1071/804 848/1122/846 392/1066/391
f 848/1122/846 847/1121/845 849/1123/847
f 849/1123/847 847/1121/845 388/1113/387
f 848/1122/846 849/1123/847 392/1066/391
f 849/1123/847 388/1113/387 389/1124/388
f 849/1123/847 389/1124/388 392/1066/391
f 773/1125/771 850/1126/848 851/1127/849
f 850/1126/848 773/1125/771 775/1128/773
f 773/1125/771 851/1127/849 772/1129/770
f 772/1129/770 851/1127/849 852/1130/850
f 772/1129/770 852/1130/850 853/1131/851
f 772/1129/770 853/1131/851 770/1132/768
f 853/1131/851 852/1130/850 854/1133/852
f 854/1133/852 852/1130/850 855/1134/853
f 770/1132/768 853/1131/851 856/1135/854
f 856/1135/854 853/1131/851 854/1133/852
f 770/1132/768 856/1135/854 771/1136/769
f 771/1136/769 856/1135/854 782/1137/780
f 856/1135/854 854/1133/852 857/1138/855
f 857/1138/855 854/1133/852 858/1139/856
f 859/1140/857 860/1141/858 861/1142/859
f 861/1142/859 860/1141/858 862/1143/860
f 862/1143/860 860/1141/858 855/1144/853
f 862/1143/860 855/1144/853 852/1145/850
f 862/1143/860 852/1145/850 851/1146/849
f 862/1143/860 851/1146/849 850/1147/848
f 862/1143/860 850/1147/848 863/1148/861
f 862/1143/860 863/1148/861 861/1142/859
f 863/1148/861 850/1147/848 864/1149/862
f 864/1149/862 850/1147/848 775/1150/773
f 863/1148/861 864/1149/862 865/1151/863
f 864/1149/862 775/1150/773 866/1152/864
f 864/1149/862 866/1152/864 865/1151/863
f 866/1152/864 775/1150/773 777/1153/775
f 866/1152/864 777/1153/775 867/1154/865
f 866/1152/864 867/1154/865 865/1151/863
f 863/1148/861 865/1151/863 868/1155/866
f 863/1148/861 868/1155/866 861/1142/859
f 861/1142/859 868/1155/866 869/1156/867
f 861/1142/859 869/1156/867 870/1157/868
f 869/1156/867 868/1155/866 871/1158/869
f 869/1156/867 871/1158/869 870/1157/868
f 861/1142/859 870/1157/868 872/1159/870
f 861/1142/859 872/1159/870 859/1140/857
f 859/1140/857 872/1159/870 873/1160/871
f 872/1159/870 870/1157/868 874/1161/872
f 872/1159/870 874/1161/872 873/1160/871
f 859/1140/857 873/1160/871 875/1162/873
f 874/1161/872 870/1157/868 876/1163/874
f 876/1163/874 870/1157/868 871/1158/869
f 874/1161/872 876/1163/874 877/1164/875
f 873/1160/871 874/1161/872 878/1165/876
f 878/1165/876 874/1161/872 877/1164/875
f 875/1162/873 873/1160/871 879/1166/877
f 879/1166/877 873/1160/871 878/1165/876
f 875/1162/873 879/1166/877 880/1167/878
f 879/1166/877 878/1165/876 881/1168/879
f 879/1166/877 881/1168/879 880/1167/878
f 875/1162/873 880/1167/878 882/1169/880
f 875/1162/873 882/1169/880 883/1170/881
f 883/1170/881 882/1169/880 884/1171/882
f 884/1171/882 882/1169/880 885/1172/883
f 885/1172/883 882/1169/880 880/1167/878
f 884/1171/882 885/1172/883 886/1173/884
f 885/1172/883 880/1167/878 887/1174/885
f 885/1172/883 887/1174/885 886/1173/884
f 887/1174/885 880/1167/878 881/1168/879
f 886/1173/884 887/1174/885 888/1175/886
f 888/1175/886 887/1174/885 889/1176/887
f 889/1176/887 887/1174/885 881/1168/879
f 889/1176/887 881/1168/879 890/1177/888
f 890/1177/888 881/1168/879 891/1178/889
f 891/1178/889 881/1168/879 878/1165/876
f 890/1177/888 891/1178/889 892/1179/890
f 891/1178/889 878/1165/876 877/1164/875
f 891/1178/889 877/1164/875 892/1179/890
f 892/1179/890 877/1164/875 893/1180/891
f 893/1180/891 877/1164/875 894/1181/892
f 893/1180/891 894/1181/892 895/1182/893
f 894/1181/892 877/1164/875 876/1163/874
f 894/1181/892 876/1163/874 896/1183/894
f 896/1183/894 876/1163/874 871/1158/869
f 896/1183/894 871/1158/869 897/1184/895
f 897/1184/895 871/1158/869 898/1185/896
f 898/1185/896 871/1158/869 899/1186/897
f 898/1185/896 899/1186/897 900/1187/898
f 898/1185/896 900/1187/898 901/1188/899
f 901/1188/899 900/1187/898 902/1189/900
f 902/1189/900 900/1187/898 899/1186/897
f 902/1189/900 899/1186/897 903/1190/901
f 903/1190/901 899/1186/897 871/1158/869
f 902/1189/900 903/1190/901 904/1191/902
f 903/1190/901 871/1158/869 868/1155/866
f 903/1190/901 868/1155/866 905/1192/903
f 859/1193/857 906/1194/904 860/1195/858
f 906/1194/904 859/1193/857 875/1196/873
f 906/1194/904 875/1196/873 883/1197/881
f 780/1198/778 865/1199/863 777/1200/775
f 777/1200/775 865/1199/863 867/1201/865
f 865/1199/863 780/1198/778 907/1202/905
f 907/1202/905 780/1198/778 908/1203/906
f 908/1203/906 780/1198/778 830/1204/828
f 908/1203/906 830/1204/828 858/1205/856
f 908/1203/906 858/1205/856 909/1206/907
f 909/1206/907 858/1205/856 854/1207/852
f 909/1206/907 854/1207/852 855/1208/853
f 908/1203/906 909/1206/907 910/1209/908
f 908/1203/906 910/1209/908 907/1202/905
f 909/1206/907 855/1208/853 911/1210/909
f 909/1206/907 911/1210/909 910/1209/908
f 911/1210/909 855/1208/853 860/1211/858
f 911/1210/909 860/1211/858 906/1212/904
f 911/1210/909 906/1212/904 912/1213/910
f 912/1213/910 906/1212/904 883/1214/881
f 912/1213/910 883/1214/881 884/1215/882
f 912/1213/910 884/1215/882 886/1216/884
f 912/1213/910 886/1216/884 913/1217/911
f 912/1213/910 913/1217/911 911/1210/909
f 913/1217/911 886/1216/884 888/1218/886
f 911/1210/909 913/1217/911 914/1219/912
f 911/1210/909 914/1219/912 910/1209/908
f 913/1217/911 888/1218/886 915/1220/913
f 914/1219/912 913/1217/911 916/1221/914
f 916/1221/914 913/1217/911 917/1222/915
f 917/1222/915 913/1217/911 915/1220/913
f 914/1219/912 916/1221/914 918/1223/916
f 918/1223/916 916/1221/914 917/1222/915
f 914/1219/912 918/1223/916 919/1224/917
f 920/1225/918 910/1209/908 914/1219/912
f 920/1225/918 914/1219/912 919/1224/917
f 919/1224/917 918/1223/916 921/1226/919
f 921/1226/919 918/1223/916 917/1222/915
f 919/1224/917 921/1226/919 920/1225/918
f 921/1226/919 917/1222/915 922/1227/920
f 920/1225/918 921/1226/919 923/1228/921
f 923/1228/921 921/1226/919 922/1227/920
f 924/1229/922 910/1209/908 920/1225/918
f 922/1227/920 917/1222/915 925/1230/923
f 925/1230/923 917/1222/915 915/1220/913
f 922/1227/920 925/1230/923 926/1231/924
f 925/1230/923 915/1220/913 789/1232/787
f 926/1231/924 925/1230/923 927/1233/925
f 927/1233/925 925/1230/923 789/1232/787
f 926/1231/924 927/1233/925 928/1234/926
f 928/1234/926 927/1233/925 929/1235/927
f 927/1233/925 789/1232/787 788/1236/786
f 926/1231/924 928/1234/926 930/1237/928
f 926/1231/924 930/1237/928 922/1227/920
f 930/1237/928 928/1234/926 931/1238/929
f 922/1227/920 930/1237/928 932/1239/930
f 932/1239/930 930/1237/928 931/1238/929
f 932/1239/930 931/1238/929 828/1240/826
f 922/1227/920 932/1239/930 923/1228/921
f 932/1239/930 828/1240/826 933/1241/931
f 932/1239/930 933/1241/931 923/1228/921
f 933/1241/931 828/1240/826 823/1242/821
f 933/1241/931 823/1242/821 821/1243/819
f 923/1228/921 933/1241/931 934/1244/932
f 933/1241/931 821/1243/819 935/1245/933
f 935/1245/933 821/1243/819 818/1246/816
f 934/1244/932 933/1241/931 936/1247/934
f 936/1247/934 933/1241/931 935/1245/933
f 923/1228/921 934/1244/932 937/1248/935
f 937/1248/935 934/1244/932 936/1247/934
f 923/1228/921 937/1248/935 920/1225/918
f 935/1245/933 818/1246/816 938/1249/936
f 938/1249/936 818/1246/816 817/1250/815
f 935/1245/933 938/1249/936 939/1251/937
f 939/1251/937 938/1249/936 940/1252/938
f 920/1225/918 937/1248/935 924/1229/922
f 935/1245/933 939/1251/937 941/1253/939
f 935/1245/933 941/1253/939 936/1247/934
f 941/1253/939 939/1251/937 942/1254/940
f 943/1255/941 937/1248/935 936/1247/934
f 943/1255/941 936/1247/934 941/1253/939
f 937/1248/935 943/1255/941 924/1229/922
f 943/1255/941 941/1253/939 944/1256/942
f 943/1255/941 944/1256/942 924/1229/922
f 944/1256/942 941/1253/939 942/1254/940
f 944/1256/942 942/1254/940 924/1229/922
f 924/1229/922 942/1254/940 945/1257/943
f 924/1229/922 945/1257/943 946/1258/944
f 924/1229/922 946/1258/944 910/1209/908
f 910/1209/908 946/1258/944 907/1202/905
f 946/1258/944 945/1257/943 947/1259/945
f 907/1202/905 946/1258/944 948/1260/946
f 948/1260/946 946/1258/944 947/1259/945
f 948/1260/946 947/1259/945 945/1257/943
f 948/1260/946 945/1257/943 942/1254/940
f 907/1202/905 948/1260/946 865/1199/863
f 948/1260/946 942/1254/940 949/1261/947
f 948/1260/946 949/1261/947 865/1199/863
f 949/1261/947 942/1254/940 950/1262/948
f 865/1199/863 949/1261/947 868/1263/866
f 949/1261/947 950/1262/948 951/1264/949
f 868/1263/866 949/1261/947 905/1265/903
f 905/1265/903 949/1261/947 951/1264/949
f 858/1266/856 830/1267/828 828/1268/826
f 858/1266/856 828/1268/826 931/1269/929
f 858/1266/856 931/1269/929 952/1270/950
f 952/1270/950 931/1269/929 928/1271/926
f 858/1266/856 952/1270/950 857/1272/855
f 952/1270/950 928/1271/926 929/1273/927
f 952/1270/950 929/1273/927 857/1272/855
f 857/1272/855 929/1273/927 856/1274/854
f 856/1274/854 929/1273/927 788/1275/786
f 788/1275/786 929/1273/927 927/1276/925
f 856/1274/854 788/1275/786 782/1277/780
f 787/1278/785 789/1232/787 793/1279/791
f 793/1279/791 789/1232/787 953/1280/951
f 793/1279/791 953/1280/951 794/1281/792
f 794/1281/792 953/1280/951 954/1282/952
f 953/1280/951 789/1232/787 955/1283/953
f 955/1283/953 789/1232/787 915/1220/913
f 954/1282/952 953/1280/951 956/1284/954
f 956/1284/954 953/1280/951 955/1283/953
f 954/1282/952 956/1284/954 957/1285/955
f 955/1283/953 915/1220/913 958/1286/956
f 958/1286/956 915/1220/913 888/1218/886
f 956/1284/954 955/1283/953 959/1287/957
f 959/1287/957 955/1283/953 958/1286/956
f 958/1286/956 888/1218/886 960/1288/958
f 958/1286/956 960/1288/958 959/1287/957
f 960/1288/958 888/1218/886 889/1289/887
f 960/1288/958 889/1289/887 890/1290/888
f 961/1291/959 957/1285/955 956/1284/954
f 961/1291/959 956/1284/954 959/1287/957
f 962/1292/960 954/1282/952 957/1285/955
f 962/1292/960 957/1285/955 961/1291/959
f 954/1282/952 962/1292/960 963/1293/961
f 960/1288/958 890/1290/888 964/1294/962
f 964/1294/962 890/1290/888 965/1295/963
f 965/1295/963 890/1290/888 892/1296/890
f 965/1295/963 892/1296/890 966/1297/964
f 966/1297/964 892/1296/890 893/1298/891
f 960/1288/958 964/1294/962 967/1299/965
f 960/1288/958 967/1299/965 968/1300/966
f 960/1288/958 968/1300/966 959/1287/957
f 968/1300/966 967/1299/965 969/1301/967
f 959/1287/957 968/1300/966 970/1302/968
f 970/1302/968 968/1300/966 969/1301/967
f 959/1287/957 970/1302/968 961/1291/959
f 961/1291/959 970/1302/968 971/1303/969
f 961/1291/959 971/1303/969 962/1292/960
f 971/1303/969 970/1302/968 969/1301/967
f 969/1301/967 967/1299/965 972/1304/970
f 962/1292/960 971/1303/969 973/1305/971
f 962/1292/960 973/1305/971 963/1293/961
f 963/1293/961 973/1305/971 974/1306/972
f 973/1305/971 971/1303/969 975/1307/973
f 973/1305/971 975/1307/973 974/1306/972
f 963/1293/961 974/1306/972 976/1308/974
f 976/1308/974 974/1306/972 977/1309/975
f 976/1308/974 977/1309/975 978/1310/976
f 977/1309/975 974/1306/972 979/1311/977
f 980/1312/978 971/1303/969 969/1301/967
f 971/1303/969 980/1312/978 975/1307/973
f 974/1306/972 975/1307/973 981/1313/979
f 974/1306/972 981/1313/979 979/1311/977
f 979/1311/977 981/1313/979 982/1314/980
f 979/1311/977 982/1314/980 983/1315/981
f 983/1315/981 982/1314/980 984/1316/982
f 982/1314/980 981/1313/979 985/1317/983
f 982/1314/980 985/1317/983 984/1316/982
f 985/1317/983 981/1313/979 975/1307/973
f 984/1316/982 985/1317/983 986/1318/984
f 984/1316/982 986/1318/984 987/1319/985
f 987/1319/985 986/1318/984 988/1320/986
f 986/1318/984 985/1317/983 989/1321/987
f 989/1321/987 985/1317/983 975/1307/973
f 986/1318/984 989/1321/987 988/1320/986
f 989/1321/987 975/1307/973 980/1312/978
f 988/1320/986 989/1321/987 990/1322/988
f 990/1322/988 989/1321/987 980/1312/978
f 988/1320/986 990/1322/988 991/1323/989
f 991/1323/989 990/1322/988 980/1312/978
f 991/1323/989 980/1312/978 992/1324/990
f 992/1324/990 980/1312/978 993/1325/991
f 992/1324/990 993/1325/991 994/1326/992
f 993/1325/991 980/1312/978 995/1327/993
f 993/1325/991 995/1327/993 994/1326/992
f 995/1327/993 980/1312/978 969/1301/967
f 995/1327/993 969/1301/967 972/1304/970
f 995/1327/993 972/1304/970 994/1326/992
f 994/1326/992 972/1304/970 996/1328/994
f 994/1326/992 996/1328/994 997/1329/995
f 998/1330/996 999/1331/997 1000/1332/998
f 998/1330/996 1000/1332/998 1001/1333/999
f 1001/1333/999 1000/1332/998 1002/1334/1000
f 1001/1333/999 1002/1334/1000 1003/1335/1001
f 1002/1334/1000 1000/1332/998 1004/1336/1002
f 1002/1334/1000 1004/1336/1002 1003/1335/1001
f 1004/1336/1002 1000/1332/998 1005/1337/1003
f 1005/1337/1003 1000/1332/998 1006/1338/1004
f 1003/1335/1001 1004/1336/1002 1007/1339/1005
f 1003/1335/1001 1007/1339/1005 1008/1340/1006
f 1007/1339/1005 1004/1336/1002 1009/1341/1007
f 1009/1341/1007 1004/1336/1002 1005/1337/1003
f 1005/1337/1003 1006/1338/1004 1010/1342/1008
f 1010/1342/1008 1006/1338/1004 1011/1343/1009
f 1005/1337/1003 1010/1342/1008 1012/1344/1010
f 1012/1344/1010 1010/1342/1008 1013/1345/1011
f 1009/1341/1007 1005/1337/1003 1014/1346/1012
f 1014/1346/1012 1005/1337/1003 1012/1344/1010
f 1007/1339/1005 1009/1341/1007 1015/1347/1013
f 1015/1347/1013 1009/1341/1007 1014/1346/1012
f 1007/1339/1005 1015/1347/1013 1016/1348/1014
f 1012/1344/1010 1013/1345/1011 1017/1349/1015
f 1012/1344/1010 1017/1349/1015 1014/1346/1012
f 1017/1349/1015 1013/1345/1011 1018/1350/1016
f 1018/1350/1016 1013/1345/1011 1019/1351/1017
f 1017/1349/1015 1018/1350/1016 1020/1352/1018
f 1017/1349/1015 1020/1352/1018 1014/1346/1012
f 1020/1352/1018 1018/1350/1016 1021/1353/1019
f 1014/1346/1012 1020/1352/1018 1022/1354/1020
f 1014/1346/1012 1022/1354/1020 1015/1347/1013
f 1022/1354/1020 1020/1352/1018 1023/1355/1021
f 1024/1356/1022 1016/1348/1014 1015/1347/1013
f 1016/1348/1014 1024/1356/1022 1025/1357/1023
f 1015/1347/1013 1022/1354/1020 1026/1358/1024
f 1015/1347/1013 1026/1358/1024 1024/1356/1022
f 1027/1359/1025 1022/1354/1020 1028/1360/1026
f 1022/1354/1020 1027/1359/1025 1026/1358/1024
f 1026/1358/1024 1027/1359/1025 1029/1361/1027
f 1026/1358/1024 1029/1361/1027 1030/1362/1028
f 1025/1357/1023 1024/1356/1022 1031/1363/1029
f 1031/1363/1029 1024/1356/1022 1026/1358/1024
f 1025/1357/1023 1031/1363/1029 1032/1364/1030
f 1025/1357/1023 1032/1364/1030 1033/1365/1031
f 1033/1365/1031 1032/1364/1030 1034/1366/1032
f 1034/1366/1032 1032/1364/1030 1031/1363/1029
f 1026/1358/1024 1030/1362/1028 1035/1367/1033
f 1026/1358/1024 1035/1367/1033 1031/1363/1029
f 1031/1363/1029 1035/1367/1033 1034/1366/1032
f 1035/1367/1033 1030/1362/1028 1036/1368/1034
f 1035/1367/1033 1036/1368/1034 1037/1369/1035
f 1035/1367/1033 1037/1369/1035 1034/1366/1032
f 1034/1366/1032 1037/1369/1035 1038/1370/1036
f 998/1371/996 1039/1372/1037 999/1373/997
f 1039/1372/1037 998/1371/996 1040/1374/1038
f 1040/1374/1038 998/1371/996 1001/1375/999
f 1040/1374/1038 1001/1375/999 1041/1376/1039
f 1041/1376/1039 1001/1375/999 1003/1377/1001
f 1041/1376/1039 1003/1377/1001 1008/1378/1006
f 1040/1374/1038 1041/1376/1039 1042/1379/1040
f 1039/1372/1037 1040/1374/1038 1043/1380/1041
f 1043/1380/1041 1040/1374/1038 1042/1379/1040
f 1042/1379/1040 1041/1376/1039 1044/1381/1042
f 1041/1376/1039 1008/1378/1006 1045/1382/1043
f 1041/1376/1039 1045/1382/1043 1044/1381/1042
f 1045/1382/1043 1008/1378/1006 1046/1383/1044
f 1046/1383/1044 1008/1378/1006 1007/1384/1005
f 1046/1383/1044 1007/1384/1005 1016/1385/1014
f 1046/1383/1044 1016/1385/1014 1047/1386/1045
f 1047/1386/1045 1016/1385/1014 1025/1387/1023
f 1045/1382/1043 1046/1383/1044 1048/1388/1046
f 1048/1388/1046 1046/1383/1044 1047/1386/1045
f 1047/1386/1045 1025/1387/1023 1049/1389/1047
f 1047/1386/1045 1049/1389/1047 1048/1388/1046
f 1049/1389/1047 1025/1387/1023 1050/1390/1048
f 1049/1389/1047 1050/1390/1048 1048/1388/1046
f 1050/1390/1048 1025/1387/1023 1033/1391/1031
f 1050/1390/1048 1033/1391/1031 1034/1392/1032
f 1045/1382/1043 1048/1388/1046 1051/1393/1049
f 1051/1393/1049 1048/1388/1046 1050/1390/1048
f 1045/1382/1043 1051/1393/1049 1044/1381/1042
f 1050/1390/1048 1034/1392/1032 1038/1394/1036
f 1051/1393/1049 1050/1390/1048 1052/1395/1050
f 1052/1395/1050 1050/1390/1048 1038/1394/1036
f 1044/1381/1042 1051/1393/1049 1053/1396/1051
f 1053/1396/1051 1051/1393/1049 1052/1395/1050
f 1044/1381/1042 1053/1396/1051 1054/1397/1052
f 1052/1395/1050 1038/1394/1036 1055/1398/1053
f 1053/1396/1051 1052/1395/1050 1056/1399/1054
f 1055/1398/1053 1038/1394/1036 1057/1400/1055
f 1057/1400/1055 1038/1394/1036 1037/1401/1035
f 1052/1395/1050 1055/1398/1053 1058/1402/1056
f 1052/1395/1050 1058/1402/1056 1056/1399/1054
f 1057/1400/1055 1037/1401/1035 1059/1403/1057
f 1055/1398/1053 1057/1400/1055 1060/1404/1058
f 1060/1404/1058 1057/1400/1055 1059/1403/1057
f 1058/1402/1056 1055/1398/1053 1061/1405/1059
f 1061/1405/1059 1055/1398/1053 1060/1404/1058
f 1056/1399/1054 1058/1402/1056 1062/1406/1060
f 1062/1406/1060 1058/1402/1056 1061/1405/1059
f 1063/1407/1061 1053/1396/1051 1056/1399/1054
f 1053/1396/1051 1063/1407/1061 1054/1397/1052
f 1056/1399/1054 1062/1406/1060 1064/1408/1062
f 1056/1399/1054 1064/1408/1062 1063/1407/1061
f 1062/1406/1060 1061/1405/1059 1065/1409/1063
f 1062/1406/1060 1065/1409/1063 1064/1408/1062
f 1065/1409/1063 1061/1405/1059 1066/1410/1064
f 1064/1408/1062 1065/1409/1063 1067/1411/1065
f 1066/1410/1064 1061/1405/1059 1068/1412/1066
f 1064/1408/1062 1067/1411/1065 1069/1413/1067
f 1068/1412/1066 1061/1405/1059 1070/1414/1068
f 1068/1412/1066 1070/1414/1068 1071/1415/1069
f 1070/1414/1068 1061/1405/1059 1060/1404/1058
f 1071/1415/1069 1070/1414/1068 1072/1416/1070
f 1072/1416/1070 1070/1414/1068 1073/1417/1071
f 1073/1417/1071 1070/1414/1068 1060/1404/1058
f 1072/1416/1070 1073/1417/1071 1074/1418/1072
f 1074/1418/1072 1073/1417/1071 1075/1419/1073
f 1075/1419/1073 1073/1417/1071 1076/1420/1074
f 1075/1419/1073 1076/1420/1074 1077/1421/1075
f 1073/1417/1071 1060/1404/1058 1078/1422/1076
f 1073/1417/1071 1078/1422/1076 1076/1420/1074
f 1078/1422/1076 1060/1404/1058 1079/1423/1077
f 1079/1423/1077 1060/1404/1058 1059/1403/1057
f 1076/1420/1074 1078/1422/1076 1080/1424/1078
f 1078/1422/1076 1079/1423/1077 1081/1425/1079
f 1078/1422/1076 1081/1425/1079 1080/1424/1078
f 1081/1425/1079 1079/1423/1077 1059/1403/1057
f 1076/1420/1074 1080/1424/1078 1082/1426/1080
f 1082/1426/1080 1080/1424/1078 1081/1425/1079
f 1082/1426/1080 1081/1425/1079 1059/1403/1057
f 1076/1420/1074 1082/1426/1080 1077/1421/1075
f 1082/1426/1080 1059/1403/1057 1083/1427/1081
f 1077/1421/1075 1082/1426/1080 1084/1428/1082
f 1077/1421/1075 1084/1428/1082 1085/1429/1083
f 1086/1430/1084 1087/1431/1085 1088/1432/1086
f 1087/1431/1085 1086/1430/1084 999/1433/997
f 1087/1431/1085 999/1433/997 1089/1434/1087
f 1089/1434/1087 999/1433/997 1039/1435/1037
f 999/1433/997 1086/1430/1084 1000/1436/998
f 1087/1431/1085 1089/1434/1087 1090/1437/1088
f 1087/1431/1085 1090/1437/1088 1088/1432/1086
f 1090/1437/1088 1089/1434/1087 1091/1438/1089
f 1090/1437/1088 1091/1438/1089 1092/1439/1090
f 1092/1439/1090 1091/1438/1089 1093/1440/1091
f 1000/1436/998 1086/1430/1084 1094/1441/1092
f 1000/1436/998 1094/1441/1092 1006/1442/1004
f 1006/1442/1004 1094/1441/1092 1011/1443/1009
f 1094/1441/1092 1086/1430/1084 1095/1444/1093
f 1095/1444/1093 1086/1430/1084 1088/1432/1086
f 1011/1443/1009 1094/1441/1092 1096/1445/1094
f 1096/1445/1094 1094/1441/1092 1095/1444/1093
f 1011/1443/1009 1096/1445/1094 1097/1446/1095
f 1097/1446/1095 1096/1445/1094 1098/1447/1096
f 1097/1446/1095 1098/1447/1096 1099/1448/1097
f 1096/1445/1094 1095/1444/1093 1100/1449/1098
f 1096/1445/1094 1100/1449/1098 1098/1447/1096
f 1099/1448/1097 1098/1447/1096 1101/1450/1099
f 1099/1448/1097 1101/1450/1099 1102/1451/1100
f 1102/1451/1100 1101/1450/1099 1103/1452/1101
f 1103/1452/1101 1101/1450/1099 1104/1453/1102
f 1104/1453/1102 1101/1450/1099 1098/1447/1096
f 1103/1452/1101 1104/1453/1102 1105/1454/1103
f 1105/1454/1103 1104/1453/1102 1106/1455/1104
f 1105/1454/1103 1106/1455/1104 1107/1456/1105
f 1105/1454/1103 1107/1456/1105 1108/1457/1106
f 1106/1455/1104 1104/1453/1102 1109/1458/1107
f 1109/1458/1107 1104/1453/1102 1098/1447/1096
f 1106/1455/1104 1109/1458/1107 1107/1456/1105
f 1109/1458/1107 1098/1447/1096 1100/1449/1098
f 1107/1456/1105 1109/1458/1107 1110/1459/1108
f 1110/1459/1108 1109/1458/1107 1111/1460/1109
f 1109/1458/1107 1100/1449/1098 1112/1461/1110
f 1109/1458/1107 1112/1461/1110 1111/1460/1109
f 1112/1461/1110 1100/1449/1098 1113/1462/1111
f 1113/1462/1111 1100/1449/1098 1095/1444/1093
f 1111/1460/1109 1112/1461/1110 1114/1463/1112
f 1114/1463/1112 1112/1461/1110 1113/1462/1111
f 1111/1460/1109 1114/1463/1112 1115/1464/1113
f 1115/1464/1113 1114/1463/1112 1116/1465/1114
f 1113/1462/1111 1095/1444/1093 1117/1466/1115
f 1113/1462/1111 1117/1466/1115 1114/1463/1112
f 1116/1465/1114 1114/1463/1112 1118/1467/1116
f 1117/1466/1115 1095/1444/1093 1088/1432/1086
f 1118/1467/1116 1114/1463/1112 1119/1468/1117
f 1119/1468/1117 1114/1463/1112 1120/1469/1118
f 1120/1469/1118 1114/1463/1112 1117/1466/1115
f 1118/1467/1116 1119/1468/1117 1121/1470/1119
f 1122/1471/1120 1118/1467/1116 1123/1472/1121
f 1123/1472/1121 1118/1467/1116 1121/1470/1119
f 1119/1468/1117 1120/1469/1118 1124/1473/1122
f 1119/1468/1117 1124/1473/1122 1121/1470/1119
f 1120/1469/1118 1117/1466/1115 1125/1474/1123
f 1120/1469/1118 1125/1474/1123 1124/1473/1122
f 1125/1474/1123 1117/1466/1115 1126/1475/1124
f 1126/1475/1124 1117/1466/1115 1088/1432/1086
f 1124/1473/1122 1125/1474/1123 1127/1476/1125
f 1127/1476/1125 1125/1474/1123 1126/1475/1124
f 1124/1473/1122 1127/1476/1125 1128/1477/1126
f 1128/1477/1126 1127/1476/1125 1126/1475/1124
f 1124/1473/1122 1128/1477/1126 1129/1478/1127
f 1124/1473/1122 1129/1478/1127 1121/1470/1119
f 1128/1477/1126 1126/1475/1124 1130/1479/1128
f 1130/1479/1128 1126/1475/1124 1088/1432/1086
f 1128/1477/1126 1130/1479/1128 1131/1480/1129
f 1128/1477/1126 1131/1480/1129 1129/1478/1127
f 1130/1479/1128 1088/1432/1086 1132/1481/1130
f 1132/1481/1130 1088/1432/1086 1090/1437/1088
f 1132/1481/1130 1090/1437/1088 1092/1439/1090
f 1130/1479/1128 1132/1481/1130 1133/1482/1131
f 1130/1479/1128 1133/1482/1131 1131/1480/1129
f 1133/1482/1131 1132/1481/1130 1092/1439/1090
f 1131/1480/1129 1133/1482/1131 1134/1483/1132
f 1134/1483/1132 1133/1482/1131 1092/1439/1090
f 1131/1480/1129 1134/1483/1132 1135/1484/1133
f 1131/1480/1129 1135/1484/1133 1129/1478/1127
f 1134/1483/1132 1092/1439/1090 1136/1485/1134
f 1136/1485/1134 1092/1439/1090 1093/1440/1091
f 1134/1483/1132 1136/1485/1134 1137/1486/1135
f 1134/1483/1132 1137/1486/1135 1135/1484/1133
f 1137/1486/1135 1136/1485/1134 1138/1487/1136
f 1137/1486/1135 1138/1487/1136 1135/1484/1133
f 1138/1487/1136 1136/1485/1134 1139/1488/1137
f 1138/1487/1136 1139/1488/1137 1140/1489/1138
f 1138/1487/1136 1140/1489/1138 1141/1490/1139
f 1138/1487/1136 1141/1490/1139 1135/1484/1133
f 1141/1490/1139 1140/1489/1138 1142/1491/1140
f 1141/1490/1139 1142/1491/1140 1143/1492/1141
f 1135/1484/1133 1141/1490/1139 1144/1493/1142
f 1144/1493/1142 1141/1490/1139 1143/1492/1141
f 1135/1484/1133 1144/1493/1142 1145/1494/1143
f 1135/1484/1133 1145/1494/1143 1129/1478/1127
f 1144/1493/1142 1143/1492/1141 1146/1495/1144
f 1144/1493/1142 1146/1495/1144 1145/1494/1143
f 1146/1495/1144 1143/1492/1141 1147/1496/1145
f 1145/1494/1143 1146/1495/1144 1148/1497/1146
f 1129/1478/1127 1145/1494/1143 1149/1498/1147
f 1149/1498/1147 1145/1494/1143 1148/1497/1146
f 1129/1478/1127 1149/1498/1147 1150/1499/1148
f 1129/1478/1127 1150/1499/1148 1121/1470/1119
f 1146/1495/1144 1147/1496/1145 1151/1500/1149
f 1146/1495/1144 1151/1500/1149 1148/1497/1146
f 1151/1500/1149 1147/1496/1145 1152/1501/1150
f 1148/1497/1146 1151/1500/1149 1153/1502/1151
f 1153/1502/1151 1151/1500/1149 1152/1501/1150
f 1152/1501/1150 1147/1496/1145 1154/1503/1152
f 1154/1503/1152 1147/1496/1145 1155/1504/1153
f 1154/1503/1152 1155/1504/1153 1156/1505/1154
f 1154/1503/1152 1156/1505/1154 1157/1506/1155
f 1154/1503/1152 1157/1506/1155 1158/1507/1156
f 1152/1501/1150 1154/1503/1152 1159/1508/1157
f 1152/1501/1150 1159/1508/1157 1153/1502/1151
f 1159/1508/1157 1154/1503/1152 1158/1507/1156
f 1158/1507/1156 1157/1506/1155 1160/1509/1158
f 1159/1508/1157 1158/1507/1156 1161/1510/1159
f 1161/1510/1159 1158/1507/1156 1160/1509/1158
f 1153/1502/1151 1159/1508/1157 1162/1511/1156
f 1162/1511/1156 1159/1508/1157 1161/1510/1159
f 1153/1502/1151 1162/1511/1156 1163/1512/1160
f 1153/1502/1151 1163/1512/1160 1148/1497/1146
f 1162/1511/1156 1161/1510/1159 1164/1513/1161
f 1162/1511/1156 1164/1513/1161 1163/1512/1160
f 1148/1497/1146 1163/1512/1160 1165/1514/1162
f 1148/1497/1146 1165/1514/1162 1149/1498/1147
f 1165/1514/1162 1163/1512/1160 1166/1515/1160
f 1166/1515/1160 1163/1512/1160 1164/1513/1161
f 1149/1498/1147 1165/1514/1162 1167/1516/1163
f 1149/1498/1147 1167/1516/1163 1150/1499/1148
f 1165/1514/1162 1166/1515/1160 1168/1517/1164
f 1165/1514/1162 1168/1517/1164 1167/1516/1163
f 1168/1517/1164 1166/1515/1160 1169/1518/1165
f 1167/1516/1163 1168/1517/1164 1170/1519/1166
f 1170/1519/1166 1168/1517/1164 1169/1518/1165
f 1167/1516/1163 1170/1519/1166 1171/1520/1167
f 1167/1516/1163 1171/1520/1167 1172/1521/1168
f 1167/1516/1163 1172/1521/1168 1150/1499/1148
f 1169/1518/1165 1166/1515/1160 1173/1522/1169
f 1173/1522/1169 1166/1515/1160 1164/1513/1161
f 1169/1518/1165 1173/1522/1169 1174/1523/1170
f 1150/1499/1148 1172/1521/1168 1175/1524/1171
f 1150/1499/1148 1175/1524/1171 1121/1470/1119
f 1175/1524/1171 1172/1521/1168 1176/1525/1172
f 1176/1525/1172 1172/1521/1168 1177/1526/1173
f 1175/1524/1171 1176/1525/1172 1178/1527/1174
f 1178/1527/1174 1176/1525/1172 1179/1528/1175
f 1121/1470/1119 1175/1524/1171 1180/1529/1176
f 1180/1529/1176 1175/1524/1171 1178/1527/1174
f 1180/1529/1176 1178/1527/1174 1181/1530/1177
f 1121/1470/1119 1180/1529/1176 1123/1472/1121
f 1123/1472/1121 1180/1529/1176 1182/1531/1178
f 1183/1532/1179 1174/1523/1170 1173/1522/1169
f 1174/1523/1170 1183/1532/1179 1184/1533/1180
f 1174/1523/1170 1184/1533/1180 1185/1534/35
f 1183/1532/1179 1173/1522/1169 1186/1535/1181
f 1183/1532/1179 1186/1535/1181 1184/1533/1180
f 1186/1535/1181 1173/1522/1169 1164/1513/1161
f 1185/1534/35 1184/1533/1180 1187/1536/1182
f 1187/1536/1182 1184/1533/1180 1186/1535/1181
f 1186/1535/1181 1164/1513/1161 1188/1537/1183
f 1186/1535/1181 1188/1537/1183 1187/1536/1182
f 1188/1537/1183 1164/1513/1161 1161/1510/1159
f 1185/1534/35 1187/1536/1182 1189/1538/1184
f 1189/1538/1184 1187/1536/1182 1188/1537/1183
f 1189/1538/1184 1188/1537/1183 1161/1510/1159
f 1185/1534/35 1189/1538/1184 1190/1539/1185
f 1190/1539/1185 1189/1538/1184 1191/1540/1186
f 1189/1538/1184 1161/1510/1159 1160/1509/1158
f 1189/1538/1184 1160/1509/1158 1192/1541/1187
f 1192/1541/1187 1160/1509/1158 1193/1542/1188
f 1189/1538/1184 1192/1541/1187 1194/1543/1189
f 1194/1543/1189 1192/1541/1187 1195/1544/1190
f 1191/1540/1186 1189/1538/1184 1196/1545/1191
f 1196/1545/1191 1189/1538/1184 1194/1543/1189
f 1191/1540/1186 1196/1545/1191 1197/1546/1192
f 1191/1540/1186 1197/1546/1192 1198/1547/1193
f 1197/1546/1192 1196/1545/1191 1199/1548/1194
f 1199/1548/1194 1196/1545/1191 1194/1543/1189
f 1199/1548/1194 1194/1543/1189 1200/1549/1195
f 1201/1550/1196 1043/1380/1041 1042/1379/1040
f 1201/1550/1196 1042/1379/1040 1202/1551/1197
f 1202/1551/1197 1042/1379/1040 1044/1381/1042
f 1202/1551/1197 1044/1381/1042 1054/1397/1052
f 1201/1550/1196 1202/1551/1197 1203/1552/1198
f 1203/1552/1198 1202/1551/1197 1054/1397/1052
f 1201/1550/1196 1203/1552/1198 1043/1380/1041
f 1203/1552/1198 1054/1397/1052 1204/1553/1199
f 1204/1553/1199 1054/1397/1052 1205/1554/1200
f 1205/1554/1200 1054/1397/1052 1063/1407/1061
f 1203/1552/1198 1204/1553/1199 1206/1555/1201
f 1204/1553/1199 1205/1554/1200 1207/1556/1202
f 1204/1553/1199 1207/1556/1202 1206/1555/1201
f 1205/1554/1200 1063/1407/1061 1208/1557/299
f 1205/1554/1200 1208/1557/299 1207/1556/1202
f 1208/1557/299 1063/1407/1061 1209/1558/1203
f 1209/1558/1203 1063/1407/1061 1064/1408/1062
f 1209/1558/1203 1064/1408/1062 1069/1413/1067
f 1207/1556/1202 1208/1557/299 1210/1559/1204
f 1207/1556/1202 1210/1559/1204 1206/1555/1201
f 1210/1559/1204 1208/1557/299 1209/1558/1203
f 1209/1558/1203 1069/1413/1067 1211/1560/1205
f 1209/1558/1203 1211/1560/1205 1210/1559/1204
f 1211/1560/1205 1069/1413/1067 1212/1561/1206
f 1211/1560/1205 1212/1561/1206 996/1562/994
f 996/1562/994 1212/1561/1206 997/1563/995
f 1211/1560/1205 996/1562/994 972/1564/970
f 1211/1560/1205 972/1564/970 1210/1559/1204
f 1210/1559/1204 972/1564/970 967/1565/965
f 1210/1559/1204 967/1565/965 964/1566/962
f 1210/1559/1204 964/1566/962 1206/1555/1201
f 1206/1555/1201 964/1566/962 1213/1567/1207
f 1213/1567/1207 964/1566/962 965/1568/963
f 1206/1555/1201 1213/1567/1207 1203/1552/1198
f 1213/1567/1207 965/1568/963 966/1569/964
f 1203/1552/1198 1213/1567/1207 1043/1380/1041
f 1213/1567/1207 966/1569/964 1214/1570/1208
f 1213/1567/1207 1214/1570/1208 1043/1380/1041
f 1214/1570/1208 966/1569/964 893/1571/891
f 1043/1380/1041 1214/1570/1208 1215/1572/1209
f 1215/1572/1209 1214/1570/1208 893/1571/891
f 1043/1380/1041 1215/1572/1209 1039/1372/1037
f 1039/1372/1037 1215/1572/1209 1089/1573/1087
f 1215/1572/1209 893/1571/891 895/1574/893
f 1089/1573/1087 1215/1572/1209 1216/1575/1210
f 1215/1572/1209 895/1574/893 896/1576/894
f 1215/1572/1209 896/1576/894 1216/1575/1210
f 896/1576/894 895/1574/893 894/1577/892
f 1216/1575/1210 896/1576/894 897/1578/895
f 1217/1579/1211 1218/1580/1212 814/1581/812
f 814/1581/812 1218/1580/1212 1219/1582/1213
f 814/1581/812 1219/1582/1213 815/1583/813
f 1220/1584/1214 817/1585/815 815/1583/813
f 1220/1584/1214 815/1583/813 1219/1582/1213
f 1220/1584/1214 1219/1582/1213 1221/1586/1215
f 1221/1586/1215 1219/1582/1213 1222/1587/1216
f 1219/1582/1213 1218/1580/1212 1223/1588/1217
f 1222/1587/1216 1219/1582/1213 1224/1589/1218
f 1224/1589/1218 1219/1582/1213 1223/1588/1217
f 1222/1587/1216 1224/1589/1218 1225/1590/1219
f 1222/1587/1216 1225/1590/1219 1226/1591/1220
f 1224/1589/1218 1223/1588/1217 1227/1592/1221
f 1224/1589/1218 1227/1592/1221 1225/1590/1219
f 1223/1588/1217 1218/1580/1212 1228/1593/1222
f 1228/1593/1222 1218/1580/1212 1217/1579/1211
f 1227/1592/1221 1223/1588/1217 1229/1594/1223
f 1229/1594/1223 1223/1588/1217 1228/1593/1222
f 1225/1590/1219 1227/1592/1221 1230/1595/1224
f 1225/1590/1219 1230/1595/1224 1231/1596/1225
f 1231/1596/1225 1230/1595/1224 1232/1597/1226
f 1232/1597/1226 1230/1595/1224 1233/1598/1227
f 1233/1598/1227 1230/1595/1224 1234/1599/1228
f 1234/1599/1228 1230/1595/1224 1227/1592/1221
f 1234/1599/1228 1227/1592/1221 1229/1594/1223
f 1229/1594/1223 1228/1593/1222 1235/1600/1229
f 1229/1594/1223 1235/1600/1229 1234/1599/1228
f 1235/1600/1229 1228/1593/1222 1217/1579/1211
f 1234/1599/1228 1235/1600/1229 1236/1601/1230
f 1236/1601/1230 1235/1600/1229 1237/1602/1231
f 1237/1602/1231 1235/1600/1229 1217/1579/1211
f 1236/1601/1230 1237/1602/1231 1238/1603/1232
f 1237/1602/1231 1217/1579/1211 1239/1604/1233
f 1237/1602/1231 1239/1604/1233 1240/1605/1234
f 1239/1604/1233 1217/1579/1211 814/1581/812
f 1240/1605/1234 1239/1604/1233 1241/1606/1235
f 1239/1604/1233 814/1581/812 811/1607/809
f 1239/1604/1233 811/1607/809 1241/1606/1235
f 809/1608/807 1242/1609/1236 811/1610/809
f 811/1610/809 1242/1609/1236 1241/1611/1235
f 1242/1609/1236 809/1608/807 1243/1612/1237
f 1241/1611/1235 1242/1609/1236 1244/1613/1238
f 1244/1613/1238 1242/1609/1236 1243/1612/1237
f 1241/1611/1235 1244/1613/1238 1245/1614/1239
f 1241/1611/1235 1245/1614/1239 1240/1615/1234
f 1244/1613/1238 1243/1612/1237 1246/1616/1240
f 1244/1613/1238 1246/1616/1240 1245/1614/1239
f 1245/1614/1239 1246/1616/1240 1247/1617/1241
f 1245/1614/1239 1247/1617/1241 1248/1618/1242
f 1240/1615/1234 1245/1614/1239 1249/1619/1243
f 1249/1619/1243 1245/1614/1239 1248/1618/1242
f 1240/1615/1234 1249/1619/1243 1237/1620/1231
f 1249/1619/1243 1248/1618/1242 1238/1621/1232
f 1249/1619/1243 1238/1621/1232 1237/1620/1231
f 1250/1622/1244 1243/1612/1237 809/1608/807
f 1250/1622/1244 809/1608/807 808/1623/806
f 1250/1622/1244 808/1623/806 1251/1624/1245
f 1243/1612/1237 1250/1622/1244 1252/1625/1246
f 1252/1625/1246 1250/1622/1244 1251/1624/1245
f 1243/1612/1237 1252/1625/1246 1246/1616/1240
f 1252/1625/1246 1251/1624/1245 1253/1626/1247
f 1253/1626/1247 1251/1624/1245 1254/1627/1248
f 1253/1626/1247 1254/1627/1248 1255/1628/1249
f 1252/1625/1246 1253/1626/1247 1256/1629/1250
f 1252/1625/1246 1256/1629/1250 1257/1630/1251
f 1257/1630/1251 1256/1629/1250 1258/1631/1252
f 1246/1616/1240 1252/1625/1246 1259/1632/1253
f 1259/1632/1253 1252/1625/1246 1257/1630/1251
f 1246/1616/1240 1259/1632/1253 1260/1633/1254
f 1260/1633/1254 1259/1632/1253 1261/1634/1255
f 1259/1632/1253 1257/1630/1251 1262/1635/1256
f 1262/1635/1256 1257/1630/1251 1258/1631/1252
f 1259/1632/1253 1262/1635/1256 1261/1634/1255
f 1262/1635/1256 1258/1631/1252 1263/1636/1257
f 1261/1634/1255 1262/1635/1256 1264/1637/1258
f 1265/1638/1259 951/1639/949 950/1640/948
f 951/1639/949 1265/1638/1259 905/1641/903
f 1265/1638/1259 950/1640/948 939/1642/937
f 939/1642/937 950/1640/948 942/1643/940
f 1265/1638/1259 939/1642/937 1266/1644/1260
f 905/1641/903 1265/1638/1259 1267/1645/1261
f 1267/1645/1261 1265/1638/1259 1266/1644/1260
f 905/1641/903 1267/1645/1261 904/1646/902
f 905/1641/903 904/1646/902 903/1647/901
f 904/1646/902 1267/1645/1261 1268/1648/1262
f 1268/1648/1262 1267/1645/1261 1266/1644/1260
f 904/1646/902 1268/1648/1262 902/1649/900
f 940/1650/938 1266/1644/1260 939/1642/937
f 902/1649/900 1268/1648/1262 901/1651/899
f 938/1652/936 817/1653/815 940/1650/938
f 940/1650/938 817/1653/815 1220/1654/1214
f 940/1650/938 1220/1654/1214 1221/1655/1215
f 1266/1644/1260 940/1650/938 1269/1656/1263
f 1269/1656/1263 940/1650/938 1221/1655/1215
f 1270/1657/1264 1268/1648/1262 1266/1644/1260
f 1270/1657/1264 1266/1644/1260 1269/1656/1263
f 1269/1656/1263 1221/1655/1215 1271/1658/1265
f 1271/1658/1265 1221/1655/1215 1222/1659/1216
f 1271/1658/1265 1222/1659/1216 1226/1660/1220
f 1269/1656/1263 1271/1658/1265 1272/1661/1266
f 1269/1656/1263 1272/1661/1266 1270/1657/1264
f 1271/1658/1265 1226/1660/1220 1273/1662/1267
f 1271/1658/1265 1273/1662/1267 1272/1661/1266
f 1273/1662/1267 1226/1660/1220 1274/1663/1268
f 1272/1661/1266 1273/1662/1267 1275/1664/1269
f 1275/1664/1269 1273/1662/1267 1276/1665/1270
f 1272/1661/1266 1275/1664/1269 1277/1666/1271
f 1275/1664/1269 1276/1665/1270 1278/1667/1272
f 1275/1664/1269 1278/1667/1272 1277/1666/1271
f 1272/1661/1266 1277/1666/1271 1279/1668/1273
f 1279/1668/1273 1277/1666/1271 1278/1667/1272
f 1272/1661/1266 1279/1668/1273 1270/1657/1264
f 1279/1668/1273 1278/1667/1272 1280/1669/1274
f 1279/1668/1273 1280/1669/1274 1270/1657/1264
f 1280/1669/1274 1278/1667/1272 1281/1670/1275
f 1281/1670/1275 1278/1667/1272 1282/1671/1276
f 1270/1657/1264 1280/1669/1274 1283/1672/1277
f 1283/1672/1277 1280/1669/1274 1281/1670/1275
f 1283/1672/1277 1281/1670/1275 1284/1673/1278
f 1284/1673/1278 1281/1670/1275 1285/1674/1279
f 1283/1672/1277 1284/1673/1278 1286/1675/1280
f 1283/1672/1277 1286/1675/1280 1270/1657/1264
f 1286/1675/1280 1284/1673/1278 1287/1676/1281
f 1270/1657/1264 1286/1675/1280 1288/1677/1282
f 1270/1657/1264 1288/1677/1282 1268/1648/1262
f 1286/1675/1280 1287/1676/1281 1289/1678/1283
f 1286/1675/1280 1289/1678/1283 1288/1677/1282
f 1268/1648/1262 1288/1677/1282 1290/1679/1284
f 1290/1679/1284 1288/1677/1282 1289/1678/1283
f 1268/1648/1262 1290/1679/1284 901/1651/899
f 901/1651/899 1290/1679/1284 1291/1680/1285
f 901/1651/899 1291/1680/1285 898/1681/896
f 898/1681/896 1291/1680/1285 1216/1682/1210
f 898/1681/896 1216/1682/1210 897/1683/895
f 1291/1680/1285 1290/1679/1284 1292/1684/1286
f 1292/1684/1286 1290/1679/1284 1289/1678/1283
f 1292/1684/1286 1289/1678/1283 1287/1676/1281
f 1292/1684/1286 1287/1676/1281 1293/1685/1163
f 1293/1685/1163 1287/1676/1281 1294/1686/1287
f 1292/1684/1286 1293/1685/1163 1295/1687/1288
f 1295/1687/1288 1293/1685/1163 1296/1688/1289
f 1297/1689/1290 1298/1690/1291 1299/1691/1292
f 1299/1691/1292 1298/1690/1291 797/1692/795
f 797/1692/795 1298/1690/1291 800/1693/798
f 800/1693/798 1298/1690/1291 808/1694/806
f 808/1694/806 1298/1690/1291 1297/1689/1290
f 1299/1691/1292 797/1692/795 796/1695/794
f 1299/1691/1292 796/1695/794 1300/1696/1293
f 1299/1691/1292 1300/1696/1293 1297/1689/1290
f 808/1694/806 1297/1689/1290 1254/1697/1248
f 808/1694/806 1254/1697/1248 1251/1698/1245
f 1254/1697/1248 1297/1689/1290 1301/1699/1294
f 1254/1697/1248 1301/1699/1294 1255/1700/1249
f 1255/1700/1249 1301/1699/1294 1302/1701/1295
f 1302/1701/1295 1301/1699/1294 1303/1702/1296
f 1301/1699/1294 1297/1689/1290 1304/1703/1297
f 1301/1699/1294 1304/1703/1297 1303/1702/1296
f 1304/1703/1297 1297/1689/1290 1300/1696/1293
f 1303/1702/1296 1304/1703/1297 1305/1704/1298
f 1305/1704/1298 1304/1703/1297 1300/1696/1293
f 1305/1704/1298 1300/1696/1293 1306/1705/1299
f 1305/1704/1298 1306/1705/1299 1307/1706/1300
f 1305/1704/1298 1307/1706/1300 1308/1707/1301
f 1306/1705/1299 1300/1696/1293 1309/1708/1302
f 1309/1708/1302 1300/1696/1293 796/1695/794
f 1307/1706/1300 1306/1705/1299 1310/1709/1303
f 1310/1709/1303 1306/1705/1299 1309/1708/1302
f 1308/1707/1301 1307/1706/1300 1311/1710/1304
f 1311/1710/1304 1307/1706/1300 1310/1709/1303
f 1308/1707/1301 1311/1710/1304 1312/1711/1305
f 1309/1708/1302 796/1695/794 1313/1712/1306
f 1313/1712/1306 796/1695/794 792/1713/790
f 1309/1708/1302 1313/1712/1306 1314/1714/1307
f 1314/1714/1307 1313/1712/1306 792/1713/790
f 1309/1708/1302 1314/1714/1307 1310/1709/1303
f 1314/1714/1307 792/1713/790 954/1715/952
f 954/1715/952 792/1713/790 794/1716/792
f 1314/1714/1307 954/1715/952 1315/1717/1308
f 1314/1714/1307 1315/1717/1308 1310/1709/1303
f 1315/1717/1308 954/1715/952 963/1718/961
f 1315/1717/1308 963/1718/961 976/1719/974
f 1315/1717/1308 976/1719/974 978/1720/976
f 1316/1721/1309 1312/1711/1305 978/1720/976
f 1310/1709/1303 1315/1717/1308 1317/1722/1310
f 1317/1722/1310 1315/1717/1308 978/1720/976
f 1317/1722/1310 978/1720/976 1312/1711/1305
f 1310/1709/1303 1317/1722/1310 1311/1710/1304
f 1311/1710/1304 1317/1722/1310 1312/1711/1305
f 1308/1723/1301 1303/1724/1296 1305/1725/1298
f 1303/1724/1296 1308/1723/1301 1318/1726/1311
f 1303/1724/1296 1318/1726/1311 1302/1727/1295
f 1318/1726/1311 1308/1723/1301 1319/1728/1312
f 1319/1728/1312 1308/1723/1301 1312/1729/1305
f 1319/1728/1312 1312/1729/1305 1320/1730/1313
f 1319/1728/1312 1320/1730/1313 1321/1731/1314
f 1319/1728/1312 1321/1731/1314 1318/1726/1311
f 1321/1731/1314 1320/1730/1313 1322/1732/1315
f 1321/1731/1314 1322/1732/1315 1323/1733/1316
f 1324/1734/1317 1302/1727/1295 1318/1726/1311
f 1302/1727/1295 1324/1734/1317 1255/1735/1249
f 1318/1726/1311 1321/1731/1314 1325/1736/1318
f 1318/1726/1311 1325/1736/1318 1324/1734/1317
f 1255/1735/1249 1324/1734/1317 1253/1737/1247
f 1321/1731/1314 1323/1733/1316 1326/1738/1319
f 1321/1731/1314 1326/1738/1319 1325/1736/1318
f 1326/1738/1319 1323/1733/1316 1327/1739/1320
f 1326/1738/1319 1327/1739/1320 1325/1736/1318
f 1327/1739/1320 1323/1733/1316 1328/1740/1321
f 1253/1737/1247 1324/1734/1317 1329/1741/1322
f 1253/1737/1247 1329/1741/1322 1256/1742/1250
f 1256/1742/1250 1329/1741/1322 1258/1743/1252
f 1329/1741/1322 1324/1734/1317 1330/1744/1323
f 1330/1744/1323 1324/1734/1317 1325/1736/1318
f 1258/1743/1252 1329/1741/1322 1331/1745/1324
f 1331/1745/1324 1329/1741/1322 1330/1744/1323
f 1258/1743/1252 1331/1745/1324 1263/1746/1257
f 1332/1747/1325 1327/1739/1320 1328/1740/1321
f 1332/1747/1325 1328/1740/1321 1333/1748/1326
f 1332/1747/1325 1333/1748/1326 1334/1749/1327
f 1327/1739/1320 1332/1747/1325 1335/1750/442
f 1327/1739/1320 1335/1750/442 1325/1736/1318
f 1332/1747/1325 1334/1749/1327 1336/1751/1328
f 1332/1747/1325 1336/1751/1328 1335/1750/442
f 1336/1751/1328 1334/1749/1327 1337/1752/1329
f 1325/1736/1318 1335/1750/442 1338/1753/1330
f 1325/1736/1318 1338/1753/1330 1330/1744/1323
f 1335/1750/442 1336/1751/1328 1339/1754/1331
f 1335/1750/442 1339/1754/1331 1338/1753/1330
f 1336/1751/1328 1337/1752/1329 1340/1755/1332
f 1336/1751/1328 1340/1755/1332 1339/1754/1331
f 1330/1744/1323 1338/1753/1330 1341/1756/1333
f 1330/1744/1323 1341/1756/1333 1331/1745/1324
f 1338/1753/1330 1339/1754/1331 1342/1757/1334
f 1331/1745/1324 1341/1756/1333 1343/1758/1335
f 1331/1745/1324 1343/1758/1335 1263/1746/1257
f 1263/1746/1257 1343/1758/1335 1344/1759/1336
f 1344/1759/1336 1343/1758/1335 1345/1760/1337
f 1344/1759/1336 1345/1760/1337 1346/1761/1338
f 1343/1758/1335 1341/1756/1333 1347/1762/1339
f 1347/1762/1339 1341/1756/1333 1338/1753/1330
f 1343/1758/1335 1347/1762/1339 1345/1760/1337
f 1347/1762/1339 1338/1753/1330 1342/1757/1334
f 1345/1760/1337 1347/1762/1339 1348/1763/1340
f 1348/1763/1340 1347/1762/1339 1349/1764/1341
f 1348/1763/1340 1349/1764/1341 1350/1765/1342
f 1349/1764/1341 1347/1762/1339 1351/1766/1343
f 1349/1764/1341 1351/1766/1343 1350/1765/1342
f 1351/1766/1343 1347/1762/1339 1342/1757/1334
f 1351/1766/1343 1342/1757/1334 1352/1767/1344
f 1351/1766/1343 1352/1767/1344 1350/1765/1342
f 1352/1767/1344 1342/1757/1334 1339/1754/1331
f 1352/1767/1344 1339/1754/1331 1340/1755/1332
f 1350/1765/1342 1352/1767/1344 1353/1768/1345
f 1353/1768/1345 1352/1767/1344 1340/1755/1332
f 1350/1765/1342 1353/1768/1345 1354/1769/1346
f 1354/1769/1346 1353/1768/1345 1355/1770/1347
f 1355/1770/1347 1353/1768/1345 1340/1755/1332
f 1355/1770/1347 1340/1755/1332 1356/1771/1348
f 1355/1770/1347 1356/1771/1348 1357/1772/1349
f 1356/1771/1348 1340/1755/1332 1337/1752/1329
f 1357/1772/1349 1356/1771/1348 1358/1773/1350
f 1358/1773/1350 1356/1771/1348 1337/1752/1329
f 1357/1772/1349 1358/1773/1350 1359/1774/1351
f 1358/1773/1350 1337/1752/1329 1360/1775/1352
f 1358/1773/1350 1360/1775/1352 1359/1774/1351
f 977/1776/975 1361/1777/1353 978/1778/976
f 1361/1777/1353 977/1776/975 979/1779/977
f 978/1778/976 1361/1777/1353 1316/1780/1309
f 1361/1777/1353 979/1779/977 1362/1781/1354
f 1361/1777/1353 1362/1781/1354 1316/1780/1309
f 1362/1781/1354 979/1779/977 991/1782/989
f 991/1782/989 979/1779/977 983/1783/981
f 1316/1780/1309 1362/1781/1354 1363/1784/1355
f 1363/1784/1355 1362/1781/1354 991/1782/989
f 984/1785/982 987/1786/985 983/1783/981
f 983/1783/981 987/1786/985 991/1782/989
f 991/1782/989 987/1786/985 988/1787/986
f 1320/1788/1313 1312/1789/1305 1316/1780/1309
f 1316/1780/1309 1363/1784/1355 1364/1790/1356
f 1316/1780/1309 1364/1790/1356 1320/1788/1313
f 1320/1788/1313 1364/1790/1356 1365/1791/1357
f 1320/1788/1313 1365/1791/1357 1322/1792/1315
f 1322/1792/1315 1365/1791/1357 1366/1793/1358
f 1365/1791/1357 1364/1790/1356 1367/1794/1359
f 1367/1794/1359 1364/1790/1356 1363/1784/1355
f 1366/1793/1358 1365/1791/1357 1368/1795/1360
f 1368/1795/1360 1365/1791/1357 1367/1794/1359
f 1366/1793/1358 1368/1795/1360 1369/1796/1361
f 1367/1794/1359 1363/1784/1355 1370/1797/1362
f 1370/1797/1362 1363/1784/1355 991/1782/989
f 1368/1795/1360 1367/1794/1359 1371/1798/1363
f 1371/1798/1363 1367/1794/1359 1370/1797/1362
f 1368/1795/1360 1371/1798/1363 1369/1796/1361
f 1370/1797/1362 991/1782/989 1372/1799/1364
f 1372/1799/1364 991/1782/989 992/1800/990
f 1372/1799/1364 992/1800/990 994/1801/992
f 1372/1799/1364 994/1801/992 997/1802/995
f 1370/1797/1362 1372/1799/1364 1373/1803/1365
f 1370/1797/1362 1373/1803/1365 1371/1798/1363
f 1373/1803/1365 1372/1799/1364 997/1802/995
f 1374/1804/1366 1369/1796/1361 1371/1798/1363
f 1374/1804/1366 1371/1798/1363 1373/1803/1365
f 1373/1803/1365 997/1802/995 1375/1805/1367
f 1373/1803/1365 1375/1805/1367 1374/1804/1366
f 1375/1805/1367 997/1802/995 1376/1806/1368
f 1375/1805/1367 1376/1806/1368 1377/1807/1369
f 1375/1805/1367 1377/1807/1369 1374/1804/1366
f 1377/1807/1369 1376/1806/1368 1378/1808/1370
f 1377/1807/1369 1378/1808/1370 1379/1809/1371
f 1377/1807/1369 1379/1809/1371 1380/1810/1372
f 1380/1810/1372 1379/1809/1371 1381/1811/1373
f 1377/1807/1369 1380/1810/1372 1382/1812/1374
f 1382/1812/1374 1380/1810/1372 1381/1811/1373
f 1374/1804/1366 1377/1807/1369 1383/1813/1375
f 1383/1813/1375 1377/1807/1369 1382/1812/1374
f 1384/1814/1376 1369/1796/1361 1374/1804/1366
f 1384/1814/1376 1374/1804/1366 1383/1813/1375
f 1369/1796/1361 1384/1814/1376 1385/1815/1377
f 1382/1812/1374 1381/1811/1373 1386/1816/1378
f 1386/1816/1378 1381/1811/1373 1387/1817/1379
f 1383/1813/1375 1382/1812/1374 1388/1818/1380
f 1383/1813/1375 1388/1818/1380 1384/1814/1376
f 1388/1818/1380 1382/1812/1374 1386/1816/1378
f 1386/1816/1378 1387/1817/1379 1389/1819/1381
f 1385/1815/1377 1384/1814/1376 1390/1820/1382
f 1388/1818/1380 1386/1816/1378 1391/1821/1383
f 1386/1816/1378 1389/1819/1381 1392/1822/1384
f 1386/1816/1378 1392/1822/1384 1391/1821/1383
f 1392/1822/1384 1389/1819/1381 1393/1823/1385
f 1393/1823/1385 1389/1819/1381 1394/1824/120
f 1391/1821/1383 1392/1822/1384 1395/1825/1386
f 1395/1825/1386 1392/1822/1384 1393/1823/1385
f 1388/1818/1380 1391/1821/1383 1396/1826/1387
f 1396/1826/1387 1391/1821/1383 1395/1825/1386
f 1388/1818/1380 1396/1826/1387 1384/1814/1376
f 1393/1823/1385 1394/1824/120 1397/1827/1388
f 1393/1823/1385 1397/1827/1388 1395/1825/1386
f 1397/1827/1388 1394/1824/120 1398/1828/1389
f 1395/1825/1386 1397/1827/1388 1399/1829/1390
f 1399/1829/1390 1397/1827/1388 1398/1828/1389
f 1395/1825/1386 1399/1829/1390 1396/1826/1387
f 1399/1829/1390 1398/1828/1389 1400/1830/1391
f 1396/1826/1387 1399/1829/1390 1401/1831/1392
f 1396/1826/1387 1401/1831/1392 1384/1814/1376
f 1401/1831/1392 1399/1829/1390 1400/1830/1391
f 1384/1814/1376 1401/1831/1392 1402/1832/1393
f 1402/1832/1393 1401/1831/1392 1400/1830/1391
f 1384/1814/1376 1402/1832/1393 1390/1820/1382
f 1402/1832/1393 1400/1830/1391 1403/1833/1394
f 1402/1832/1393 1403/1833/1394 1390/1820/1382
f 1403/1833/1394 1400/1830/1391 1404/1834/1395
f 1390/1820/1382 1403/1833/1394 1405/1835/1396
f 1291/1836/1285 1406/1837/1397 1407/1838/1398
f 1406/1837/1397 1291/1836/1285 1292/1839/1286
f 1291/1836/1285 1407/1838/1398 1216/1840/1210
f 1406/1837/1397 1292/1839/1286 1295/1841/1288
f 1216/1840/1210 1407/1838/1398 1091/1842/1089
f 1216/1840/1210 1091/1842/1089 1089/1843/1087
f 1091/1842/1089 1407/1838/1398 1408/1844/1399
f 1091/1842/1089 1408/1844/1399 1093/1845/1091
f 1408/1844/1399 1407/1838/1398 1409/1846/1400
f 1409/1846/1400 1407/1838/1398 1406/1837/1397
f 1408/1844/1399 1409/1846/1400 1093/1845/1091
f 1409/1846/1400 1406/1837/1397 1410/1847/1401
f 1093/1845/1091 1409/1846/1400 1411/1848/1402
f 1411/1848/1402 1409/1846/1400 1410/1847/1401
f 1093/1845/1091 1411/1848/1402 1139/1849/1137
f 1093/1845/1091 1139/1849/1137 1136/1850/1134
f 1139/1849/1137 1411/1848/1402 1412/1851/1403
f 1412/1851/1403 1411/1848/1402 1410/1847/1401
f 1410/1847/1401 1406/1837/1397 1413/1852/1404
f 1413/1852/1404 1406/1837/1397 1295/1841/1288
f 1410/1847/1401 1413/1852/1404 1414/1853/1405
f 1413/1852/1404 1295/1841/1288 1415/1854/1406
f 1415/1854/1406 1295/1841/1288 1416/1855/1407
f 1415/1854/1406 1416/1855/1407 1417/1856/1408
f 1413/1852/1404 1415/1854/1406 1418/1857/1409
f 1418/1857/1409 1415/1854/1406 1417/1856/1408
f 1413/1852/1404 1418/1857/1409 1414/1853/1405
f 1418/1857/1409 1417/1856/1408 1419/1858/1410
f 1419/1858/1410 1417/1856/1408 1420/1859/1411
f 1414/1853/1405 1418/1857/1409 1421/1860/1412
f 1418/1857/1409 1419/1858/1410 1422/1861/1413
f 1418/1857/1409 1422/1861/1413 1421/1860/1412
f 1414/1853/1405 1421/1860/1412 1423/1862/1414
f 1423/1862/1414 1421/1860/1412 1422/1861/1413
f 1424/1863/1415 1410/1847/1401 1414/1853/1405
f 1410/1847/1401 1424/1863/1415 1412/1851/1403
f 1414/1853/1405 1423/1862/1414 1425/1864/1416
f 1414/1853/1405 1425/1864/1416 1424/1863/1415
f 1423/1862/1414 1422/1861/1413 1426/1865/1417
f 1426/1865/1417 1422/1861/1413 1419/1858/1410
f 1423/1862/1414 1426/1865/1417 1425/1864/1416
f 1426/1865/1417 1419/1858/1410 1427/1866/1418
f 1426/1865/1417 1427/1866/1418 1425/1864/1416
f 1427/1866/1418 1419/1858/1410 1428/1867/1419
f 1427/1866/1418 1428/1867/1419 1429/1868/1420
f 1427/1866/1418 1429/1868/1420 1430/1869/1421
f 1431/1870/1422 1424/1863/1415 1425/1864/1416
f 1431/1870/1422 1425/1864/1416 1427/1866/1418
f 1424/1863/1415 1431/1870/1422 1412/1851/1403
f 1431/1870/1422 1427/1866/1418 1432/1871/1423
f 1432/1871/1423 1427/1866/1418 1430/1869/1421
f 1431/1870/1422 1432/1871/1423 1412/1851/1403
f 1432/1871/1423 1430/1869/1421 1433/1872/1424
f 1433/1872/1424 1430/1869/1421 1434/1873/1425
f 1432/1871/1423 1433/1872/1424 1147/1874/1145
f 1147/1874/1145 1433/1872/1424 1155/1875/1153
f 1412/1851/1403 1432/1871/1423 1142/1876/1140
f 1142/1876/1140 1432/1871/1423 1147/1874/1145
f 1142/1876/1140 1147/1874/1145 1143/1877/1141
f 1412/1851/1403 1142/1876/1140 1139/1849/1137
f 1139/1849/1137 1142/1876/1140 1140/1878/1138
f 1435/1879/1426 1436/1880/1427 1437/1881/1428
f 1436/1880/1427 1435/1879/1426 1438/1882/1429
f 1437/1881/1428 1436/1880/1427 1439/1883/1430
f 1438/1882/1429 1435/1879/1426 1440/1884/1431
f 1440/1884/1431 1435/1879/1426 1437/1881/1428
f 1439/1883/1430 1436/1880/1427 1441/1885/1432
f 1437/1881/1428 1439/1883/1430 1442/1886/1433
f 1442/1886/1433 1439/1883/1430 1441/1885/1432
f 1441/1885/1432 1436/1880/1427 1443/1887/1434
f 1443/1887/1434 1436/1880/1427 1438/1882/1429
f 1441/1885/1432 1443/1887/1434 1444/1888/1435
f 1441/1885/1432 1444/1888/1435 1445/1889/1436
f 1444/1888/1435 1443/1887/1434 1446/1890/1437
f 1446/1890/1437 1443/1887/1434 1438/1882/1429
f 1444/1888/1435 1446/1890/1437 1447/1891/1438
f 1444/1888/1435 1447/1891/1438 1448/1892/1439
f 1441/1885/1432 1445/1889/1436 1449/1893/1440
f 1441/1885/1432 1449/1893/1440 1442/1886/1433
f 1449/1893/1440 1445/1889/1436 1450/1894/1441
f 1450/1894/1441 1445/1889/1436 1451/1895/1442
f 1450/1894/1441 1451/1895/1442 1452/1896/1443
f 1449/1893/1440 1450/1894/1441 1453/1897/1444
f 1453/1897/1444 1450/1894/1441 1452/1896/1443
f 1449/1893/1440 1453/1897/1444 1442/1886/1433
f 1453/1897/1444 1452/1896/1443 1454/1898/1445
f 1453/1897/1444 1454/1898/1445 1442/1886/1433
f 1454/1898/1445 1452/1896/1443 1455/1899/1446
f 1454/1898/1445 1455/1899/1446 1442/1886/1433
f 1442/1886/1433 1455/1899/1446 1456/1900/1447
f 1456/1900/1447 1455/1899/1446 1457/1901/1448
f 1442/1886/1433 1456/1900/1447 1458/1902/1449
f 1442/1886/1433 1458/1902/1449 1437/1881/1428
f 1458/1902/1449 1456/1900/1447 1459/1903/1450
f 1459/1903/1450 1456/1900/1447 1457/1901/1448
f 1437/1881/1428 1458/1902/1449 1460/1904/1451
f 1460/1904/1451 1458/1902/1449 1459/1903/1450
f 1437/1881/1428 1460/1904/1451 1440/1884/1431
f 1459/1903/1450 1457/1901/1448 1461/1905/1452
f 1460/1904/1451 1459/1903/1450 1462/1906/1453
f 1462/1906/1453 1459/1903/1450 1461/1905/1452
f 1440/1884/1431 1460/1904/1451 1463/1907/1454
f 1463/1907/1454 1460/1904/1451 1462/1906/1453
f 1440/1884/1431 1463/1907/1454 1464/1908/1455
f 1440/1884/1431 1464/1908/1455 1438/1882/1429
f 1463/1907/1454 1462/1906/1453 1465/1909/1456
f 1463/1907/1454 1465/1909/1456 1464/1908/1455
f 1462/1906/1453 1461/1905/1452 1466/1910/1457
f 1438/1882/1429 1464/1908/1455 1467/1911/1458
f 1438/1882/1429 1467/1911/1458 1468/1912/1459
f 1438/1882/1429 1468/1912/1459 1446/1890/1437
f 1467/1911/1458 1464/1908/1455 1469/1913/1460
f 1446/1890/1437 1468/1912/1459 1470/1914/1461
f 1468/1912/1459 1467/1911/1458 1471/1915/1462
f 1471/1915/1462 1467/1911/1458 1469/1913/1460
f 1468/1912/1459 1471/1915/1462 1470/1914/1461
f 1446/1890/1437 1470/1914/1461 1447/1891/1438
f 1447/1891/1438 1470/1914/1461 1472/1916/1463
f 1447/1891/1438 1472/1916/1463 1473/1917/1464
f 1473/1917/1464 1472/1916/1463 1470/1914/1461
f 1473/1917/1464 1470/1914/1461 1474/1918/1465
f 1475/1919/1466 1469/1913/1460 1464/1908/1455
f 1475/1919/1466 1464/1908/1455 1465/1909/1456
f 1475/1919/1466 1465/1909/1456 1476/1920/1467
f 1475/1919/1466 1476/1920/1467 1469/1913/1460
f 1469/1913/1460 1476/1920/1467 1477/1921/1468
f 1474/1918/1465 1470/1914/1461 1478/1922/1469
f 1469/1913/1460 1477/1921/1468 1479/1923/1470
f 1479/1923/1470 1477/1921/1468 1480/1924/1471
f 1477/1921/1468 1476/1920/1467 1481/1925/1472
f 1469/1913/1460 1479/1923/1470 1482/1926/1473
f 1469/1913/1460 1482/1926/1473 1471/1915/1462
f 1483/1927/1474 1470/1914/1461 1471/1915/1462
f 1483/1927/1474 1471/1915/1462 1482/1926/1473
f 1470/1914/1461 1483/1927/1474 1478/1922/1469
f 1482/1926/1473 1479/1923/1470 1484/1928/1475
f 1482/1926/1473 1484/1928/1475 1483/1927/1474
f 1484/1928/1475 1479/1923/1470 1480/1924/1471
f 1478/1922/1469 1483/1927/1474 1485/1929/1476
f 1485/1929/1476 1483/1927/1474 1484/1928/1475
f 1484/1928/1475 1480/1924/1471 1486/1930/1477
f 1484/1928/1475 1486/1930/1477 1485/1929/1476
f 1486/1930/1477 1480/1924/1471 1487/1931/1478
f 1486/1930/1477 1487/1931/1478 1488/1932/1479
f 1485/1929/1476 1486/1930/1477 1489/1933/1480
f 1489/1933/1480 1486/1930/1477 1488/1932/1479
f 1488/1932/1479 1487/1931/1478 1490/1934/1481
f 1488/1932/1479 1490/1934/1481 1489/1933/1480
f 1490/1934/1481 1487/1931/1478 1491/1935/1482
f 1485/1929/1476 1489/1933/1480 1492/1936/1483
f 1490/1934/1481 1491/1935/1482 1493/1937/1484
f 1490/1934/1481 1493/1937/1484 1489/1933/1480
f 1493/1937/1484 1491/1935/1482 1494/1938/1485
f 1492/1936/1483 1489/1933/1480 1495/1939/1486
f 1495/1939/1486 1489/1933/1480 1493/1937/1484
f 1485/1929/1476 1492/1936/1483 1496/1940/1487
f 1496/1940/1487 1492/1936/1483 1495/1939/1486
f 1485/1929/1476 1496/1940/1487 1478/1922/1469
f 1495/1939/1486 1493/1937/1484 1497/1941/1488
f 1495/1939/1486 1497/1941/1488 1496/1940/1487
f 1497/1941/1488 1493/1937/1484 1494/1938/1485
f 1496/1940/1487 1497/1941/1488 1478/1922/1469
f 1497/1941/1488 1494/1938/1485 1474/1918/1465
f 1497/1941/1488 1474/1918/1465 1478/1922/1469
f 1452/1942/1443 1451/1943/1442 1498/1944/1489
f 1452/1942/1443 1498/1944/1489 1499/1945/133
f 1452/1942/1443 1499/1945/133 1455/1946/1446
f 1455/1946/1446 1499/1945/133 1457/1947/1448
f 1499/1945/133 1498/1944/1489 1500/1948/1490
f 1498/1944/1489 1451/1943/1442 1501/1949/1491
f 1501/1949/1491 1451/1943/1442 1445/1950/1436
f 1501/1949/1491 1445/1950/1436 1444/1951/1435
f 1501/1949/1491 1444/1951/1435 1502/1952/1492
f 1502/1952/1492 1444/1951/1435 1448/1953/1439
f 1498/1944/1489 1501/1949/1491 1503/1954/1493
f 1503/1954/1493 1501/1949/1491 1502/1952/1492
f 1498/1944/1489 1503/1954/1493 1500/1948/1490
f 1503/1954/1493 1502/1952/1492 1504/1955/1494
f 1500/1948/1490 1503/1954/1493 1505/1956/1495
f 1500/1948/1490 1505/1956/1495 1506/1957/1496
f 1506/1957/1496 1505/1956/1495 1507/1958/1497
f 1505/1956/1495 1503/1954/1493 1508/1959/1498
f 1505/1956/1495 1508/1959/1498 1507/1958/1497
f 1508/1959/1498 1503/1954/1493 1504/1955/1494
f 1507/1958/1497 1508/1959/1498 1509/1960/1499
f 1508/1959/1498 1504/1955/1494 1510/1961/1500
f 1508/1959/1498 1510/1961/1500 1509/1960/1499
f 1487/1962/1478 1480/1963/1471 1511/1964/1501
f 1511/1964/1501 1480/1963/1471 1477/1965/1468
f 1487/1962/1478 1511/1964/1501 1491/1966/1482
f 1511/1964/1501 1477/1965/1468 1512/1967/1502
f 1512/1967/1502 1477/1965/1468 1481/1968/1472
f 1491/1966/1482 1511/1964/1501 1513/1969/1503
f 1513/1969/1503 1511/1964/1501 1512/1967/1502
f 1512/1967/1502 1481/1968/1472 1514/1970/1504
f 1514/1970/1504 1481/1968/1472 1515/1971/1505
f 1512/1967/1502 1514/1970/1504 1516/1972/1506
f 1512/1967/1502 1516/1972/1506 1513/1969/1503
f 1514/1970/1504 1515/1971/1505 1517/1973/1507
f 1517/1973/1507 1515/1971/1505 1518/1974/1508
f 1517/1973/1507 1518/1974/1508 1519/1975/1509
f 1514/1970/1504 1517/1973/1507 1520/1976/1510
f 1514/1970/1504 1520/1976/1510 1516/1972/1506
f 1517/1973/1507 1519/1975/1509 1521/1977/1511
f 1517/1973/1507 1521/1977/1511 1520/1976/1510
f 1521/1977/1511 1519/1975/1509 1522/1978/1512
f 1516/1972/1506 1520/1976/1510 1523/1979/1513
f 1521/1977/1511 1522/1978/1512 1524/1980/1514
f 1524/1980/1514 1522/1978/1512 1525/1981/1515
f 1524/1980/1514 1525/1981/1515 1526/1982/1516
f 1521/1977/1511 1524/1980/1514 1527/1983/1517
f 1524/1980/1514 1526/1982/1516 1528/1984/1518
f 1524/1980/1514 1528/1984/1518 1527/1983/1517
f 1528/1984/1518 1526/1982/1516 1529/1985/1519
f 1521/1977/1511 1527/1983/1517 1530/1986/1520
f 1521/1977/1511 1530/1986/1520 1520/1976/1510
f 1530/1986/1520 1527/1983/1517 1528/1984/1518
f 1520/1976/1510 1530/1986/1520 1523/1979/1513
f 1528/1984/1518 1529/1985/1519 1531/1987/1521
f 1528/1984/1518 1531/1987/1521 1530/1986/1520
f 1532/1988/1522 1533/1989/1523 1531/1987/1521
f 1530/1986/1520 1531/1987/1521 1534/1990/1524
f 1534/1990/1524 1531/1987/1521 1533/1989/1523
f 1523/1979/1513 1530/1986/1520 1535/1991/1525
f 1535/1991/1525 1530/1986/1520 1534/1990/1524
f 1523/1979/1513 1535/1991/1525 1536/1992/1526
f 1523/1979/1513 1536/1992/1526 1516/1972/1506
f 1516/1972/1506 1536/1992/1526 1513/1969/1503
f 1536/1992/1526 1535/1991/1525 1537/1993/1527
f 1537/1993/1527 1535/1991/1525 1534/1990/1524
f 1513/1969/1503 1536/1992/1526 1538/1994/1528
f 1538/1994/1528 1536/1992/1526 1537/1993/1527
f 1539/1995/1529 1534/1990/1524 1533/1989/1523
f 1534/1990/1524 1539/1995/1529 1537/1993/1527
f 1539/1995/1529 1533/1989/1523 1540/1996/1530
f 1539/1995/1529 1540/1996/1530 1541/1997/1531
f 1537/1993/1527 1539/1995/1529 1542/1998/1532
f 1537/1993/1527 1542/1998/1532 1538/1994/1528
f 1542/1998/1532 1539/1995/1529 1543/1999/1533
f 1542/1998/1532 1543/1999/1533 1544/2000/1534
f 1542/1998/1532 1544/2000/1534 1545/2001/1535
f 1542/1998/1532 1545/2001/1535 1546/2002/1536
f 1542/1998/1532 1546/2002/1536 1538/1994/1528
f 1546/2002/1536 1545/2001/1535 1547/2003/1537
f 1538/1994/1528 1546/2002/1536 1548/2004/1538
f 1548/2004/1538 1546/2002/1536 1547/2003/1537
f 1538/1994/1528 1548/2004/1538 1549/2005/1539
f 1538/1994/1528 1549/2005/1539 1513/1969/1503
f 1548/2004/1538 1547/2003/1537 1550/2006/1342
f 1513/1969/1503 1549/2005/1539 1551/2007/1540
f 1551/2007/1540 1549/2005/1539 1548/2004/1538
f 1513/1969/1503 1551/2007/1540 1491/1966/1482
f 1551/2007/1540 1548/2004/1538 1550/2006/1342
f 1491/1966/1482 1551/2007/1540 1494/2008/1485
f 1494/2008/1485 1551/2007/1540 1550/2006/1342
f 1550/2006/1342 1547/2003/1537 1552/2009/1541
f 1494/2008/1485 1550/2006/1342 1553/2010/1542
f 1494/2008/1485 1553/2010/1542 1474/2011/1465
f 1553/2010/1542 1550/2006/1342 1554/2012/1543
f 1554/2012/1543 1550/2006/1342 1552/2009/1541
f 1554/2012/1543 1552/2009/1541 1555/2013/1544
f 1556/2014/1545 1476/1920/1467 1465/1909/1456
f 1476/1920/1467 1556/2014/1545 1557/2015/1546
f 1476/1920/1467 1557/2015/1546 1558/2016/1547
f 1476/1920/1467 1558/2016/1547 1481/1925/1472
f 1481/1925/1472 1558/2016/1547 1515/2017/1505
f 1558/2016/1547 1557/2015/1546 1559/2018/1548
f 1559/2018/1548 1557/2015/1546 1556/2014/1545
f 1515/2017/1505 1558/2016/1547 1560/2019/1549
f 1560/2019/1549 1558/2016/1547 1559/2018/1548
f 1561/2020/1550 1556/2014/1545 1465/1909/1456
f 1561/2020/1550 1465/1909/1456 1462/1906/1453
f 1556/2014/1545 1561/2020/1550 1562/2021/1551
f 1561/2020/1550 1462/1906/1453 1563/2022/1552
f 1563/2022/1552 1462/1906/1453 1466/1910/1457
f 1561/2020/1550 1563/2022/1552 1564/2023/1553
f 1561/2020/1550 1564/2023/1553 1562/2021/1551
f 1564/2023/1553 1563/2022/1552 1565/2024/1554
f 1565/2024/1554 1563/2022/1552 1466/1910/1457
f 1564/2023/1553 1565/2024/1554 1566/2025/1555
f 1565/2024/1554 1466/1910/1457 1567/2026/1556
f 1565/2024/1554 1567/2026/1556 1566/2025/1555
f 1564/2023/1553 1566/2025/1555 1568/2027/1557
f 1564/2023/1553 1568/2027/1557 1562/2021/1551
f 1566/2025/1555 1567/2026/1556 1569/2028/1558
f 1566/2025/1555 1569/2028/1558 1570/2029/1559
f 1566/2025/1555 1570/2029/1559 1568/2027/1557
f 1569/2028/1558 1567/2026/1556 1571/2030/1560
f 1569/2028/1558 1571/2030/1560 1570/2029/1559
f 1562/2021/1551 1568/2027/1557 1572/2031/1561
f 1572/2031/1561 1568/2027/1557 1570/2029/1559
f 1573/2032/1562 1556/2014/1545 1562/2021/1551
f 1556/2014/1545 1573/2032/1562 1559/2018/1548
f 1573/2032/1562 1562/2021/1551 1574/2033/1563
f 1574/2033/1563 1562/2021/1551 1572/2031/1561
f 1559/2018/1548 1573/2032/1562 1575/2034/1564
f 1559/2018/1548 1575/2034/1564 1560/2019/1549
f 1573/2032/1562 1574/2033/1563 1576/2035/1565
f 1573/2032/1562 1576/2035/1565 1575/2034/1564
f 1560/2019/1549 1575/2034/1564 1577/2036/1566
f 1577/2036/1566 1575/2034/1564 1576/2035/1565
f 1576/2035/1565 1574/2033/1563 1578/2037/1567
f 1576/2035/1565 1578/2037/1567 1577/2036/1566
f 1578/2037/1567 1574/2033/1563 1579/2038/1568
f 1579/2038/1568 1574/2033/1563 1572/2031/1561
f 1578/2037/1567 1579/2038/1568 1580/2039/1569
f 1580/2039/1569 1579/2038/1568 1572/2031/1561
f 1578/2037/1567 1580/2039/1569 1581/2040/1570
f 1578/2037/1567 1581/2040/1570 1577/2036/1566
f 1580/2039/1569 1572/2031/1561 1582/2041/1571
f 1580/2039/1569 1582/2041/1571 1581/2040/1570
f 1582/2041/1571 1572/2031/1561 1583/2042/1572
f 1577/2036/1566 1581/2040/1570 1584/2043/1573
f 1584/2043/1573 1581/2040/1570 1582/2041/1571
f 1585/2044/1574 1560/2019/1549 1577/2036/1566
f 1585/2044/1574 1577/2036/1566 1584/2043/1573
f 1560/2019/1549 1585/2044/1574 1586/2045/1575
f 1560/2019/1549 1586/2045/1575 1515/2017/1505
f 1515/2017/1505 1586/2045/1575 1518/2046/1508
f 1586/2045/1575 1585/2044/1574 1587/2047/1576
f 1587/2047/1576 1585/2044/1574 1584/2043/1573
f 1518/2046/1508 1586/2045/1575 1588/2048/1577
f 1518/2046/1508 1588/2048/1577 1519/2049/1509
f 1586/2045/1575 1587/2047/1576 1589/2050/1578
f 1586/2045/1575 1589/2050/1578 1588/2048/1577
f 1589/2050/1578 1587/2047/1576 1590/2051/1579
f 1588/2048/1577 1589/2050/1578 1591/2052/1580
f 1591/2052/1580 1589/2050/1578 1590/2051/1579
f 1587/2047/1576 1584/2043/1573 1592/2053/1581
f 1587/2047/1576 1592/2053/1581 1590/2051/1579
f 1593/2054/1582 1584/2043/1573 1582/2041/1571
f 1584/2043/1573 1593/2054/1582 1592/2053/1581
f 1593/2054/1582 1582/2041/1571 1583/2042/1572
f 1593/2054/1582 1583/2042/1572 1594/2055/1583
f 1593/2054/1582 1594/2055/1583 1595/2056/1584
f 1593/2054/1582 1595/2056/1584 1592/2053/1581
f 1594/2055/1583 1583/2042/1572 1596/2057/1585
f 1595/2056/1584 1594/2055/1583 1597/2058/1586
f 1597/2058/1586 1594/2055/1583 1596/2057/1585
f 1596/2057/1585 1583/2042/1572 1570/2029/1559
f 1570/2029/1559 1583/2042/1572 1572/2031/1561
f 1596/2057/1585 1570/2029/1559 1598/2059/1587
f 1597/2058/1586 1596/2057/1585 1599/2060/1588
f 1599/2060/1588 1596/2057/1585 1598/2059/1587
f 1598/2059/1587 1570/2029/1559 1600/2061/1589
f 1598/2059/1587 1600/2061/1589 1599/2060/1588
f 1600/2061/1589 1570/2029/1559 1571/2030/1560
f 1597/2058/1586 1599/2060/1588 1601/2062/1590
f 1597/2058/1586 1601/2062/1590 1602/2063/1591
f 1597/2058/1586 1602/2063/1591 1595/2056/1584
f 1601/2062/1590 1599/2060/1588 1603/2064/1592
f 1603/2064/1592 1599/2060/1588 1600/2061/1589
f 1595/2056/1584 1602/2063/1591 1604/2065/1593
f 1595/2056/1584 1604/2065/1593 1592/2053/1581
f 1602/2063/1591 1601/2062/1590 1605/2066/1594
f 1605/2066/1594 1601/2062/1590 1603/2064/1592
f 1604/2065/1593 1602/2063/1591 1606/2067/1595
f 1604/2065/1593 1606/2067/1595 1592/2053/1581
f 1606/2067/1595 1602/2063/1591 1605/2066/1594
f 1603/2064/1592 1600/2061/1589 1607/2068/1596
f 1603/2064/1592 1607/2068/1596 1608/2069/1597
f 1603/2064/1592 1608/2069/1597 1605/2066/1594
f 1607/2068/1596 1600/2061/1589 1609/2070/1598
f 1605/2066/1594 1608/2069/1597 1610/2071/1599
f 1605/2066/1594 1610/2071/1599 1611/2072/1600
f 1605/2066/1594 1611/2072/1600 1606/2067/1595
f 1609/2070/1598 1600/2061/1589 1612/2073/1601
f 1606/2067/1595 1611/2072/1600 1613/2074/1602
f 1606/2067/1595 1613/2074/1602 1592/2053/1581
f 1613/2074/1602 1611/2072/1600 1614/2075/1603
f 1612/2073/1601 1600/2061/1589 1571/2030/1560
f 1592/2053/1581 1613/2074/1602 1615/2076/1604
f 1592/2053/1581 1615/2076/1604 1590/2051/1579
f 1613/2074/1602 1614/2075/1603 1616/2077/1605
f 1613/2074/1602 1616/2077/1605 1615/2076/1604
f 1616/2077/1605 1614/2075/1603 1555/2078/1544
f 1590/2051/1579 1615/2076/1604 1617/2079/1606
f 1617/2079/1606 1615/2076/1604 1616/2077/1605
f 1590/2051/1579 1617/2079/1606 1618/2080/1607
f 1618/2080/1607 1617/2079/1606 1616/2077/1605
f 1616/2077/1605 1555/2078/1544 1552/2081/1541
f 1590/2051/1579 1618/2080/1607 1591/2052/1580
f 1616/2077/1605 1552/2081/1541 1619/2082/1608
f 1619/2082/1608 1552/2081/1541 1547/2083/1537
f 1619/2082/1608 1547/2083/1537 1545/2084/1535
f 1616/2077/1605 1619/2082/1608 1620/2085/1609
f 1620/2085/1609 1619/2082/1608 1545/2084/1535
f 1616/2077/1605 1620/2085/1609 1618/2080/1607
f 1620/2085/1609 1545/2084/1535 1621/2086/1610
f 1620/2085/1609 1621/2086/1610 1618/2080/1607
f 1621/2086/1610 1545/2084/1535 1544/2087/1534
f 1621/2086/1610 1544/2087/1534 1622/2088/1611
f 1618/2080/1607 1621/2086/1610 1623/2089/1612
f 1618/2080/1607 1623/2089/1612 1591/2052/1580
f 1591/2052/1580 1623/2089/1612 1624/2090/1613
f 1591/2052/1580 1624/2090/1613 1625/2091/1614
f 1625/2091/1614 1624/2090/1613 1626/2092/1615
f 1591/2052/1580 1625/2091/1614 1588/2048/1577
f 1625/2091/1614 1626/2092/1615 1627/2093/1616
f 1625/2091/1614 1627/2093/1616 1588/2048/1577
f 1588/2048/1577 1627/2093/1616 1519/2049/1509
f 1519/2049/1509 1627/2093/1616 1628/2094/1617
f 1519/2049/1509 1628/2094/1617 1522/2095/1512
f 1628/2094/1617 1627/2093/1616 1629/2096/1618
f 1522/2095/1512 1628/2094/1617 1630/2097/1619
f 1630/2097/1619 1628/2094/1617 1629/2096/1618
f 1473/2098/1464 1474/2099/1465 1553/2100/1542
f 1473/2098/1464 1553/2100/1542 1447/2101/1438
f 1447/2101/1438 1553/2100/1542 1631/2102/1620
f 1447/2101/1438 1631/2102/1620 1448/2103/1439
f 1631/2102/1620 1553/2100/1542 1554/2104/1543
f 1448/2103/1439 1631/2102/1620 1632/2105/1621
f 1448/2103/1439 1632/2105/1621 1633/2106/1622
f 1633/2106/1622 1632/2105/1621 1631/2102/1620
f 1448/2103/1439 1633/2106/1622 1502/2107/1492
f 1633/2106/1622 1631/2102/1620 1634/2108/1623
f 1633/2106/1622 1634/2108/1623 1502/2107/1492
f 1634/2108/1623 1631/2102/1620 1554/2104/1543
f 1502/2107/1492 1634/2108/1623 1504/2109/1494
f 1504/2109/1494 1634/2108/1623 1635/2110/1624
f 1635/2110/1624 1634/2108/1623 1554/2104/1543
f 1504/2109/1494 1635/2110/1624 1510/2111/1500
f 1635/2110/1624 1554/2104/1543 1636/2112/1625
f 1636/2112/1625 1554/2104/1543 1555/2113/1544
f 1636/2112/1625 1555/2113/1544 1637/2114/1626
f 1637/2114/1626 1555/2113/1544 1614/2115/1603
f 1611/2116/1600 1610/2117/1599 1614/2115/1603
f 1614/2115/1603 1610/2117/1599 1637/2114/1626
f 1637/2114/1626 1610/2117/1599 1608/2118/1597
f 1636/2112/1625 1637/2114/1626 1638/2119/1627
f 1636/2112/1625 1638/2119/1627 1635/2110/1624
f 1637/2114/1626 1608/2118/1597 1639/2120/1628
f 1637/2114/1626 1639/2120/1628 1638/2119/1627
f 1639/2120/1628 1608/2118/1597 1607/2121/1596
f 1638/2119/1627 1639/2120/1628 1640/2122/1629
f 1640/2122/1629 1639/2120/1628 1607/2121/1596
f 1638/2119/1627 1640/2122/1629 1635/2110/1624
f 1640/2122/1629 1607/2121/1596 1609/2123/1598
f 1635/2110/1624 1609/2123/1598 1510/2111/1500
f 1510/2111/1500 1609/2123/1598 1612/2124/1601
f 1635/2110/1624 1640/2122/1629 1641/2125/1630
f 1609/2123/1598 1635/2110/1624 1642/2126/1631
f 1609/2123/1598 1642/2126/1631 1640/2122/1629
f 1642/2126/1631 1635/2110/1624 1641/2125/1630
f 1640/2122/1629 1642/2126/1631 1643/2127/1632
f 1643/2127/1632 1642/2126/1631 1641/2125/1630
f 1643/2127/1632 1641/2125/1630 1640/2122/1629
f 1644/2128/1633 1461/1905/1452 1645/2129/1634
f 1645/2129/1634 1461/1905/1452 1457/1901/1448
f 1461/1905/1452 1644/2128/1633 1466/1910/1457
f 1645/2129/1634 1457/1901/1448 1646/2130/1635
f 1646/2130/1635 1457/1901/1448 1499/2131/133
f 1644/2128/1633 1645/2129/1634 1647/2132/1636
f 1647/2132/1636 1645/2129/1634 1646/2130/1635
f 1646/2130/1635 1499/2131/133 1648/2133/1637
f 1646/2130/1635 1648/2133/1637 1647/2132/1636
f 1648/2133/1637 1499/2131/133 1649/2134/1638
f 1648/2133/1637 1649/2134/1638 1650/2135/1639
f 1648/2133/1637 1650/2135/1639 1647/2132/1636
f 1650/2135/1639 1649/2134/1638 1651/2136/1640
f 1652/2137/1641 1466/1910/1457 1644/2128/1633
f 1466/1910/1457 1652/2137/1641 1567/2026/1556
f 1653/2138/1642 1644/2128/1633 1647/2132/1636
f 1644/2128/1633 1653/2138/1642 1652/2137/1641
f 1567/2026/1556 1652/2137/1641 1654/2139/1643
f 1654/2139/1643 1652/2137/1641 1653/2138/1642
f 1567/2026/1556 1654/2139/1643 1571/2030/1560
f 1655/2140/1644 1647/2132/1636 1650/2135/1639
f 1647/2132/1636 1655/2140/1644 1653/2138/1642
f 1656/2141/1645 1650/2135/1639 1651/2136/1640
f 1650/2135/1639 1656/2141/1645 1655/2140/1644
f 1656/2141/1645 1651/2136/1640 1657/2142/1646
f 1653/2138/1642 1655/2140/1644 1658/2143/1647
f 1653/2138/1642 1658/2143/1647 1654/2139/1643
f 1656/2141/1645 1657/2142/1646 1659/2144/1648
f 1656/2141/1645 1659/2144/1648 1655/2140/1644
f 1658/2143/1647 1655/2140/1644 1660/2145/1649
f 1660/2145/1649 1655/2140/1644 1659/2144/1648
f 1658/2143/1647 1660/2145/1649 1654/2139/1643
f 1660/2145/1649 1659/2144/1648 1612/2073/1601
f 1660/2145/1649 1612/2073/1601 1654/2139/1643
f 1612/2073/1601 1659/2144/1648 1510/2146/1500
f 1654/2139/1643 1612/2073/1601 1661/2147/1650
f 1654/2139/1643 1661/2147/1650 1571/2030/1560
f 1571/2030/1560 1661/2147/1650 1612/2073/1601
f 1500/2148/1490 1649/2149/1638 1499/2150/133
f 1649/2149/1638 1500/2148/1490 1506/2151/1496
f 1649/2149/1638 1506/2151/1496 1662/2152/1651
f 1662/2152/1651 1506/2151/1496 1663/2153/1652
f 1663/2153/1652 1506/2151/1496 1664/2154/443
f 1664/2154/443 1506/2151/1496 1507/2155/1497
f 1664/2154/443 1507/2155/1497 1509/2156/1499
f 1663/2153/1652 1664/2154/443 1665/2157/1653
f 1663/2153/1652 1665/2157/1653 1662/2152/1651
f 1664/2154/443 1509/2156/1499 1666/2158/1654
f 1664/2154/443 1666/2158/1654 1665/2157/1653
f 1510/2159/1500 1659/2160/1648 1509/2156/1499
f 1509/2156/1499 1659/2160/1648 1657/2161/1646
f 1509/2156/1499 1657/2161/1646 1666/2158/1654
f 1662/2152/1651 1665/2157/1653 1667/2162/1655
f 1667/2162/1655 1665/2157/1653 1666/2158/1654
f 1668/2163/1656 1649/2149/1638 1662/2152/1651
f 1649/2149/1638 1668/2163/1656 1651/2164/1640
f 1662/2152/1651 1667/2162/1655 1669/2165/1657
f 1662/2152/1651 1669/2165/1657 1668/2163/1656
f 1667/2162/1655 1666/2158/1654 1670/2166/1658
f 1667/2162/1655 1670/2166/1658 1669/2165/1657
f 1670/2166/1658 1666/2158/1654 1657/2161/1646
f 1668/2163/1656 1669/2165/1657 1671/2167/1659
f 1668/2163/1656 1671/2167/1659 1651/2164/1640
f 1671/2167/1659 1669/2165/1657 1670/2166/1658
f 1672/2168/1660 1657/2161/1646 1651/2164/1640
f 1672/2168/1660 1651/2164/1640 1671/2167/1659
f 1670/2166/1658 1657/2161/1646 1673/2169/1661
f 1673/2169/1661 1657/2161/1646 1672/2168/1660
f 1670/2166/1658 1673/2169/1661 1671/2167/1659
f 1671/2167/1659 1673/2169/1661 1672/2168/1660
f 1626/2170/1615 1629/2171/1618 1627/2172/1616
f 1629/2171/1618 1626/2170/1615 1674/2173/1662
f 1629/2171/1618 1674/2173/1662 1630/2174/1619
f 1525/2175/1515 1522/2176/1512 1630/2174/1619
f 1525/2175/1515 1630/2174/1619 1675/2177/1663
f 1675/2177/1663 1630/2174/1619 1674/2173/1662
f 1525/2175/1515 1675/2177/1663 1676/2178/1664
f 1525/2175/1515 1676/2178/1664 1526/2179/1516
f 1526/2179/1516 1676/2178/1664 1677/2180/1665
f 1677/2180/1665 1676/2178/1664 1678/2181/1666
f 1678/2181/1666 1676/2178/1664 1675/2177/1663
f 1677/2180/1665 1678/2181/1666 1679/2182/1667
f 1679/2182/1667 1678/2181/1666 1680/2183/1668
f 1679/2182/1667 1680/2183/1668 1681/2184/1669
f 1678/2181/1666 1675/2177/1663 1682/2185/1670
f 1678/2181/1666 1682/2185/1670 1680/2183/1668
f 1682/2185/1670 1675/2177/1663 1674/2173/1662
f 1681/2184/1669 1680/2183/1668 1683/2186/1671
f 1680/2183/1668 1682/2185/1670 1684/2187/1672
f 1683/2186/1671 1680/2183/1668 1685/2188/1673
f 1685/2188/1673 1680/2183/1668 1684/2187/1672
f 1683/2186/1671 1685/2188/1673 1686/2189/1674
f 1683/2186/1671 1686/2189/1674 1687/2190/1675
f 1687/2190/1675 1686/2189/1674 1688/2191/1676
f 1682/2185/1670 1674/2173/1662 1689/2192/1677
f 1682/2185/1670 1689/2192/1677 1684/2187/1672
f 1688/2191/1676 1686/2189/1674 1690/2193/1678
f 1688/2191/1676 1690/2193/1678 1691/2194/1679
f 1691/2194/1679 1690/2193/1678 1692/2195/1680
f 1691/2194/1679 1692/2195/1680 1693/2196/1681
f 1693/2196/1681 1692/2195/1680 1694/2197/1682
f 1694/2197/1682 1692/2195/1680 1695/2198/1683
f 1695/2198/1683 1692/2195/1680 1696/2199/1684
f 1695/2198/1683 1696/2199/1684 1697/2200/1685
f 1692/2195/1680 1690/2193/1678 1698/2201/1686
f 1692/2195/1680 1698/2201/1686 1696/2199/1684
f 1699/2202/1687 1690/2193/1678 1686/2189/1674
f 1690/2193/1678 1699/2202/1687 1698/2201/1686
f 1697/2200/1685 1696/2199/1684 1700/2203/1688
f 1700/2203/1688 1696/2199/1684 1698/2201/1686
f 1697/2200/1685 1700/2203/1688 1701/2204/1689
f 1697/2200/1685 1701/2204/1689 1702/2205/1690
f 1701/2204/1689 1700/2203/1688 1703/2206/1691
f 1701/2204/1689 1703/2206/1691 1704/2207/1692
f 1700/2203/1688 1698/2201/1686 1705/2208/1693
f 1700/2203/1688 1705/2208/1693 1703/2206/1691
f 1705/2208/1693 1698/2201/1686 1706/2209/1279
f 1706/2209/1279 1698/2201/1686 1699/2202/1687
f 1704/2207/1692 1703/2206/1691 1707/2210/1694
f 1704/2207/1692 1707/2210/1694 1708/2211/1695
f 1703/2206/1691 1705/2208/1693 1709/2212/1696
f 1703/2206/1691 1709/2212/1696 1707/2210/1694
f 1705/2208/1693 1706/2209/1279 1710/2213/1697
f 1705/2208/1693 1710/2213/1697 1709/2212/1696
f 1706/2209/1279 1699/2202/1687 1711/2214/1698
f 1706/2209/1279 1711/2214/1698 1710/2213/1697
f 1709/2212/1696 1710/2213/1697 1712/2215/1699
f 1712/2215/1699 1710/2213/1697 1711/2214/1698
f 1707/2210/1694 1709/2212/1696 1713/2216/1700
f 1713/2216/1700 1709/2212/1696 1712/2215/1699
f 1714/2217/1701 1708/2211/1695 1707/2210/1694
f 1714/2217/1701 1707/2210/1694 1713/2216/1700
f 1708/2211/1695 1714/2217/1701 1715/2218/1702
f 1712/2215/1699 1711/2214/1698 1716/2219/1703
f 1712/2215/1699 1716/2219/1703 1713/2216/1700
f 1716/2219/1703 1711/2214/1698 1717/2220/1704
f 1714/2217/1701 1713/2216/1700 1718/2221/1705
f 1714/2217/1701 1718/2221/1705 1715/2218/1702
f 1713/2216/1700 1716/2219/1703 1719/2222/1706
f 1719/2222/1706 1716/2219/1703 1717/2220/1704
f 1713/2216/1700 1719/2222/1706 1718/2221/1705
f 1717/2220/1704 1711/2214/1698 1720/2223/1707
f 1720/2223/1707 1711/2214/1698 1699/2202/1687
f 1717/2220/1704 1720/2223/1707 1719/2222/1706
f 1720/2223/1707 1699/2202/1687 1686/2189/1674
f 1720/2223/1707 1686/2189/1674 1685/2188/1673
f 1720/2223/1707 1685/2188/1673 1719/2222/1706
f 1719/2222/1706 1685/2188/1673 1684/2187/1672
f 1721/2224/1708 1718/2221/1705 1719/2222/1706
f 1721/2224/1708 1719/2222/1706 1684/2187/1672
f 1722/2225/1709 1715/2218/1702 1718/2221/1705
f 1722/2225/1709 1718/2221/1705 1721/2224/1708
f 1715/2218/1702 1722/2225/1709 1723/2226/1710
f 1723/2226/1710 1722/2225/1709 1724/2227/1711
f 1721/2224/1708 1684/2187/1672 1725/2228/1712
f 1725/2228/1712 1684/2187/1672 1689/2192/1677
f 1722/2225/1709 1721/2224/1708 1726/2229/1713
f 1726/2229/1713 1721/2224/1708 1725/2228/1712
f 1724/2227/1711 1722/2225/1709 1727/2230/1714
f 1727/2230/1714 1722/2225/1709 1726/2229/1713
f 1728/2231/1715 1729/2232/1716 1724/2227/1711
f 1728/2231/1715 1724/2227/1711 1727/2230/1714
f 1728/2231/1715 1727/2230/1714 1730/2233/1717
f 1730/2233/1717 1727/2230/1714 1731/2234/1718
f 1731/2234/1718 1727/2230/1714 1732/2235/1719
f 1733/2236/1720 1726/2229/1713 1725/2228/1712
f 1733/2236/1720 1725/2228/1712 1689/2192/1677
f 1734/2237/1721 1727/2230/1714 1726/2229/1713
f 1727/2230/1714 1734/2237/1721 1732/2235/1719
f 1726/2229/1713 1733/2236/1720 1735/2238/1722
f 1726/2229/1713 1735/2238/1722 1734/2237/1721
f 1733/2236/1720 1689/2192/1677 1736/2239/1723
f 1733/2236/1720 1736/2239/1723 1735/2238/1722
f 1736/2239/1723 1689/2192/1677 1674/2173/1662
f 1734/2237/1721 1735/2238/1722 1737/2240/1724
f 1737/2240/1724 1735/2238/1722 1736/2239/1723
f 1738/2241/1725 1732/2235/1719 1734/2237/1721
f 1738/2241/1725 1734/2237/1721 1737/2240/1724
f 1732/2235/1719 1738/2241/1725 1739/2242/1726
f 1736/2239/1723 1674/2173/1662 1740/2243/1727
f 1736/2239/1723 1740/2243/1727 1737/2240/1724
f 1740/2243/1727 1674/2173/1662 1626/2170/1615
f 1740/2243/1727 1626/2170/1615 1624/2244/1613
f 1740/2243/1727 1624/2244/1613 1737/2240/1724
f 1739/2242/1726 1738/2241/1725 1741/2245/1728
f 1738/2241/1725 1737/2240/1724 1742/2246/1729
f 1742/2246/1729 1737/2240/1724 1624/2244/1613
f 1738/2241/1725 1742/2246/1729 1741/2245/1728
f 1742/2246/1729 1624/2244/1613 1623/2247/1612
f 1741/2245/1728 1742/2246/1729 1743/2248/1730
f 1743/2248/1730 1742/2246/1729 1623/2247/1612
f 1741/2245/1728 1743/2248/1730 1744/2249/1731
f 1741/2245/1728 1744/2249/1731 1745/2250/1732
f 1745/2250/1732 1744/2249/1731 1746/2251/1733
f 1743/2248/1730 1623/2247/1612 1622/2252/1611
f 1743/2248/1730 1622/2252/1611 1744/2249/1731
f 1622/2252/1611 1623/2247/1612 1621/2253/1610
f 1746/2251/1733 1744/2249/1731 1747/2254/1734
f 1747/2254/1734 1744/2249/1731 1622/2252/1611
f 1746/2251/1733 1747/2254/1734 1748/2255/1735
f 1747/2254/1734 1622/2252/1611 1544/2256/1534
f 1748/2255/1735 1747/2254/1734 1749/2257/1736
f 1747/2254/1734 1544/2256/1534 1543/2258/1533
f 1747/2254/1734 1543/2258/1533 1749/2257/1736
f 1677/2259/1665 1529/2260/1519 1526/2261/1516
f 1529/2260/1519 1677/2259/1665 1679/2262/1667
f 1529/2260/1519 1679/2262/1667 1750/2263/1737
f 1529/2260/1519 1750/2263/1737 1531/2264/1521
f 1750/2263/1737 1679/2262/1667 1751/2265/1738
f 1751/2265/1738 1679/2262/1667 1681/2266/1669
f 1531/2264/1521 1750/2263/1737 1752/2267/1739
f 1751/2265/1738 1681/2266/1669 1753/2268/1740
f 1753/2268/1740 1681/2266/1669 1683/2269/1671
f 1531/2264/1521 1752/2267/1739 1532/2270/1522
f 1753/2268/1740 1683/2269/1671 1687/2271/1675
f 1532/2270/1522 1752/2267/1739 1540/2272/1530
f 1532/2270/1522 1540/2272/1530 1533/2273/1523
f 1752/2267/1739 1750/2263/1737 1754/2274/1741
f 1754/2274/1741 1750/2263/1737 1751/2265/1738
f 1540/2272/1530 1752/2267/1739 1755/2275/1742
f 1540/2272/1530 1755/2275/1742 1541/2276/1531
f 1752/2267/1739 1754/2274/1741 1756/2277/1743
f 1752/2267/1739 1756/2277/1743 1755/2275/1742
f 1754/2274/1741 1751/2265/1738 1757/2278/1744
f 1757/2278/1744 1751/2265/1738 1753/2268/1740
f 1754/2274/1741 1757/2278/1744 1756/2277/1743
f 1541/2276/1531 1755/2275/1742 1758/2279/1745
f 1758/2279/1745 1755/2275/1742 1756/2277/1743
f 1541/2276/1531 1758/2279/1745 1543/2280/1533
f 1541/2276/1531 1543/2280/1533 1539/2281/1529
f 1543/2280/1533 1758/2279/1745 1749/2282/1736
f 1758/2279/1745 1756/2277/1743 1759/2283/1746
f 1759/2283/1746 1756/2277/1743 1760/2284/1747
f 1760/2284/1747 1756/2277/1743 1757/2278/1744
f 1759/2283/1746 1760/2284/1747 1761/2285/1748
f 1761/2285/1748 1760/2284/1747 1762/2286/1749
f 1762/2286/1749 1760/2284/1747 1757/2278/1744
f 1761/2285/1748 1762/2286/1749 1763/2287/1750
f 1762/2286/1749 1757/2278/1744 1764/2288/1751
f 1762/2286/1749 1764/2288/1751 1765/2289/1752
f 1763/2287/1750 1762/2286/1749 1766/2290/1753
f 1766/2290/1753 1762/2286/1749 1765/2289/1752
f 1765/2289/1752 1764/2288/1751 1767/2291/1754
f 1765/2289/1752 1767/2291/1754 1766/2290/1753
f 1764/2288/1751 1757/2278/1744 1768/2292/1755
f 1764/2288/1751 1768/2292/1755 1767/2291/1754
f 1768/2292/1755 1757/2278/1744 1753/2268/1740
f 1763/2287/1750 1766/2290/1753 1769/2293/1756
f 1763/2287/1750 1769/2293/1756 1770/2294/1757
f 1769/2293/1756 1766/2290/1753 1771/2295/1758
f 1769/2293/1756 1771/2295/1758 1770/2294/1757
f 1772/2296/1759 1766/2290/1753 1767/2291/1754
f 1766/2290/1753 1772/2296/1759 1771/2295/1758
f 1773/2297/1760 1767/2291/1754 1768/2292/1755
f 1767/2291/1754 1773/2297/1760 1772/2296/1759
f 1774/2298/692 1768/2292/1755 1753/2268/1740
f 1768/2292/1755 1774/2298/692 1773/2297/1760
f 1774/2298/692 1753/2268/1740 1687/2271/1675
f 1772/2296/1759 1773/2297/1760 1775/2299/1761
f 1775/2299/1761 1773/2297/1760 1774/2298/692
f 1774/2298/692 1687/2271/1675 1776/2300/1762
f 1774/2298/692 1776/2300/1762 1775/2299/1761
f 1776/2300/1762 1687/2271/1675 1688/2301/1676
f 1772/2296/1759 1775/2299/1761 1777/2302/1763
f 1772/2296/1759 1777/2302/1763 1771/2295/1758
f 1775/2299/1761 1776/2300/1762 1778/2303/1764
f 1775/2299/1761 1778/2303/1764 1777/2302/1763
f 1776/2300/1762 1688/2301/1676 1779/2304/1765
f 1776/2300/1762 1779/2304/1765 1778/2303/1764
f 1779/2304/1765 1688/2301/1676 1691/2305/1679
f 1779/2304/1765 1691/2305/1679 1780/2306/1766
f 1780/2306/1766 1691/2305/1679 1693/2307/1681
f 1780/2306/1766 1693/2307/1681 1781/2308/1767
f 1780/2306/1766 1781/2308/1767 1782/2309/1768
f 1779/2304/1765 1780/2306/1766 1783/2310/1769
f 1783/2310/1769 1780/2306/1766 1782/2309/1768
f 1779/2304/1765 1783/2310/1769 1778/2303/1764
f 1783/2310/1769 1782/2309/1768 1784/2311/1770
f 1778/2303/1764 1783/2310/1769 1785/2312/1771
f 1785/2312/1771 1783/2310/1769 1784/2311/1770
f 1778/2303/1764 1785/2312/1771 1777/2302/1763
f 1785/2312/1771 1784/2311/1770 1786/2313/1772
f 1786/2313/1772 1784/2311/1770 1346/2314/1338
f 1786/2313/1772 1346/2314/1338 1345/2315/1337
f 1786/2313/1772 1345/2315/1337 1348/2316/1340
f 1777/2302/1763 1785/2312/1771 1787/2317/1773
f 1787/2317/1773 1785/2312/1771 1786/2313/1772
f 1777/2302/1763 1787/2317/1773 1771/2295/1758
f 1786/2313/1772 1348/2316/1340 1788/2318/1774
f 1786/2313/1772 1788/2318/1774 1787/2317/1773
f 1788/2318/1774 1348/2316/1340 1350/2319/1342
f 1788/2318/1774 1350/2319/1342 1354/2320/1346
f 1788/2318/1774 1354/2320/1346 1789/2321/1775
f 1788/2318/1774 1789/2321/1775 1787/2317/1773
f 1787/2317/1773 1789/2321/1775 1771/2295/1758
f 1771/2295/1758 1789/2321/1775 1770/2294/1757
f 1770/2294/1757 1789/2321/1775 1790/2322/1776
f 1791/2323/1777 1784/2324/1770 1782/2325/1768
f 1791/2323/1777 1782/2325/1768 1792/2326/1778
f 1792/2326/1778 1782/2325/1768 1781/2327/1767
f 1784/2324/1770 1791/2323/1777 1793/2328/1779
f 1784/2324/1770 1793/2328/1779 1346/2329/1338
f 1346/2329/1338 1793/2328/1779 1344/2330/1336
f 1344/2330/1336 1793/2328/1779 1263/2331/1257
f 1263/2331/1257 1793/2328/1779 1264/2332/1258
f 1264/2332/1258 1793/2328/1779 1791/2323/1777
f 1263/2331/1257 1264/2332/1258 1262/2333/1256
f 1794/2334/1780 1791/2323/1777 1792/2326/1778
f 1791/2323/1777 1794/2334/1780 1264/2332/1258
f 1795/2335/1781 1792/2326/1778 1781/2327/1767
f 1792/2326/1778 1795/2335/1781 1794/2334/1780
f 1795/2335/1781 1781/2327/1767 1693/2336/1681
f 1795/2335/1781 1693/2336/1681 1694/2337/1682
f 1794/2334/1780 1795/2335/1781 1796/2338/1782
f 1796/2338/1782 1795/2335/1781 1694/2337/1682
f 1264/2332/1258 1794/2334/1780 1797/2339/1783
f 1264/2332/1258 1797/2339/1783 1261/2340/1255
f 1794/2334/1780 1796/2338/1782 1798/2341/1784
f 1794/2334/1780 1798/2341/1784 1797/2339/1783
f 1796/2338/1782 1694/2337/1682 1799/2342/1785
f 1799/2342/1785 1694/2337/1682 1695/2343/1683
f 1798/2341/1784 1796/2338/1782 1800/2344/1786
f 1800/2344/1786 1796/2338/1782 1799/2342/1785
f 1799/2342/1785 1695/2343/1683 1801/2345/1787
f 1801/2345/1787 1695/2343/1683 1697/2346/1685
f 1801/2345/1787 1697/2346/1685 1702/2347/1690
f 1799/2342/1785 1801/2345/1787 1802/2348/1788
f 1799/2342/1785 1802/2348/1788 1800/2344/1786
f 1801/2345/1787 1702/2347/1690 1803/2349/1789
f 1802/2348/1788 1801/2345/1787 1804/2350/1790
f 1804/2350/1790 1801/2345/1787 1803/2349/1789
f 1803/2349/1789 1702/2347/1690 1805/2351/1791
f 1805/2351/1791 1702/2347/1690 1806/2352/1792
f 1804/2350/1790 1803/2349/1789 1807/2353/1793
f 1807/2353/1793 1803/2349/1789 1805/2351/1791
f 1802/2348/1788 1804/2350/1790 1808/2354/1794
f 1808/2354/1794 1804/2350/1790 1807/2353/1793
f 1809/2355/1795 1800/2344/1786 1802/2348/1788
f 1809/2355/1795 1802/2348/1788 1808/2354/1794
f 1808/2354/1794 1807/2353/1793 1810/2356/1796
f 1810/2356/1796 1807/2353/1793 1811/2357/1797
f 1811/2357/1797 1807/2353/1793 1812/2358/1798
f 1812/2358/1798 1807/2353/1793 1805/2351/1791
f 1811/2357/1797 1812/2358/1798 1813/2359/1799
f 1813/2359/1799 1812/2358/1798 1360/2360/1352
f 1360/2360/1352 1812/2358/1798 1359/2361/1351
f 1359/2361/1351 1812/2358/1798 1805/2351/1791
f 1359/2361/1351 1805/2351/1791 1814/2362/1800
f 1815/2363/1801 1808/2354/1794 1810/2356/1796
f 1815/2363/1801 1810/2356/1796 1816/2364/1802
f 1808/2354/1794 1815/2363/1801 1817/2365/1803
f 1808/2354/1794 1817/2365/1803 1809/2355/1795
f 1817/2365/1803 1815/2363/1801 1818/2366/1804
f 1818/2366/1804 1815/2363/1801 1816/2364/1802
f 1817/2365/1803 1818/2366/1804 1819/2367/1805
f 1809/2355/1795 1817/2365/1803 1820/2368/1806
f 1820/2368/1806 1817/2365/1803 1819/2367/1805
f 1818/2366/1804 1816/2364/1802 1821/2369/1807
f 1818/2366/1804 1821/2369/1807 1819/2367/1805
f 1820/2368/1806 1819/2367/1805 1822/2370/1808
f 1822/2370/1808 1819/2367/1805 1823/2371/1809
f 1820/2368/1806 1822/2370/1808 1824/2372/1810
f 1824/2372/1810 1822/2370/1808 1825/2373/1811
f 1809/2355/1795 1820/2368/1806 1826/2374/1812
f 1826/2374/1812 1820/2368/1806 1824/2372/1810
f 1824/2372/1810 1825/2373/1811 1827/2375/1813
f 1828/2376/1814 1819/2367/1805 1821/2369/1807
f 1819/2367/1805 1828/2376/1814 1829/2377/1815
f 1828/2376/1814 1821/2369/1807 1830/2378/1816
f 1824/2372/1810 1827/2375/1813 1831/2379/1817
f 1824/2372/1810 1831/2379/1817 1832/2380/1818
f 1824/2372/1810 1832/2380/1818 1826/2374/1812
f 1831/2379/1817 1827/2375/1813 1833/2381/1819
f 1833/2381/1819 1827/2375/1813 1834/2382/1820
f 1833/2381/1819 1834/2382/1820 1835/2383/1821
f 1835/2383/1821 1834/2382/1820 1836/2384/1822
f 1833/2381/1819 1835/2383/1821 1837/2385/1823
f 1831/2379/1817 1833/2381/1819 1838/2386/1824
f 1831/2379/1817 1838/2386/1824 1832/2380/1818
f 1838/2386/1824 1833/2381/1819 1837/2385/1823
f 1837/2385/1823 1835/2383/1821 1839/2387/1825
f 1832/2380/1818 1838/2386/1824 1840/2388/1826
f 1832/2380/1818 1840/2388/1826 1826/2374/1812
f 1838/2386/1824 1837/2385/1823 1841/2389/1827
f 1838/2386/1824 1841/2389/1827 1840/2388/1826
f 1837/2385/1823 1839/2387/1825 1842/2390/1828
f 1842/2390/1828 1839/2387/1825 1843/2391/1829
f 1842/2390/1828 1843/2391/1829 1844/2392/1830
f 1232/2393/1226 1233/2394/1227 1844/2392/1830
f 1844/2392/1830 1233/2394/1227 1842/2390/1828
f 1842/2390/1828 1233/2394/1227 1236/2395/1230
f 1236/2395/1230 1233/2394/1227 1234/2396/1228
f 1842/2390/1828 1236/2395/1230 1248/2397/1242
f 1248/2397/1242 1236/2395/1230 1238/2398/1232
f 1845/2399/1831 1837/2385/1823 1842/2390/1828
f 1845/2399/1831 1842/2390/1828 1248/2397/1242
f 1837/2385/1823 1845/2399/1831 1841/2389/1827
f 1845/2399/1831 1248/2397/1242 1247/2400/1241
f 1841/2389/1827 1845/2399/1831 1846/2401/1832
f 1846/2401/1832 1845/2399/1831 1247/2400/1241
f 1841/2389/1827 1846/2401/1832 1840/2388/1826
f 1846/2401/1832 1247/2400/1241 1246/2402/1240
f 1846/2401/1832 1246/2402/1240 1260/2403/1254
f 1846/2401/1832 1260/2403/1254 1847/2404/1833
f 1846/2401/1832 1847/2404/1833 1840/2388/1826
f 1847/2404/1833 1260/2403/1254 1261/2340/1255
f 1847/2404/1833 1261/2340/1255 1797/2339/1783
f 1840/2388/1826 1847/2404/1833 1848/2405/1834
f 1848/2405/1834 1847/2404/1833 1797/2339/1783
f 1840/2388/1826 1848/2405/1834 1826/2374/1812
f 1848/2405/1834 1797/2339/1783 1798/2341/1784
f 1826/2374/1812 1848/2405/1834 1849/2406/1835
f 1849/2406/1835 1848/2405/1834 1798/2341/1784
f 1826/2374/1812 1849/2406/1835 1809/2355/1795
f 1849/2406/1835 1798/2341/1784 1800/2344/1786
f 1849/2406/1835 1800/2344/1786 1809/2355/1795
f 1850/2407/1836 1723/2408/1710 1724/2409/1711
f 1850/2407/1836 1724/2409/1711 1851/2410/1837
f 1851/2410/1837 1724/2409/1711 1729/2411/1716
f 1850/2407/1836 1851/2410/1837 1852/2412/1838
f 1851/2410/1837 1729/2411/1716 1853/2413/1839
f 1852/2412/1838 1851/2410/1837 1854/2414/1840
f 1854/2414/1840 1851/2410/1837 1853/2413/1839
f 1853/2413/1839 1729/2411/1716 1855/2415/1841
f 1852/2412/1838 1854/2414/1840 1856/2416/1842
f 1852/2412/1838 1856/2416/1842 1850/2407/1836
f 1850/2407/1836 1856/2416/1842 1723/2408/1710
f 1856/2416/1842 1854/2414/1840 1857/2417/1843
f 1855/2415/1841 1729/2411/1716 1728/2418/1715
f 1855/2415/1841 1728/2418/1715 1730/2419/1717
f 1853/2413/1839 1855/2415/1841 1790/2420/1776
f 1855/2415/1841 1730/2419/1717 1858/2421/1844
f 1855/2415/1841 1858/2421/1844 1790/2420/1776
f 1790/2420/1776 1858/2421/1844 1859/2422/1845
f 1790/2420/1776 1859/2422/1845 1770/2423/1757
f 1770/2423/1757 1859/2422/1845 1763/2424/1750
f 1763/2424/1750 1859/2422/1845 1858/2421/1844
f 1763/2424/1750 1858/2421/1844 1761/2425/1748
f 1860/2426/1846 1856/2416/1842 1857/2417/1843
f 1856/2416/1842 1860/2426/1846 1723/2408/1710
f 1860/2426/1846 1857/2417/1843 1861/2427/1847
f 1723/2408/1710 1860/2426/1846 1862/2428/1848
f 1860/2426/1846 1861/2427/1847 1863/2429/1849
f 1860/2426/1846 1863/2429/1849 1862/2428/1848
f 1862/2428/1848 1863/2429/1849 1861/2427/1847
f 1702/2430/1690 1864/2431/1850 1806/2432/1792
f 1864/2431/1850 1702/2430/1690 1701/2433/1689
f 1864/2431/1850 1701/2433/1689 1704/2434/1692
f 1806/2432/1792 1864/2431/1850 1814/2435/1800
f 1806/2432/1792 1814/2435/1800 1805/2436/1791
f 1864/2431/1850 1704/2434/1692 1865/2437/1851
f 1864/2431/1850 1865/2437/1851 1814/2435/1800
f 1865/2437/1851 1704/2434/1692 1708/2438/1695
f 1359/2439/1351 1814/2435/1800 1357/2440/1349
f 1357/2440/1349 1814/2435/1800 1866/2441/1852
f 1357/2440/1349 1866/2441/1852 1355/2442/1347
f 1814/2435/1800 1865/2437/1851 1867/2443/1853
f 1814/2435/1800 1867/2443/1853 1866/2441/1852
f 1355/2442/1347 1866/2441/1852 1868/2444/1854
f 1868/2444/1854 1866/2441/1852 1867/2443/1853
f 1355/2442/1347 1868/2444/1854 1354/2445/1346
f 1354/2445/1346 1868/2444/1854 1789/2446/1775
f 1789/2446/1775 1868/2444/1854 1790/2447/1776
f 1790/2447/1776 1868/2444/1854 1853/2448/1839
f 1853/2448/1839 1868/2444/1854 1867/2443/1853
f 1853/2448/1839 1867/2443/1853 1854/2449/1840
f 1854/2449/1840 1867/2443/1853 1865/2437/1851
f 1854/2449/1840 1865/2437/1851 1857/2450/1843
f 1857/2450/1843 1865/2437/1851 1708/2438/1695
f 1857/2450/1843 1708/2438/1695 1869/2451/1855
f 1869/2451/1855 1708/2438/1695 1715/2452/1702
f 1869/2451/1855 1715/2452/1702 1723/2453/1710
f 1869/2451/1855 1723/2453/1710 1862/2454/1848
f 1869/2451/1855 1862/2454/1848 1857/2450/1843
f 1857/2450/1843 1862/2454/1848 1861/2455/1847
f 1749/2456/1736 1758/2457/1745 1870/2458/1856
f 1749/2456/1736 1870/2458/1856 1871/2459/1857
f 1749/2456/1736 1871/2459/1857 1748/2460/1735
f 1870/2458/1856 1758/2457/1745 1872/2461/1858
f 1872/2461/1858 1758/2457/1745 1731/2462/1718
f 1731/2462/1718 1758/2457/1745 1730/2463/1717
f 1730/2463/1717 1758/2457/1745 1759/2464/1746
f 1730/2463/1717 1759/2464/1746 1858/2465/1844
f 1858/2465/1844 1759/2464/1746 1761/2466/1748
f 1873/2467/1859 1871/2459/1857 1870/2458/1856
f 1870/2458/1856 1872/2461/1858 1874/2468/1860
f 1870/2458/1856 1874/2468/1860 1873/2467/1859
f 1874/2468/1860 1872/2461/1858 1875/2469/1861
f 1875/2469/1861 1872/2461/1858 1876/2470/1862
f 1875/2469/1861 1876/2470/1862 1877/2471/1863
f 1873/2467/1859 1874/2468/1860 1878/2472/1864
f 1878/2472/1864 1874/2468/1860 1879/2473/1865
f 1879/2473/1865 1874/2468/1860 1875/2469/1861
f 1873/2467/1859 1878/2472/1864 1880/2474/1866
f 1880/2474/1866 1878/2472/1864 1879/2473/1865
f 1875/2469/1861 1877/2471/1863 1881/2475/1867
f 1875/2469/1861 1881/2475/1867 1879/2473/1865
f 1881/2475/1867 1877/2471/1863 1882/2476/1868
f 1881/2475/1867 1882/2476/1868 1883/2477/1869
f 1881/2475/1867 1883/2477/1869 1879/2473/1865
f 1879/2473/1865 1883/2477/1869 1884/2478/956
f 1879/2473/1865 1884/2478/956 1880/2474/1866
f 1884/2478/956 1883/2477/1869 1885/2479/1870
f 1884/2478/956 1885/2479/1870 1886/2480/1871
f 1884/2478/956 1886/2480/1871 1887/2481/1872
f 1884/2478/956 1887/2481/1872 1888/2482/1873
f 1884/2478/956 1888/2482/1873 1880/2474/1866
f 1888/2482/1873 1887/2481/1872 1889/2483/1874
f 1890/2484/1875 1873/2467/1859 1880/2474/1866
f 1890/2484/1875 1880/2474/1866 1888/2482/1873
f 1873/2467/1859 1890/2484/1875 1871/2459/1857
f 1871/2459/1857 1890/2484/1875 1748/2460/1735
f 1888/2482/1873 1889/2483/1874 1891/2485/1876
f 1748/2460/1735 1890/2484/1875 1892/2486/1877
f 1892/2486/1877 1890/2484/1875 1888/2482/1873
f 1748/2460/1735 1892/2486/1877 1746/2487/1733
f 1892/2486/1877 1888/2482/1873 1893/2488/1878
f 1892/2486/1877 1893/2488/1878 1746/2487/1733
f 1893/2488/1878 1888/2482/1873 1891/2485/1876
f 1746/2487/1733 1893/2488/1878 1745/2489/1732
f 1745/2489/1732 1893/2488/1878 1891/2485/1876
f 1745/2489/1732 1891/2485/1876 1741/2490/1728
f 1741/2490/1728 1891/2485/1876 1739/2491/1726
f 1876/2492/1862 1872/2493/1858 1731/2494/1718
f 1876/2492/1862 1731/2494/1718 1894/2495/1879
f 1894/2495/1879 1731/2494/1718 1732/2496/1719
f 1894/2495/1879 1732/2496/1719 1895/2497/1880
f 1894/2495/1879 1895/2497/1880 1876/2492/1862
f 1895/2497/1880 1732/2496/1719 1739/2498/1726
f 1895/2497/1880 1739/2498/1726 1891/2499/1876
f 1895/2497/1880 1891/2499/1876 1889/2500/1874
f 1876/2492/1862 1895/2497/1880 1896/2501/1881
f 1876/2492/1862 1896/2501/1881 1877/2502/1863
f 1895/2497/1880 1889/2500/1874 1897/2503/1882
f 1897/2503/1882 1889/2500/1874 1887/2504/1872
f 1877/2502/1863 1896/2501/1881 1882/2505/1868
f 1896/2501/1881 1895/2497/1880 1898/2506/1883
f 1898/2506/1883 1895/2497/1880 1897/2503/1882
f 1897/2503/1882 1887/2504/1872 1899/2507/1884
f 1899/2507/1884 1887/2504/1872 1886/2508/1871
f 1897/2503/1882 1899/2507/1884 1900/2509/1885
f 1899/2507/1884 1886/2508/1871 1885/2510/1870
f 1897/2503/1882 1900/2509/1885 1901/2511/1886
f 1897/2503/1882 1901/2511/1886 1898/2506/1883
f 1900/2509/1885 1899/2507/1884 1902/2512/1887
f 1902/2512/1887 1899/2507/1884 1885/2510/1870
f 1900/2509/1885 1902/2512/1887 1901/2511/1886
f 1898/2506/1883 1901/2511/1886 1903/2513/1888
f 1903/2513/1888 1901/2511/1886 1904/2514/1889
f 1898/2506/1883 1903/2513/1888 1905/2515/1890
f 1905/2515/1890 1903/2513/1888 1904/2514/1889
f 1898/2506/1883 1905/2515/1890 1896/2501/1881
f 1904/2514/1889 1901/2511/1886 1906/2516/1891
f 1904/2514/1889 1906/2516/1891 1905/2515/1890
f 1906/2516/1891 1901/2511/1886 1902/2512/1887
f 1896/2501/1881 1905/2515/1890 1907/2517/1892
f 1907/2517/1892 1905/2515/1890 1906/2516/1891
f 1896/2501/1881 1907/2517/1892 1882/2505/1868
f 1906/2516/1891 1902/2512/1887 1908/2518/1893
f 1906/2516/1891 1908/2518/1893 1907/2517/1892
f 1908/2518/1893 1902/2512/1887 1885/2510/1870
f 1882/2505/1868 1907/2517/1892 1909/2519/1894
f 1909/2519/1894 1907/2517/1892 1908/2518/1893
f 1882/2505/1868 1909/2519/1894 1910/2520/1895
f 1910/2520/1895 1909/2519/1894 1908/2518/1893
f 1910/2520/1895 1908/2518/1893 1885/2510/1870
f 1882/2505/1868 1910/2520/1895 1883/2521/1869
f 1883/2521/1869 1910/2520/1895 1885/2510/1870
f 1225/2522/1219 1231/2523/1225 1226/2524/1220
f 1226/2525/1220 1911/2526/1896 1274/2527/1268
f 1911/2526/1896 1226/2525/1220 1231/2528/1225
f 1911/2526/1896 1231/2528/1225 1232/2529/1226
f 1911/2526/1896 1232/2529/1226 1912/2530/1897
f 1911/2526/1896 1912/2530/1897 1913/2531/1898
f 1911/2526/1896 1913/2531/1898 1274/2527/1268
f 1912/2530/1897 1232/2529/1226 1914/2532/1899
f 1914/2532/1899 1232/2529/1226 1844/2533/1830
f 1913/2531/1898 1912/2530/1897 1915/2534/1900
f 1915/2534/1900 1912/2530/1897 1914/2532/1899
f 1274/2527/1268 1913/2531/1898 1916/2535/1901
f 1916/2535/1901 1913/2531/1898 1915/2534/1900
f 1914/2532/1899 1844/2533/1830 1843/2536/1829
f 1274/2527/1268 1916/2535/1901 1282/2537/1276
f 1274/2527/1268 1282/2537/1276 1276/2538/1270
f 1274/2527/1268 1276/2538/1270 1273/2539/1267
f 1276/2538/1270 1282/2537/1276 1278/2540/1272
f 1282/2537/1276 1916/2535/1901 1281/2541/1275
f 1281/2541/1275 1916/2535/1901 1285/2542/1279
f 1914/2532/1899 1843/2536/1829 1917/2543/1902
f 1285/2542/1279 1916/2535/1901 1918/2544/1903
f 1918/2544/1903 1916/2535/1901 1915/2534/1900
f 1285/2542/1279 1918/2544/1903 1919/2545/1904
f 1285/2542/1279 1919/2545/1904 1287/2546/1281
f 1285/2542/1279 1287/2546/1281 1284/2547/1278
f 1287/2546/1281 1919/2545/1904 1920/2548/1905
f 1920/2548/1905 1919/2545/1904 1918/2544/1903
f 1287/2546/1281 1920/2548/1905 1294/2549/1287
f 1293/2550/1163 1294/2549/1287 1296/2551/1289
f 1296/2551/1289 1294/2549/1287 1921/2552/1906
f 1921/2552/1906 1294/2549/1287 1920/2548/1905
f 1921/2552/1906 1920/2548/1905 1922/2553/1907
f 1920/2548/1905 1918/2544/1903 1923/2554/1908
f 1920/2548/1905 1923/2554/1908 1922/2553/1907
f 1923/2554/1908 1918/2544/1903 1915/2534/1900
f 1922/2553/1907 1923/2554/1908 1924/2555/1909
f 1922/2553/1907 1924/2555/1909 1925/2556/1910
f 1923/2554/1908 1915/2534/1900 1926/2557/1911
f 1923/2554/1908 1926/2557/1911 1924/2555/1909
f 1926/2557/1911 1915/2534/1900 1914/2532/1899
f 1926/2557/1911 1914/2532/1899 1927/2558/1912
f 1927/2558/1912 1914/2532/1899 1917/2543/1902
f 1924/2555/1909 1926/2557/1911 1928/2559/1913
f 1928/2559/1913 1926/2557/1911 1927/2558/1912
f 1924/2555/1909 1928/2559/1913 1929/2560/1914
f 1924/2555/1909 1929/2560/1914 1930/2561/1915
f 1929/2560/1914 1928/2559/1913 1931/2562/1916
f 1931/2562/1916 1928/2559/1913 1927/2558/1912
f 1929/2560/1914 1931/2562/1916 1932/2563/1917
f 1931/2562/1916 1927/2558/1912 1933/2564/1918
f 1934/2565/1919 1927/2558/1912 1917/2543/1902
f 1927/2558/1912 1934/2565/1919 1933/2564/1918
f 1934/2565/1919 1917/2543/1902 1843/2536/1829
f 1934/2565/1919 1843/2536/1829 1839/2566/1825
f 1934/2565/1919 1839/2566/1825 1933/2564/1918
f 1933/2564/1918 1839/2566/1825 1836/2567/1822
f 1836/2567/1822 1839/2566/1825 1835/2568/1821
f 1935/2569/1920 1836/2570/1822 1834/2571/1820
f 1836/2570/1822 1935/2569/1920 1933/2572/1918
f 1935/2569/1920 1834/2571/1820 1827/2573/1813
f 1933/2572/1918 1935/2569/1920 1936/2574/1921
f 1935/2569/1920 1827/2573/1813 1825/2575/1811
f 1936/2574/1921 1935/2569/1920 1937/2576/1922
f 1937/2576/1922 1935/2569/1920 1825/2575/1811
f 1822/2577/1808 1823/2578/1809 1825/2575/1811
f 1825/2575/1811 1823/2578/1809 1937/2576/1922
f 1936/2574/1921 1937/2576/1922 1938/2579/1923
f 1936/2574/1921 1938/2579/1923 1939/2580/1924
f 1938/2579/1923 1937/2576/1922 1940/2581/1925
f 1939/2580/1924 1938/2579/1923 1941/2582/1926
f 1941/2582/1926 1938/2579/1923 1940/2581/1925
f 1939/2580/1924 1941/2582/1926 1942/2583/1927
f 1942/2583/1927 1941/2582/1926 1403/2584/1394
f 1403/2584/1394 1941/2582/1926 1405/2585/1396
f 1405/2585/1396 1941/2582/1926 1940/2581/1925
f 1940/2581/1925 1937/2576/1922 1943/2586/1928
f 1943/2586/1928 1937/2576/1922 1823/2578/1809
f 1940/2581/1925 1943/2586/1928 1944/2587/1929
f 1944/2587/1929 1943/2586/1928 1823/2578/1809
f 1405/2585/1396 1940/2581/1925 1945/2588/1930
f 1945/2588/1930 1940/2581/1925 1944/2587/1929
f 1405/2585/1396 1945/2588/1930 1946/2589/1931
f 1405/2585/1396 1946/2589/1931 1390/2590/1382
f 1945/2588/1930 1944/2587/1929 1947/2591/1932
f 1945/2588/1930 1947/2591/1932 1946/2589/1931
f 1390/2590/1382 1946/2589/1931 1385/2592/1377
f 1819/2593/1805 1829/2594/1815 1823/2578/1809
f 1823/2578/1809 1829/2594/1815 1948/2595/1933
f 1823/2578/1809 1948/2595/1933 1944/2587/1929
f 1948/2595/1933 1829/2594/1815 1949/2596/1934
f 1944/2587/1929 1948/2595/1933 1950/2597/1935
f 1950/2597/1935 1948/2595/1933 1949/2596/1934
f 1944/2587/1929 1950/2597/1935 1947/2591/1932
f 1950/2597/1935 1949/2596/1934 1951/2598/1936
f 1951/2598/1936 1949/2596/1934 1404/2599/1395
f 1951/2598/1936 1404/2599/1395 1400/2600/1391
f 1950/2597/1935 1951/2598/1936 1952/2601/1937
f 1950/2597/1935 1952/2601/1937 1953/2602/1938
f 1950/2597/1935 1953/2602/1938 1947/2591/1932
f 1947/2591/1932 1953/2602/1938 1328/2603/1321
f 1328/2603/1321 1953/2602/1938 1333/2604/1326
f 1947/2591/1932 1328/2603/1321 1954/2605/1939
f 1947/2591/1932 1954/2605/1939 1946/2589/1931
f 1954/2605/1939 1328/2603/1321 1323/2606/1316
f 1946/2589/1931 1954/2605/1939 1955/2607/1940
f 1946/2589/1931 1955/2607/1940 1385/2592/1377
f 1954/2605/1939 1323/2606/1316 1956/2608/1941
f 1954/2605/1939 1956/2608/1941 1955/2607/1940
f 1956/2608/1941 1323/2606/1316 1322/2609/1315
f 1956/2608/1941 1322/2609/1315 1366/2610/1358
f 1956/2608/1941 1366/2610/1358 1955/2607/1940
f 1955/2607/1940 1366/2610/1358 1385/2592/1377
f 1385/2592/1377 1366/2610/1358 1369/2611/1361
f 1936/2612/1921 1931/2613/1916 1933/2614/1918
f 1931/2613/1916 1936/2612/1921 1957/2615/1942
f 1931/2613/1916 1957/2615/1942 1932/2616/1917
f 1957/2615/1942 1936/2612/1921 1958/2617/1943
f 1958/2617/1943 1936/2612/1921 1959/2618/1944
f 1959/2618/1944 1936/2612/1921 1939/2619/1924
f 1958/2617/1943 1959/2618/1944 1960/2620/1527
f 1960/2620/1527 1959/2618/1944 1939/2619/1924
f 1958/2617/1943 1960/2620/1527 1957/2615/1942
f 1960/2620/1527 1939/2619/1924 1961/2621/1945
f 1961/2621/1945 1939/2619/1924 1942/2622/1927
f 1961/2621/1945 1942/2622/1927 1403/2623/1394
f 1961/2621/1945 1403/2623/1394 1404/2624/1395
f 1961/2621/1945 1404/2624/1395 1962/2625/1946
f 1961/2621/1945 1962/2625/1946 1960/2620/1527
f 1962/2625/1946 1404/2624/1395 1949/2626/1934
f 1962/2625/1946 1949/2626/1934 1829/2627/1815
f 1960/2620/1527 1962/2625/1946 1963/2628/1947
f 1963/2628/1947 1962/2625/1946 1829/2627/1815
f 1960/2620/1527 1963/2628/1947 1957/2615/1942
f 1963/2628/1947 1829/2627/1815 1964/2629/1948
f 1964/2629/1948 1829/2627/1815 1828/2630/1814
f 1964/2629/1948 1828/2630/1814 1965/2631/1949
f 1957/2615/1942 1963/2628/1947 1966/2632/1950
f 1957/2615/1942 1966/2632/1950 1932/2616/1917
f 1963/2628/1947 1964/2629/1948 1967/2633/1951
f 1963/2628/1947 1967/2633/1951 1966/2632/1950
f 1964/2629/1948 1965/2631/1949 1968/2634/1952
f 1964/2629/1948 1968/2634/1952 1967/2633/1951
f 1968/2634/1952 1965/2631/1949 1969/2635/1953
f 1969/2635/1953 1965/2631/1949 1970/2636/1954
f 1967/2633/1951 1968/2634/1952 1971/2637/1955
f 1967/2633/1951 1971/2637/1955 1966/2632/1950
f 1971/2637/1955 1968/2634/1952 1969/2635/1953
f 1969/2635/1953 1970/2636/1954 1972/2638/1956
f 1973/2639/1957 1932/2616/1917 1966/2632/1950
f 1973/2639/1957 1966/2632/1950 1971/2637/1955
f 1932/2616/1917 1973/2639/1957 1929/2640/1914
f 1929/2640/1914 1973/2639/1957 1930/2641/1915
f 1930/2641/1915 1973/2639/1957 1974/2642/1958
f 1974/2642/1958 1973/2639/1957 1971/2637/1955
f 1930/2641/1915 1974/2642/1958 1975/2643/1959
f 1975/2643/1959 1974/2642/1958 1976/2644/1960
f 1976/2644/1960 1974/2642/1958 1977/2645/1961
f 1977/2645/1961 1974/2642/1958 1971/2637/1955
f 1977/2645/1961 1971/2637/1955 1978/2646/1962
f 1978/2646/1962 1971/2637/1955 1969/2635/1953
f 1977/2645/1961 1978/2646/1962 1979/2647/1963
f 1979/2647/1963 1978/2646/1962 1980/2648/1964
f 1978/2646/1962 1969/2635/1953 1981/2649/1965
f 1978/2646/1962 1981/2649/1965 1980/2648/1964
f 1981/2649/1965 1969/2635/1953 1972/2638/1956
f 1980/2648/1964 1981/2649/1965 1982/2650/1966
f 1982/2650/1966 1981/2649/1965 1972/2638/1956
f 1983/2651/1967 1951/2652/1936 1398/2653/1389
f 1398/2653/1389 1951/2652/1936 1400/2654/1391
f 1951/2652/1936 1983/2651/1967 1952/2655/1937
f 1952/2655/1937 1983/2651/1967 1984/2656/1968
f 1952/2655/1937 1984/2656/1968 1953/2657/1938
f 1953/2657/1938 1984/2656/1968 1985/2658/1969
f 1953/2657/1938 1985/2658/1969 1333/2659/1326
f 1333/2659/1326 1985/2658/1969 1334/2660/1327
f 1985/2658/1969 1984/2656/1968 1986/2661/1970
f 1985/2658/1969 1986/2661/1970 1987/2662/1971
f 1986/2661/1970 1984/2656/1968 1988/2663/1972
f 1988/2663/1972 1984/2656/1968 1983/2651/1967
f 1986/2661/1970 1988/2663/1972 1989/2664/1973
f 1988/2663/1972 1983/2651/1967 1990/2665/1974
f 1990/2665/1974 1983/2651/1967 1398/2653/1389
f 1989/2664/1973 1988/2663/1972 1991/2666/1975
f 1991/2666/1975 1988/2663/1972 1990/2665/1974
f 1989/2664/1973 1991/2666/1975 1992/2667/1976
f 1990/2665/1974 1398/2653/1389 1993/2668/1977
f 1990/2665/1974 1993/2668/1977 1991/2666/1975
f 1992/2667/1976 1991/2666/1975 1994/2669/1978
f 1994/2669/1978 1991/2666/1975 1993/2668/1977
f 1992/2667/1976 1994/2669/1978 1995/2670/1979
f 1995/2670/1979 1994/2669/1978 1972/2671/1956
f 1972/2671/1956 1994/2669/1978 1982/2672/1966
f 1982/2672/1966 1994/2669/1978 1993/2668/1977
f 1982/2672/1966 1993/2668/1977 1980/2673/1964
f 1980/2673/1964 1993/2668/1977 1996/2674/1980
f 1996/2674/1980 1993/2668/1977 1398/2653/1389
f 1980/2673/1964 1996/2674/1980 1979/2675/1963
f 1996/2674/1980 1398/2653/1389 1997/2676/1981
f 1996/2674/1980 1997/2676/1981 1979/2675/1963
f 1997/2676/1981 1398/2653/1389 1394/2677/120
f 1979/2675/1963 1997/2676/1981 1998/2678/1982
f 1979/2675/1963 1998/2678/1982 1977/2679/1961
f 1977/2679/1961 1998/2678/1982 1976/2680/1960
f 1998/2678/1982 1997/2676/1981 1999/2681/1983
f 1999/2681/1983 1997/2676/1981 1394/2677/120
f 1976/2680/1960 1998/2678/1982 2000/2682/1984
f 2000/2682/1984 1998/2678/1982 1999/2681/1983
f 1976/2680/1960 2000/2682/1984 2001/2683/1985
f 1976/2680/1960 2001/2683/1985 1975/2684/1959
f 1999/2681/1983 1394/2677/120 2002/2685/1986
f 2002/2685/1986 1394/2677/120 1389/2686/1381
f 2002/2685/1986 1389/2686/1381 1387/2687/1379
f 2002/2685/1986 1387/2687/1379 2003/2688/1987
f 2003/2688/1987 1387/2687/1379 1381/2689/1373
f 1999/2681/1983 2002/2685/1986 2004/2690/1988
f 2004/2690/1988 2002/2685/1986 2003/2688/1987
f 2003/2688/1987 1381/2689/1373 2005/2691/1989
f 2003/2688/1987 2005/2691/1989 2004/2690/1988
f 2005/2691/1989 1381/2689/1373 1379/2692/1371
f 1999/2681/1983 2004/2690/1988 2006/2693/1990
f 2006/2693/1990 2004/2690/1988 2005/2691/1989
f 1999/2681/1983 2006/2693/1990 2000/2682/1984
f 2006/2693/1990 2005/2691/1989 2007/2694/1991
f 2000/2682/1984 2006/2693/1990 2008/2695/1992
f 2008/2695/1992 2006/2693/1990 2007/2694/1991
f 2000/2682/1984 2008/2695/1992 2001/2683/1985
f 2007/2694/1991 2005/2691/1989 2009/2696/1993
f 2007/2694/1991 2009/2696/1993 2008/2695/1992
f 2008/2695/1992 2009/2696/1993 2010/2697/1994
f 2008/2695/1992 2010/2697/1994 2001/2683/1985
f 2010/2697/1994 2009/2696/1993 2011/2698/1995
f 2011/2698/1995 2009/2696/1993 2012/2699/1996
f 2011/2698/1995 2012/2699/1996 2013/2700/1997
f 2013/2700/1997 2012/2699/1996 2014/2701/1998
f 2010/2697/1994 2011/2698/1995 2015/2702/1999
f 2010/2697/1994 2015/2702/1999 2001/2683/1985
f 2001/2683/1985 2015/2702/1999 1921/2703/1906
f 2001/2683/1985 1921/2703/1906 1922/2704/1907
f 2001/2683/1985 1922/2704/1907 1925/2705/1910
f 2001/2683/1985 1925/2705/1910 2016/2706/2000
f 2001/2683/1985 2016/2706/2000 1975/2684/1959
f 2016/2706/2000 1925/2705/1910 1924/2707/1909
f 1975/2684/1959 2016/2706/2000 1930/2708/1915
f 1930/2708/1915 2016/2706/2000 1924/2707/1909
f 2017/2709/2001 2018/2710/2002 2019/2711/2003
f 2017/2709/2001 2019/2711/2003 2020/2712/2004
f 2019/2711/2003 2018/2710/2002 2021/2713/2005
f 2018/2710/2002 2017/2709/2001 2022/2714/2006
f 2022/2714/2006 2017/2709/2001 2023/2715/2007
f 2023/2715/2007 2017/2709/2001 2020/2712/2004
f 2018/2710/2002 2022/2714/2006 2024/2716/2008
f 2022/2714/2006 2023/2715/2007 2025/2717/2009
f 2022/2714/2006 2025/2717/2009 2024/2716/2008
f 2025/2717/2009 2023/2715/2007 2026/2718/2010
f 2026/2718/2010 2023/2715/2007 2020/2712/2004
f 2025/2717/2009 2026/2718/2010 2027/2719/2011
f 2024/2716/2008 2025/2717/2009 2028/2720/2012
f 2028/2720/2012 2025/2717/2009 2027/2719/2011
f 2018/2710/2002 2024/2716/2008 2029/2721/2013
f 2018/2710/2002 2029/2721/2013 2021/2713/2005
f 2029/2721/2013 2024/2716/2008 2030/2722/2014
f 2030/2722/2014 2024/2716/2008 2028/2720/2012
f 2029/2721/2013 2030/2722/2014 2031/2723/2015
f 2031/2723/2015 2030/2722/2014 2028/2720/2012
f 2029/2721/2013 2031/2723/2015 2032/2724/2016
f 2029/2721/2013 2032/2724/2016 2021/2713/2005
f 2031/2723/2015 2028/2720/2012 2033/2725/2017
f 2031/2723/2015 2033/2725/2017 2032/2724/2016
f 2034/2726/2018 2028/2720/2012 2027/2719/2011
f 2028/2720/2012 2034/2726/2018 2033/2725/2017
f 2034/2726/2018 2027/2719/2011 2035/2727/2019
f 2021/2713/2005 2032/2724/2016 2036/2728/2020
f 2036/2728/2020 2032/2724/2016 2033/2725/2017
f 2021/2713/2005 2036/2728/2020 2037/2729/2021
f 2036/2728/2020 2033/2725/2017 2038/2730/2022
f 2034/2726/2018 2035/2727/2019 2039/2731/2023
f 2033/2725/2017 2034/2726/2018 2040/2732/2024
f 2040/2732/2024 2034/2726/2018 2039/2731/2023
f 2039/2731/2023 2035/2727/2019 2041/2733/2025
f 2041/2733/2025 2035/2727/2019 2042/2734/2026
f 2041/2733/2025 2042/2734/2026 2014/2735/1998
f 2039/2731/2023 2041/2733/2025 2043/2736/2027
f 2039/2731/2023 2043/2736/2027 2040/2732/2024
f 2041/2733/2025 2014/2735/1998 2044/2737/2028
f 2041/2733/2025 2044/2737/2028 2043/2736/2027
f 2045/2738/2029 2033/2725/2017 2040/2732/2024
f 2045/2738/2029 2040/2732/2024 2043/2736/2027
f 2033/2725/2017 2045/2738/2029 2038/2730/2022
f 2045/2738/2029 2043/2736/2027 2046/2739/2030
f 2046/2739/2030 2043/2736/2027 2044/2737/2028
f 2044/2737/2028 2014/2735/1998 2047/2740/2031
f 2047/2740/2031 2014/2735/1998 2048/2741/2032
f 2044/2737/2028 2047/2740/2031 2049/2742/2033
f 2047/2740/2031 2048/2741/2032 2050/2743/2034
f 2050/2743/2034 2048/2741/2032 2051/2744/2035
f 2047/2740/2031 2050/2743/2034 2052/2745/2036
f 2050/2743/2034 2051/2744/2035 2053/2746/2037
f 2050/2743/2034 2053/2746/2037 2052/2745/2036
f 2047/2740/2031 2052/2745/2036 2049/2742/2033
f 2054/2747/2038 2053/2746/2037 2055/2748/2039
f 2053/2746/2037 2054/2747/2038 2056/2749/2040
f 2053/2746/2037 2056/2749/2040 2052/2745/2036
f 2052/2745/2036 2056/2749/2040 2057/2750/2041
f 2052/2745/2036 2057/2750/2041 2058/2751/2042
f 2052/2745/2036 2058/2751/2042 2049/2742/2033
f 2049/2742/2033 2058/2751/2042 2059/2752/2043
f 2049/2742/2033 2059/2752/2043 2060/2753/2044
f 2060/2753/2044 2059/2752/2043 2061/2754/2045
f 2049/2742/2033 2060/2753/2044 2062/2755/2046
f 2049/2742/2033 2062/2755/2046 2044/2737/2028
f 2060/2753/2044 2061/2754/2045 2063/2756/2047
f 2060/2753/2044 2063/2756/2047 2062/2755/2046
f 2063/2756/2047 2061/2754/2045 2064/2757/2048
f 2063/2756/2047 2064/2757/2048 2065/2758/2049
f 2044/2737/2028 2062/2755/2046 2046/2739/2030
f 2062/2755/2046 2063/2756/2047 2066/2759/2050
f 2062/2755/2046 2066/2759/2050 2046/2739/2030
f 2066/2759/2050 2063/2756/2047 2067/2760/2051
f 2046/2739/2030 2066/2759/2050 2068/2761/2052
f 2046/2739/2030 2068/2761/2052 2069/2762/2053
f 2046/2739/2030 2069/2762/2053 2045/2738/2029
f 2068/2761/2052 2066/2759/2050 2070/2763/2054
f 2070/2763/2054 2066/2759/2050 2071/2764/2055
f 2070/2763/2054 2071/2764/2055 2072/2765/2056
f 2068/2761/2052 2070/2763/2054 2073/2766/2057
f 2073/2766/2057 2070/2763/2054 2072/2765/2056
f 2068/2761/2052 2073/2766/2057 2069/2762/2053
f 2045/2738/2029 2069/2762/2053 2038/2730/2022
f 2038/2730/2022 2069/2762/2053 2073/2766/2057
f 2073/2766/2057 2072/2765/2056 2074/2767/2058
f 2073/2766/2057 2074/2767/2058 2075/2768/2059
f 2073/2766/2057 2075/2768/2059 2076/2769/2060
f 2073/2766/2057 2076/2769/2060 2038/2730/2022
f 2076/2769/2060 2075/2768/2059 2077/2770/2061
f 2038/2730/2022 2076/2769/2060 2078/2771/2062
f 2038/2730/2022 2078/2771/2062 2036/2728/2020
f 2076/2769/2060 2077/2770/2061 2079/2772/2063
f 2079/2772/2063 2077/2770/2061 2080/2773/2064
f 2036/2728/2020 2078/2771/2062 2037/2729/2021
f 2078/2771/2062 2076/2769/2060 2081/2774/2065
f 2081/2774/2065 2076/2769/2060 2079/2772/2063
f 2078/2771/2062 2081/2774/2065 2037/2729/2021
f 2079/2772/2063 2080/2773/2064 2082/2775/2066
f 2079/2772/2063 2082/2775/2066 2081/2774/2065
f 2082/2775/2066 2080/2773/2064 2083/2776/2067
f 2037/2729/2021 2081/2774/2065 2084/2777/2068
f 2084/2777/2068 2081/2774/2065 2082/2775/2066
f 2037/2729/2021 2084/2777/2068 2085/2778/2069
f 2084/2777/2068 2082/2775/2066 2086/2779/2070
f 2084/2777/2068 2086/2779/2070 2085/2778/2069
f 2086/2779/2070 2082/2775/2066 2087/2780/2071
f 2087/2780/2071 2082/2775/2066 2088/2781/2072
f 2088/2781/2072 2082/2775/2066 2089/2782/2073
f 2088/2781/2072 2089/2782/2073 2090/2783/2074
f 2088/2781/2072 2090/2783/2074 2091/2784/2075
f 2088/2781/2072 2091/2784/2075 2087/2780/2071
f 2091/2784/2075 2090/2783/2074 2092/2785/2076
f 2091/2784/2075 2092/2785/2076 2087/2780/2071
f 2087/2780/2071 2092/2785/2076 2086/2779/2070
f 2093/2786/2077 2085/2778/2069 2086/2779/2070
f 2093/2786/2077 2086/2779/2070 2092/2785/2076
f 2085/2778/2069 2093/2786/2077 2094/2787/2078
f 2093/2786/2077 2092/2785/2076 2095/2788/2079
f 2093/2786/2077 2095/2788/2079 2094/2787/2078
f 2096/2789/2080 2092/2785/2076 2097/2790/2081
f 2085/2778/2069 2094/2787/2078 2098/2791/2082
f 2098/2791/2082 2094/2787/2078 2095/2788/2079
f 2092/2785/2076 2096/2789/2080 2099/2792/2083
f 2092/2785/2076 2099/2792/2083 2095/2788/2079
f 2099/2792/2083 2096/2789/2080 2100/2793/2084
f 2100/2793/2084 2096/2789/2080 2101/2794/2085
f 2100/2793/2084 2101/2794/2085 2102/2795/2086
f 2095/2788/2079 2099/2792/2083 2103/2796/2087
f 2095/2788/2079 2103/2796/2087 2098/2791/2082
f 2099/2792/2083 2100/2793/2084 2104/2797/2088
f 2099/2792/2083 2104/2797/2088 2103/2796/2087
f 2100/2793/2084 2102/2795/2086 2105/2798/2089
f 2100/2793/2084 2105/2798/2089 2104/2797/2088
f 2105/2798/2089 2102/2795/2086 2106/2799/2090
f 2106/2799/2090 2102/2795/2086 2107/2800/2091
f 2106/2799/2090 2107/2800/2091 1200/2801/1195
f 2106/2799/2090 1200/2801/1195 1195/2802/1190
f 1195/2802/1190 1200/2801/1195 1194/2803/1189
f 2105/2798/2089 2106/2799/2090 2108/2804/2092
f 2108/2804/2092 2106/2799/2090 1195/2802/1190
f 2109/2805/2093 2104/2797/2088 2105/2798/2089
f 2109/2805/2093 2105/2798/2089 2108/2804/2092
f 2104/2797/2088 2109/2805/2093 2110/2806/2094
f 2104/2797/2088 2110/2806/2094 2103/2796/2087
f 2109/2805/2093 2108/2804/2092 2111/2807/2095
f 2108/2804/2092 1195/2802/1190 2112/2808/2096
f 2108/2804/2092 2112/2808/2096 2111/2807/2095
f 2112/2808/2096 1195/2802/1190 1192/2809/1187
f 2112/2808/2096 1192/2809/1187 1193/2810/1188
f 2112/2808/2096 1193/2810/1188 2111/2807/2095
f 2111/2807/2095 1193/2810/1188 1160/2811/1158
f 2111/2807/2095 1160/2811/1158 1157/2812/1155
f 2109/2805/2093 2111/2807/2095 2113/2813/2097
f 2113/2813/2097 2111/2807/2095 1157/2812/1155
f 2109/2805/2093 2113/2813/2097 2110/2806/2094
f 2113/2813/2097 1157/2812/1155 2114/2814/2098
f 2113/2813/2097 2114/2814/2098 2110/2806/2094
f 2114/2814/2098 1157/2812/1155 1156/2815/1154
f 2115/2816/2099 2103/2796/2087 2110/2806/2094
f 2115/2816/2099 2110/2806/2094 2114/2814/2098
f 2103/2796/2087 2115/2816/2099 2098/2791/2082
f 2114/2814/2098 1156/2815/1154 2116/2817/2100
f 2114/2814/2098 2116/2817/2100 2115/2816/2099
f 2116/2817/2100 1156/2815/1154 2117/2818/2101
f 2117/2818/2101 1156/2815/1154 1155/2819/1153
f 2115/2816/2099 2116/2817/2100 2118/2820/2102
f 2115/2816/2099 2118/2820/2102 2098/2791/2082
f 2118/2820/2102 2116/2817/2100 2117/2818/2101
f 2117/2818/2101 1155/2819/1153 1433/2821/1424
f 2117/2818/2101 1433/2821/1424 1434/2822/1425
f 2117/2818/2101 1434/2822/1425 2119/2823/2103
f 2117/2818/2101 2119/2823/2103 2118/2820/2102
f 2119/2823/2103 1434/2822/1425 2020/2712/2004
f 2118/2820/2102 2119/2823/2103 2120/2824/2104
f 2120/2824/2104 2119/2823/2103 2020/2712/2004
f 2118/2820/2102 2120/2824/2104 2098/2791/2082
f 2120/2824/2104 2020/2712/2004 2121/2825/2105
f 2120/2824/2104 2121/2825/2105 2098/2791/2082
f 2121/2825/2105 2020/2712/2004 2019/2711/2003
f 2098/2791/2082 2121/2825/2105 2085/2778/2069
f 2121/2825/2105 2019/2711/2003 2122/2826/2106
f 2121/2825/2105 2122/2826/2106 2085/2778/2069
f 2122/2826/2106 2019/2711/2003 2021/2713/2005
f 2085/2778/2069 2122/2826/2106 2037/2729/2021
f 2037/2729/2021 2122/2826/2106 2021/2713/2005
f 1295/2827/1288 1296/2828/1289 2123/2829/2107
f 1295/2827/1288 2123/2829/2107 2124/2830/2108
f 1295/2827/1288 2124/2830/2108 1416/2831/1407
f 2123/2829/2107 1296/2828/1289 2125/2832/2109
f 2125/2832/2109 1296/2828/1289 1921/2833/1906
f 2125/2832/2109 1921/2833/1906 2015/2834/1999
f 2125/2832/2109 2015/2834/1999 2011/2835/1995
f 1417/2836/1408 1416/2831/1407 1420/2837/1411
f 1420/2837/1411 1416/2831/1407 2124/2830/2108
f 2123/2829/2107 2125/2832/2109 2126/2838/2110
f 2123/2829/2107 2126/2838/2110 2124/2830/2108
f 2125/2832/2109 2011/2835/1995 2127/2839/2111
f 2127/2839/2111 2011/2835/1995 2013/2840/1997
f 2127/2839/2111 2013/2840/1997 2042/2841/2026
f 2042/2841/2026 2013/2840/1997 2014/2842/1998
f 2127/2839/2111 2042/2841/2026 2035/2843/2019
f 2125/2832/2109 2127/2839/2111 2128/2844/2112
f 2128/2844/2112 2127/2839/2111 2035/2843/2019
f 2125/2832/2109 2128/2844/2112 2126/2838/2110
f 2128/2844/2112 2035/2843/2019 2027/2845/2011
f 2128/2844/2112 2027/2845/2011 2129/2846/2113
f 2128/2844/2112 2129/2846/2113 2126/2838/2110
f 2129/2846/2113 2027/2845/2011 2026/2847/2010
f 2126/2838/2110 2129/2846/2113 2130/2848/2114
f 2126/2838/2110 2130/2848/2114 2124/2830/2108
f 2129/2846/2113 2026/2847/2010 2131/2849/2115
f 2129/2846/2113 2131/2849/2115 2130/2848/2114
f 2131/2849/2115 2026/2847/2010 1434/2850/1425
f 1434/2850/1425 2026/2847/2010 2020/2851/2004
f 2130/2848/2114 2131/2849/2115 2132/2852/2116
f 2132/2852/2116 2131/2849/2115 1434/2850/1425
f 2124/2830/2108 2130/2848/2114 1428/2853/1419
f 1428/2853/1419 2130/2848/2114 2132/2852/2116
f 2124/2830/2108 1428/2853/1419 1420/2837/1411
f 1420/2837/1411 1428/2853/1419 1419/2854/1410
f 1428/2853/1419 2132/2852/2116 1429/2855/1420
f 1429/2855/1420 2132/2852/2116 1434/2850/1425
f 1429/2855/1420 1434/2850/1425 1430/2856/1421
f 2133/2857/2117 1379/2858/1371 1378/2859/1370
f 1379/2858/1371 2133/2857/2117 2005/2860/1989
f 2005/2860/1989 2133/2857/2117 2009/2861/1993
f 2133/2857/2117 1378/2859/1370 1376/2862/1368
f 2009/2861/1993 2133/2857/2117 2012/2863/1996
f 997/2864/995 1212/2865/1206 1376/2862/1368
f 2133/2857/2117 1376/2862/1368 2134/2866/2118
f 2134/2866/2118 1376/2862/1368 1212/2865/1206
f 2012/2863/1996 2133/2857/2117 2135/2867/2119
f 2135/2867/2119 2133/2857/2117 2134/2866/2118
f 2134/2866/2118 1212/2865/1206 2136/2868/2120
f 2136/2868/2120 1212/2865/1206 1069/2869/1067
f 2135/2867/2119 2134/2866/2118 2137/2870/2121
f 2136/2868/2120 1069/2869/1067 2138/2871/2122
f 2138/2871/2122 1069/2869/1067 1067/2872/1065
f 2134/2866/2118 2136/2868/2120 2139/2873/2123
f 2134/2866/2118 2139/2873/2123 2137/2870/2121
f 2139/2873/2123 2136/2868/2120 2140/2874/2124
f 2140/2874/2124 2136/2868/2120 2138/2871/2122
f 2137/2870/2121 2139/2873/2123 2141/2875/2125
f 2137/2870/2121 2141/2875/2125 2135/2867/2119
f 2141/2875/2125 2139/2873/2123 2140/2874/2124
f 2138/2871/2122 1067/2872/1065 2142/2876/2126
f 2142/2876/2126 1067/2872/1065 1065/2877/1063
f 2140/2874/2124 2138/2871/2122 2143/2878/2127
f 2142/2876/2126 1065/2877/1063 2144/2879/2128
f 2144/2879/2128 1065/2877/1063 1066/2880/1064
f 2138/2871/2122 2142/2876/2126 2145/2881/2129
f 2138/2871/2122 2145/2881/2129 2143/2878/2127
f 2142/2876/2126 2144/2879/2128 2146/2882/2130
f 2142/2876/2126 2146/2882/2130 2145/2881/2129
f 2144/2879/2128 1066/2880/1064 2147/2883/1304
f 2144/2879/2128 2147/2883/1304 2146/2882/2130
f 2147/2883/1304 1066/2880/1064 2148/2884/2131
f 2148/2884/2131 1066/2880/1064 1068/2885/1066
f 2148/2884/2131 1068/2885/1066 1071/2886/1069
f 2148/2884/2131 1071/2886/1069 2149/2887/2132
f 2148/2884/2131 2149/2887/2132 2147/2883/1304
f 2149/2887/2132 1071/2886/1069 1072/2888/1070
f 2146/2882/2130 2147/2883/1304 2150/2889/2133
f 2150/2889/2133 2147/2883/1304 2149/2887/2132
f 2149/2887/2132 1072/2888/1070 1074/2890/1072
f 1075/2891/1073 2151/2892/2134 1074/2890/1072
f 1074/2890/1072 2151/2892/2134 2152/2893/2135
f 1074/2890/1072 2152/2893/2135 2149/2887/2132
f 2149/2887/2132 2152/2893/2135 2153/2894/2136
f 2149/2887/2132 2153/2894/2136 2150/2889/2133
f 2150/2889/2133 2153/2894/2136 2154/2895/2137
f 2150/2889/2133 2154/2895/2137 2155/2896/2138
f 2155/2896/2138 2154/2895/2137 2156/2897/2139
f 2155/2896/2138 2156/2897/2139 2150/2889/2133
f 2150/2889/2133 2156/2897/2139 2146/2882/2130
f 2156/2897/2139 2154/2895/2137 2157/2898/2140
f 2146/2882/2130 2156/2897/2139 2158/2899/2141
f 2158/2899/2141 2156/2897/2139 2157/2898/2140
f 2146/2882/2130 2158/2899/2141 2145/2881/2129
f 2145/2881/2129 2158/2899/2141 2143/2878/2127
f 2158/2899/2141 2157/2898/2140 2159/2900/2142
f 2158/2899/2141 2159/2900/2142 2143/2878/2127
f 2159/2900/2142 2157/2898/2140 2160/2901/2143
f 2143/2878/2127 2159/2900/2142 2161/2902/2144
f 2143/2878/2127 2161/2902/2144 2140/2874/2124
f 2140/2874/2124 2161/2902/2144 2141/2875/2125
f 2161/2902/2144 2159/2900/2142 2162/2903/2145
f 2161/2902/2144 2162/2903/2145 2141/2875/2125
f 2162/2903/2145 2159/2900/2142 2160/2901/2143
f 2141/2875/2125 2162/2903/2145 2135/2867/2119
f 2163/2904/548 2051/2905/2035 2160/2901/2143
f 2160/2901/2143 2051/2905/2035 2164/2906/2146
f 2160/2901/2143 2164/2906/2146 2162/2903/2145
f 2164/2906/2146 2051/2905/2035 2048/2907/2032
f 2135/2867/2119 2162/2903/2145 2165/2908/2147
f 2165/2908/2147 2162/2903/2145 2164/2906/2146
f 2165/2908/2147 2164/2906/2146 2048/2907/2032
f 2135/2867/2119 2165/2908/2147 2012/2863/1996
f 2165/2908/2147 2048/2907/2032 2166/2909/2148
f 2165/2908/2147 2166/2909/2148 2012/2863/1996
f 2166/2909/2148 2048/2907/2032 2014/2910/1998
f 2166/2909/2148 2014/2910/1998 2012/2863/1996
f 2167/2911/2149 1830/2378/1816 2168/2912/2150
f 2168/2912/2150 1830/2378/1816 1821/2369/1807
f 2168/2912/2150 1821/2369/1807 1816/2364/1802
f 2168/2912/2150 1816/2364/1802 2169/2913/2151
f 2168/2912/2150 2169/2913/2151 2167/2911/2149
f 2169/2913/2151 1816/2364/1802 2170/2914/2152
f 2169/2913/2151 2170/2914/2152 2171/2915/2153
f 2171/2915/2153 2170/2914/2152 2172/2916/2154
f 2167/2911/2149 2169/2913/2151 2173/2917/2155
f 2173/2917/2155 2169/2913/2151 2171/2915/2153
f 2171/2915/2153 2172/2916/2154 2174/2918/2156
f 2171/2915/2153 2174/2918/2156 2173/2917/2155
f 2174/2918/2156 2172/2916/2154 2175/2919/2157
f 2167/2911/2149 2173/2917/2155 2176/2920/2158
f 2167/2911/2149 2176/2920/2158 1830/2378/1816
f 2173/2917/2155 2174/2918/2156 2177/2921/2159
f 2173/2917/2155 2177/2921/2159 2176/2920/2158
f 2174/2918/2156 2175/2919/2157 2178/2922/2160
f 2174/2918/2156 2178/2922/2160 2177/2921/2159
f 2178/2922/2160 2175/2919/2157 1995/2923/1979
f 2176/2920/2158 2177/2921/2159 2179/2924/2161
f 2179/2924/2161 2177/2921/2159 2178/2922/2160
f 2180/2925/2162 1830/2378/1816 2176/2920/2158
f 2180/2925/2162 2176/2920/2158 2179/2924/2161
f 1830/2378/1816 2180/2925/2162 1828/2376/1814
f 1828/2376/1814 2180/2925/2162 1965/2926/1949
f 1965/2926/1949 2180/2925/2162 1970/2927/1954
f 1970/2927/1954 2180/2925/2162 2179/2924/2161
f 2179/2924/2161 2178/2922/2160 2181/2928/2163
f 2179/2924/2161 2181/2928/2163 1970/2927/1954
f 2181/2928/2163 2178/2922/2160 1995/2923/1979
f 1970/2927/1954 2181/2928/2163 1972/2929/1956
f 1972/2929/1956 2181/2928/2163 1995/2923/1979
f 2170/2930/2152 2182/2931/2164 2183/2932/2165
f 2182/2931/2164 2170/2930/2152 2184/2933/2166
f 2182/2931/2164 2184/2933/2166 2183/2932/2165
f 2170/2930/2152 2183/2932/2165 2172/2934/2154
f 2172/2934/2154 2183/2932/2165 2185/2935/2167
f 2172/2934/2154 2185/2935/2167 2175/2936/2157
f 2183/2932/2165 2184/2933/2166 2186/2937/2168
f 2183/2932/2165 2186/2937/2168 2185/2935/2167
f 2175/2936/2157 2185/2935/2167 2187/2938/2169
f 2187/2938/2169 2185/2935/2167 2186/2937/2168
f 1992/2939/1976 1995/2940/1979 2175/2936/2157
f 1992/2939/1976 2175/2936/2157 2187/2938/2169
f 2188/2941/2170 2184/2933/2166 2170/2930/2152
f 2188/2941/2170 2170/2930/2152 1816/2942/1802
f 2188/2941/2170 1816/2942/1802 1810/2943/1796
f 2188/2941/2170 1810/2943/1796 1811/2944/1797
f 2188/2941/2170 1811/2944/1797 1813/2945/1799
f 2184/2933/2166 2188/2941/2170 2189/2946/2171
f 2184/2933/2166 2189/2946/2171 2186/2937/2168
f 2190/2947/2172 2187/2938/2169 2186/2937/2168
f 2190/2947/2172 2186/2937/2168 2189/2946/2171
f 2187/2938/2169 2190/2947/2172 2191/2948/2173
f 2191/2948/2173 2190/2947/2172 2189/2946/2171
f 2192/2949/2174 1992/2939/1976 2187/2938/2169
f 2192/2949/2174 2187/2938/2169 2191/2948/2173
f 1992/2939/1976 2192/2949/2174 1989/2950/1973
f 2193/2951/2175 2189/2946/2171 2188/2941/2170
f 2193/2951/2175 2188/2941/2170 1813/2945/1799
f 2191/2948/2173 2189/2946/2171 2194/2952/2176
f 2194/2952/2176 2189/2946/2171 2193/2951/2175
f 2192/2949/2174 2191/2948/2173 2195/2953/2177
f 2195/2953/2177 2191/2948/2173 2194/2952/2176
f 2192/2949/2174 2195/2953/2177 1989/2950/1973
f 2195/2953/2177 2194/2952/2176 2193/2951/2175
f 1989/2950/1973 2195/2953/2177 1987/2954/1971
f 1989/2950/1973 1987/2954/1971 1986/2955/1970
f 2195/2953/2177 2193/2951/2175 2196/2956/465
f 2195/2953/2177 2196/2956/465 1987/2954/1971
f 2196/2956/465 2193/2951/2175 2197/2957/2178
f 2197/2957/2178 2193/2951/2175 1813/2945/1799
f 1987/2954/1971 2196/2956/465 1334/2958/1327
f 1987/2954/1971 1334/2958/1327 1985/2959/1969
f 2196/2956/465 2197/2957/2178 2198/2960/2179
f 2198/2960/2179 2197/2957/2178 1813/2945/1799
f 2196/2956/465 2198/2960/2179 1334/2958/1327
f 2198/2960/2179 1813/2945/1799 1360/2961/1352
f 1334/2958/1327 2198/2960/2179 1337/2962/1329
f 1337/2962/1329 2198/2960/2179 1360/2961/1352
f 2199/2963/2180 2200/2964/2181 2201/2965/2182
f 2201/2965/2182 2200/2964/2181 2202/2966/2183
f 2201/2965/2182 2202/2966/2183 2203/2967/2184
f 2202/2966/2183 2200/2964/2181 2204/2968/2185
f 2203/2967/2184 2202/2966/2183 2205/2969/2186
f 2205/2969/2186 2202/2966/2183 2204/2968/2185
f 2204/2968/2185 2200/2964/2181 2206/2970/2187
f 2206/2970/2187 2200/2964/2181 2199/2963/2180
f 2205/2969/2186 2204/2968/2185 2207/2971/2188
f 2204/2968/2185 2206/2970/2187 2208/2972/2189
f 2204/2968/2185 2208/2972/2189 2207/2971/2188
f 2205/2969/2186 2207/2971/2188 2209/2973/2190
f 2208/2972/2189 2206/2970/2187 2210/2974/2191
f 2205/2969/2186 2209/2973/2190 2211/2975/2192
f 2205/2969/2186 2211/2975/2192 2203/2967/2184
f 2207/2971/2188 2208/2972/2189 2212/2976/2193
f 2203/2967/2184 2211/2975/2192 2213/2977/2194
f 2209/2973/2190 2207/2971/2188 2214/2978/2195
f 2214/2978/2195 2207/2971/2188 2212/2976/2193
f 2212/2976/2193 2208/2972/2189 2215/2979/2196
f 2215/2979/2196 2208/2972/2189 2210/2974/2191
f 2215/2979/2196 2210/2974/2191 2216/2980/2197
f 2215/2979/2196 2216/2980/2197 2217/2981/1553
f 2215/2979/2196 2217/2981/1553 2218/2982/2198
f 2215/2979/2196 2218/2982/2198 2212/2976/2193
f 2216/2980/2197 2210/2974/2191 2219/2983/2199
f 2212/2976/2193 2218/2982/2198 2220/2984/2200
f 2212/2976/2193 2220/2984/2200 2214/2978/2195
f 2220/2984/2200 2218/2982/2198 2221/2985/2201
f 2221/2985/2201 2218/2982/2198 2222/2986/2202
f 2220/2984/2200 2221/2985/2201 2223/2987/2203
f 2223/2987/2203 2221/2985/2201 2224/2988/2204
f 2214/2978/2195 2220/2984/2200 2225/2989/2205
f 2225/2989/2205 2220/2984/2200 2223/2987/2203
f 2214/2978/2195 2225/2989/2205 2226/2990/2206
f 2214/2978/2195 2226/2990/2206 2209/2973/2190
f 2223/2987/2203 2224/2988/2204 2227/2991/2207
f 2227/2991/2207 2224/2988/2204 2228/2992/2208
f 2223/2987/2203 2227/2991/2207 2229/2993/2209
f 2229/2993/2209 2227/2991/2207 2228/2992/2208
f 2225/2989/2205 2223/2987/2203 2230/2994/2210
f 2229/2993/2209 2228/2992/2208 2231/2995/2211
f 2231/2995/2211 2228/2992/2208 2232/2996/2212
f 2223/2987/2203 2229/2993/2209 2233/2997/2213
f 2223/2987/2203 2233/2997/2213 2230/2994/2210
f 2229/2993/2209 2231/2995/2211 2234/2998/2214
f 2229/2993/2209 2234/2998/2214 2233/2997/2213
f 2231/2995/2211 2232/2996/2212 2235/2999/2215
f 2235/2999/2215 2232/2996/2212 2236/3000/2216
f 2234/2998/2214 2231/2995/2211 2237/3001/2217
f 2237/3001/2217 2231/2995/2211 2235/2999/2215
f 2233/2997/2213 2234/2998/2214 2238/3002/2218
f 2233/2997/2213 2238/3002/2218 2230/2994/2210
f 2238/3002/2218 2234/2998/2214 2237/3001/2217
f 2239/3003/2219 2225/2989/2205 2230/2994/2210
f 2225/2989/2205 2239/3003/2219 2226/2990/2206
f 2230/2994/2210 2238/3002/2218 2240/3004/2220
f 2230/2994/2210 2240/3004/2220 2239/3003/2219
f 2226/2990/2206 2239/3003/2219 2241/3005/2221
f 2226/2990/2206 2241/3005/2221 2209/2973/2190
f 2239/3003/2219 2240/3004/2220 2242/3006/2222
f 2239/3003/2219 2242/3006/2222 2241/3005/2221
f 2209/2973/2190 2241/3005/2221 2243/3007/2223
f 2243/3007/2223 2241/3005/2221 2242/3006/2222
f 2209/2973/2190 2243/3007/2223 2211/2975/2192
f 2211/2975/2192 2243/3007/2223 2244/3008/2224
f 2244/3008/2224 2243/3007/2223 2242/3006/2222
f 2211/2975/2192 2244/3008/2224 2213/2977/2194
f 2245/3009/2225 2242/3006/2222 2240/3004/2220
f 2242/3006/2222 2245/3009/2225 2244/3008/2224
f 2246/3010/2226 2240/3004/2220 2238/3002/2218
f 2240/3004/2220 2246/3010/2226 2245/3009/2225
f 2246/3010/2226 2238/3002/2218 2237/3001/2217
f 2245/3009/2225 2246/3010/2226 2247/3011/2227
f 2246/3010/2226 2237/3001/2217 2248/3012/2228
f 2246/3010/2226 2248/3012/2228 2247/3011/2227
f 2245/3009/2225 2247/3011/2227 2249/3013/2229
f 2245/3009/2225 2249/3013/2229 2244/3008/2224
f 2247/3011/2227 2248/3012/2228 2250/3014/2230
f 2248/3012/2228 2237/3001/2217 2251/3015/2231
f 2249/3013/2229 2247/3011/2227 2252/3016/2232
f 2252/3016/2232 2247/3011/2227 2250/3014/2230
f 2244/3008/2224 2249/3013/2229 2253/3017/2233
f 2253/3017/2233 2249/3013/2229 2252/3016/2232
f 2251/3015/2231 2237/3001/2217 2235/2999/2215
f 2250/3014/2230 2248/3012/2228 2254/3018/2234
f 2250/3014/2230 2254/3018/2234 2252/3016/2232
f 2248/3012/2228 2251/3015/2231 2255/3019/2235
f 2248/3012/2228 2255/3019/2235 2254/3018/2234
f 2251/3015/2231 2235/2999/2215 2256/3020/2236
f 2252/3016/2232 2254/3018/2234 2257/3021/2237
f 2252/3016/2232 2257/3021/2237 2253/3017/2233
f 2254/3018/2234 2255/3019/2235 2258/3022/2238
f 2257/3021/2237 2254/3018/2234 2259/3023/2239
f 2259/3023/2239 2254/3018/2234 2258/3022/2238
f 2253/3017/2233 2257/3021/2237 2260/3024/2240
f 2260/3024/2240 2257/3021/2237 2259/3023/2239
f 2258/3022/2238 2255/3019/2235 2261/3025/2241
f 2258/3022/2238 2261/3025/2241 2259/3023/2239
f 2261/3025/2241 2255/3019/2235 2262/3026/2242
f 2262/3026/2242 2255/3019/2235 2251/3015/2231
f 2259/3023/2239 2261/3025/2241 2263/3027/2243
f 2262/3026/2242 2251/3015/2231 2264/3028/2244
f 2264/3028/2244 2251/3015/2231 2256/3020/2236
f 2261/3025/2241 2262/3026/2242 2265/3029/2245
f 2265/3029/2245 2262/3026/2242 2264/3028/2244
f 2261/3025/2241 2265/3029/2245 2263/3027/2243
f 2265/3029/2245 2264/3028/2244 2266/3030/2246
f 2266/3030/2246 2264/3028/2244 2256/3020/2236
f 2265/3029/2245 2266/3030/2246 2267/3031/2247
f 2265/3029/2245 2267/3031/2247 2263/3027/2243
f 2268/3032/2248 2259/3023/2239 2263/3027/2243
f 2259/3023/2239 2268/3032/2248 2269/3033/2249
f 2259/3023/2239 2269/3033/2249 2260/3024/2240
f 2268/3032/2248 2263/3027/2243 2270/3034/2250
f 2268/3032/2248 2270/3034/2250 2269/3033/2249
f 2263/3027/2243 2267/3031/2247 2271/3035/2251
f 2263/3027/2243 2271/3035/2251 2270/3034/2250
f 2272/3036/2252 2267/3031/2247 2266/3030/2246
f 2267/3031/2247 2272/3036/2252 2271/3035/2251
f 2270/3034/2250 2271/3035/2251 2273/3037/2253
f 2273/3037/2253 2271/3035/2251 2272/3036/2252
f 2270/3034/2250 2273/3037/2253 2274/3038/2254
f 2273/3037/2253 2272/3036/2252 2275/3039/2255
f 2270/3034/2250 2274/3038/2254 2276/3040/2256
f 2270/3034/2250 2276/3040/2256 2269/3033/2249
f 2276/3040/2256 2274/3038/2254 2277/3041/2257
f 2278/3042/2258 2272/3036/2252 2266/3030/2246
f 2272/3036/2252 2278/3042/2258 2275/3039/2255
f 2278/3042/2258 2266/3030/2246 2256/3020/2236
f 2275/3039/2255 2278/3042/2258 2279/3043/2259
f 2279/3043/2259 2278/3042/2258 2280/3044/2260
f 2280/3044/2260 2278/3042/2258 2256/3020/2236
f 2279/3043/2259 2280/3044/2260 2281/3045/2261
f 2281/3045/2261 2280/3044/2260 2282/3046/2262
f 2280/3044/2260 2256/3020/2236 2283/3047/2263
f 2280/3044/2260 2283/3047/2263 2282/3046/2262
f 2283/3047/2263 2256/3020/2236 2235/2999/2215
f 2283/3047/2263 2235/2999/2215 2236/3000/2216
f 2283/3047/2263 2236/3000/2216 2284/3048/2264
f 2283/3047/2263 2284/3048/2264 2282/3046/2262
f 2282/3046/2262 2284/3048/2264 2285/3049/2265
f 2285/3049/2265 2284/3048/2264 2286/3050/2266
f 2287/3051/2267 2276/3040/2256 2277/3041/2257
f 2276/3040/2256 2287/3051/2267 2269/3033/2249
f 2287/3051/2267 2277/3041/2257 2288/3052/2268
f 2288/3052/2268 2277/3041/2257 2289/3053/2269
f 2269/3033/2249 2287/3051/2267 2290/3054/2270
f 2288/3052/2268 2289/3053/2269 2291/3055/2271
f 2291/3055/2271 2289/3053/2269 2292/3056/2272
f 2287/3051/2267 2288/3052/2268 2293/3057/2273
f 2287/3051/2267 2293/3057/2273 2290/3054/2270
f 2288/3052/2268 2291/3055/2271 2294/3058/2274
f 2288/3052/2268 2294/3058/2274 2293/3057/2273
f 2291/3055/2271 2292/3056/2272 2295/3059/2275
f 2291/3055/2271 2295/3059/2275 2294/3058/2274
f 2295/3059/2275 2292/3056/2272 2296/3060/2276
f 2294/3058/2274 2295/3059/2275 2297/3061/2277
f 2297/3061/2277 2295/3059/2275 2298/3062/2278
f 2294/3058/2274 2297/3061/2277 2299/3063/2279
f 2294/3058/2274 2299/3063/2279 2293/3057/2273
f 2299/3063/2279 2297/3061/2277 2300/3064/2280
f 2299/3063/2279 2300/3064/2280 2301/3065/2281
f 2293/3057/2273 2299/3063/2279 2302/3066/2282
f 2293/3057/2273 2302/3066/2282 2290/3054/2270
f 2299/3063/2279 2301/3065/2281 2303/3067/2283
f 2299/3063/2279 2303/3067/2283 2302/3066/2282
f 2303/3067/2283 2301/3065/2281 2304/3068/2284
f 2303/3067/2283 2304/3068/2284 2305/3069/2285
f 2302/3066/2282 2303/3067/2283 2306/3070/2286
f 2306/3070/2286 2303/3067/2283 2305/3069/2285
f 2302/3066/2282 2306/3070/2286 2290/3054/2270
f 2306/3070/2286 2305/3069/2285 2307/3071/2287
f 2307/3071/2287 2305/3069/2285 2308/3072/2288
f 2306/3070/2286 2307/3071/2287 2309/3073/2289
f 2307/3071/2287 2308/3072/2288 2310/3074/2290
f 2310/3074/2290 2308/3072/2288 2311/3075/2291
f 2309/3073/2289 2307/3071/2287 2312/3076/2292
f 2312/3076/2292 2307/3071/2287 2310/3074/2290
f 2306/3070/2286 2309/3073/2289 2313/3077/2293
f 2313/3077/2293 2309/3073/2289 2312/3076/2292
f 2314/3078/2294 2290/3054/2270 2306/3070/2286
f 2314/3078/2294 2306/3070/2286 2313/3077/2293
f 2290/3054/2270 2314/3078/2294 2315/3079/2295
f 2313/3077/2293 2312/3076/2292 2316/3080/2296
f 2290/3054/2270 2315/3079/2295 2317/3081/2297
f 2290/3054/2270 2317/3081/2297 2269/3033/2249
f 2269/3033/2249 2317/3081/2297 2260/3024/2240
f 2260/3024/2240 2317/3081/2297 2318/3082/2298
f 2260/3024/2240 2318/3082/2298 2253/3017/2233
f 2317/3081/2297 2315/3079/2295 2319/3083/2299
f 2317/3081/2297 2319/3083/2299 2318/3082/2298
f 2253/3017/2233 2318/3082/2298 2320/3084/2300
f 2320/3084/2300 2318/3082/2298 2319/3083/2299
f 2253/3017/2233 2320/3084/2300 2244/3008/2224
f 2244/3008/2224 2320/3084/2300 2321/3085/2301
f 2321/3085/2301 2320/3084/2300 2319/3083/2299
f 2244/3008/2224 2321/3085/2301 2213/2977/2194
f 2322/3086/2302 2319/3083/2299 2315/3079/2295
f 2319/3083/2299 2322/3086/2302 2321/3085/2301
f 2322/3086/2302 2315/3079/2295 2314/3078/2294
f 2321/3085/2301 2322/3086/2302 2323/3087/2303
f 2323/3087/2303 2322/3086/2302 2314/3078/2294
f 2321/3085/2301 2323/3087/2303 2213/2977/2194
f 2323/3087/2303 2314/3078/2294 2313/3077/2293
f 2323/3087/2303 2313/3077/2293 2324/3088/2304
f 2323/3087/2303 2324/3088/2304 2213/2977/2194
f 2324/3088/2304 2313/3077/2293 2316/3080/2296
f 2213/2977/2194 2324/3088/2304 2325/3089/2305
f 2325/3089/2305 2324/3088/2304 2316/3080/2296
f 2213/2977/2194 2325/3089/2305 2203/2967/2184
f 2325/3089/2305 2316/3080/2296 2326/3090/2306
f 2326/3090/2306 2316/3080/2296 2312/3076/2292
f 2326/3090/2306 2312/3076/2292 2310/3074/2290
f 2203/2967/2184 2325/3089/2305 2327/3091/2307
f 2203/2967/2184 2327/3091/2307 2201/2965/2182
f 2201/2965/2182 2327/3091/2307 2328/3092/2308
f 2327/3091/2307 2325/3089/2305 2329/3093/2309
f 2325/3089/2305 2326/3090/2306 2330/3094/2310
f 2325/3089/2305 2330/3094/2310 2329/3093/2309
f 2326/3090/2306 2310/3074/2290 2331/3095/2311
f 2326/3090/2306 2331/3095/2311 2330/3094/2310
f 2329/3093/2309 2330/3094/2310 2332/3096/2312
f 2332/3096/2312 2330/3094/2310 2331/3095/2311
f 2327/3091/2307 2329/3093/2309 2333/3097/2313
f 2327/3091/2307 2333/3097/2313 2328/3092/2308
f 2333/3097/2313 2329/3093/2309 2334/3098/2314
f 2334/3098/2314 2329/3093/2309 2332/3096/2312
f 2333/3097/2313 2334/3098/2314 2335/3099/2315
f 2333/3097/2313 2335/3099/2315 2328/3092/2308
f 2328/3092/2308 2199/2963/2180 2201/2965/2182
f 2336/3100/2316 2332/3096/2312 2331/3095/2311
f 2328/3092/2308 2335/3099/2315 2337/3101/2317
f 2338/3102/2318 2331/3095/2311 2310/3074/2290
f 2331/3095/2311 2338/3102/2318 2336/3100/2316
f 2338/3102/2318 2310/3074/2290 2311/3075/2291
f 2328/3092/2308 2337/3101/2317 2339/3103/2319
f 2328/3092/2308 2339/3103/2319 2199/2963/2180
f 2337/3101/2317 2335/3099/2315 2340/3104/2320
f 2337/3101/2317 2340/3104/2320 2339/3103/2319
f 2338/3102/2318 2311/3075/2291 2341/3105/2321
f 2341/3105/2321 2311/3075/2291 2342/3106/2322
f 2341/3105/2321 2342/3106/2322 2343/3107/2323
f 2338/3102/2318 2341/3105/2321 2344/3108/2324
f 2338/3102/2318 2344/3108/2324 2336/3100/2316
f 2341/3105/2321 2343/3107/2323 2345/3109/2325
f 2345/3109/2325 2343/3107/2323 2346/3110/2326
f 2344/3108/2324 2341/3105/2321 2347/3111/2327
f 2347/3111/2327 2341/3105/2321 2345/3109/2325
f 2336/3100/2316 2344/3108/2324 2348/3112/2328
f 2348/3112/2328 2344/3108/2324 2347/3111/2327
f 2336/3100/2316 2348/3112/2328 2332/3096/2312
f 2345/3109/2325 2346/3110/2326 2349/3113/2329
f 2349/3113/2329 2346/3110/2326 2350/3114/2330
f 2349/3113/2329 2350/3114/2330 2351/3115/2331
f 2349/3113/2329 2351/3115/2331 2352/3116/2332
f 2352/3116/2332 2351/3115/2331 2353/3117/2333
f 2345/3109/2325 2349/3113/2329 2354/3118/2334
f 2354/3118/2334 2349/3113/2329 2352/3116/2332
f 2345/3109/2325 2354/3118/2334 2355/3119/2335
f 2345/3109/2325 2355/3119/2335 2347/3111/2327
f 2354/3118/2334 2352/3116/2332 2356/3120/2336
f 2354/3118/2334 2356/3120/2336 2355/3119/2335
f 2352/3116/2332 2353/3117/2333 2357/3121/2337
f 2352/3116/2332 2357/3121/2337 2356/3120/2336
f 2357/3121/2337 2353/3117/2333 2358/3122/2338
f 2358/3122/2338 2353/3117/2333 2359/3123/2339
f 2357/3121/2337 2358/3122/2338 2289/3124/2269
f 2289/3124/2269 2358/3122/2338 2292/3125/2272
f 2357/3121/2337 2289/3124/2269 2360/3126/2340
f 2357/3121/2337 2360/3126/2340 2356/3120/2336
f 2360/3126/2340 2289/3124/2269 2277/3127/2257
f 2360/3126/2340 2277/3127/2257 2361/3128/2341
f 2361/3128/2341 2277/3127/2257 2274/3129/2254
f 2356/3120/2336 2360/3126/2340 2362/3130/2342
f 2360/3126/2340 2361/3128/2341 2363/3131/2343
f 2360/3126/2340 2363/3131/2343 2362/3130/2342
f 2361/3128/2341 2274/3129/2254 2364/3132/2344
f 2364/3132/2344 2274/3129/2254 2273/3133/2253
f 2356/3120/2336 2362/3130/2342 2365/3134/2345
f 2356/3120/2336 2365/3134/2345 2355/3119/2335
f 2365/3134/2345 2362/3130/2342 2366/3135/2346
f 2366/3135/2346 2362/3130/2342 2363/3131/2343
f 2355/3119/2335 2365/3134/2345 2367/3136/2347
f 2367/3136/2347 2365/3134/2345 2366/3135/2346
f 2355/3119/2335 2367/3136/2347 2347/3111/2327
f 2347/3111/2327 2367/3136/2347 2348/3112/2328
f 2348/3112/2328 2367/3136/2347 2368/3137/2348
f 2348/3112/2328 2368/3137/2348 2332/3096/2312
f 2332/3096/2312 2368/3137/2348 2334/3098/2314
f 2368/3137/2348 2367/3136/2347 2369/3138/2349
f 2369/3138/2349 2367/3136/2347 2366/3135/2346
f 2334/3098/2314 2368/3137/2348 2370/3139/2350
f 2370/3139/2350 2368/3137/2348 2369/3138/2349
f 2334/3098/2314 2370/3139/2350 2335/3099/2315
f 2335/3099/2315 2370/3139/2350 2371/3140/2351
f 2371/3140/2351 2370/3139/2350 2369/3138/2349
f 2369/3138/2349 2366/3135/2346 2372/3141/2352
f 2369/3138/2349 2372/3141/2352 2371/3140/2351
f 2372/3141/2352 2366/3135/2346 2363/3131/2343
f 2335/3099/2315 2371/3140/2351 2340/3104/2320
f 2371/3140/2351 2372/3141/2352 2373/3142/2353
f 2340/3104/2320 2371/3140/2351 2374/3143/2354
f 2374/3143/2354 2371/3140/2351 2373/3142/2353
f 2372/3141/2352 2363/3131/2343 2375/3144/2355
f 2372/3141/2352 2375/3144/2355 2373/3142/2353
f 2375/3144/2355 2363/3131/2343 2376/3145/2356
f 2376/3145/2356 2363/3131/2343 2361/3128/2341
f 2376/3145/2356 2361/3128/2341 2364/3132/2344
f 2375/3144/2355 2376/3145/2356 2377/3146/2357
f 2376/3145/2356 2364/3132/2344 2378/3147/2358
f 2376/3145/2356 2378/3147/2358 2377/3146/2357
f 2378/3147/2358 2364/3132/2344 2273/3133/2253
f 2378/3147/2358 2273/3133/2253 2275/3148/2255
f 2378/3147/2358 2275/3148/2255 2279/3149/2259
f 2378/3147/2358 2279/3149/2259 2377/3146/2357
f 2375/3144/2355 2377/3146/2357 2379/3150/2359
f 2375/3144/2355 2379/3150/2359 2373/3142/2353
f 2377/3146/2357 2279/3149/2259 2380/3151/2360
f 2380/3151/2360 2279/3149/2259 2281/3152/2261
f 2380/3151/2360 2281/3152/2261 2282/3153/2262
f 2380/3151/2360 2282/3153/2262 2285/3154/2265
f 2377/3146/2357 2380/3151/2360 2381/3155/2361
f 2381/3155/2361 2380/3151/2360 2285/3154/2265
f 2377/3146/2357 2381/3155/2361 2379/3150/2359
f 2381/3155/2361 2285/3154/2265 2382/3156/2362
f 2382/3156/2362 2285/3154/2265 2383/3157/2363
f 2379/3150/2359 2381/3155/2361 2384/3158/2364
f 2381/3155/2361 2382/3156/2362 2385/3159/2365
f 2381/3155/2361 2385/3159/2365 2384/3158/2364
f 2385/3159/2365 2382/3156/2362 2386/3160/2366
f 2386/3160/2366 2382/3156/2362 2387/3161/2367
f 2385/3159/2365 2386/3160/2366 2388/3162/2368
f 2388/3162/2368 2386/3160/2366 2387/3161/2367
f 2385/3159/2365 2388/3162/2368 2384/3158/2364
f 2388/3162/2368 2387/3161/2367 2389/3163/2369
f 2384/3158/2364 2388/3162/2368 2390/3164/2370
f 2390/3164/2370 2388/3162/2368 2389/3163/2369
f 2384/3158/2364 2390/3164/2370 2379/3150/2359
f 2390/3164/2370 2389/3163/2369 2391/3165/2371
f 2379/3150/2359 2390/3164/2370 2392/3166/2372
f 2392/3166/2372 2390/3164/2370 2391/3165/2371
f 2379/3150/2359 2392/3166/2372 2373/3142/2353
f 2392/3166/2372 2391/3165/2371 2393/3167/2373
f 2393/3167/2373 2391/3165/2371 2394/3168/2374
f 2373/3142/2353 2392/3166/2372 2395/3169/2375
f 2395/3169/2375 2392/3166/2372 2393/3167/2373
f 2373/3142/2353 2395/3169/2375 2374/3143/2354
f 2395/3169/2375 2393/3167/2373 2396/3170/2376
f 2396/3170/2376 2393/3167/2373 2397/3171/2377
f 2374/3143/2354 2395/3169/2375 2398/3172/2378
f 2398/3172/2378 2395/3169/2375 2396/3170/2376
f 2374/3143/2354 2398/3172/2378 2399/3173/2379
f 2374/3143/2354 2399/3173/2379 2340/3104/2320
f 2398/3172/2378 2396/3170/2376 2400/3174/2380
f 2398/3172/2378 2400/3174/2380 2399/3173/2379
f 2400/3174/2380 2396/3170/2376 2401/3175/2381
f 2400/3174/2380 2401/3175/2381 2219/2983/2199
f 2399/3173/2379 2400/3174/2380 2402/3176/2382
f 2402/3176/2382 2400/3174/2380 2219/2983/2199
f 2340/3104/2320 2399/3173/2379 2403/3177/2383
f 2403/3177/2383 2399/3173/2379 2402/3176/2382
f 2340/3104/2320 2403/3177/2383 2339/3103/2319
f 2339/3103/2319 2403/3177/2383 2199/2963/2180
f 2403/3177/2383 2402/3176/2382 2404/3178/2384
f 2404/3178/2384 2402/3176/2382 2219/2983/2199
f 2403/3177/2383 2404/3178/2384 2199/2963/2180
f 2404/3178/2384 2219/2983/2199 2210/2974/2191
f 2199/2963/2180 2404/3178/2384 2206/2970/2187
f 2206/2970/2187 2404/3178/2384 2210/2974/2191
f 2401/3179/2381 2405/3180/2385 2219/3181/2199
f 2219/3181/2199 2405/3180/2385 2216/3182/2197
f 2405/3180/2385 2401/3179/2381 2406/3183/2386
f 2406/3183/2386 2401/3179/2381 2396/3184/2376
f 2216/3182/2197 2405/3180/2385 2407/3185/2387
f 2406/3183/2386 2396/3184/2376 2397/3186/2377
f 2216/3182/2197 2407/3185/2387 2217/3187/1553
f 2218/3188/2198 2217/3187/1553 2222/3189/2202
f 2222/3189/2202 2217/3187/1553 2408/3190/2388
f 2408/3190/2388 2217/3187/1553 2407/3185/2387
f 2408/3190/2388 2407/3185/2387 2409/3191/2389
f 2408/3190/2388 2409/3191/2389 2410/3192/2390
f 2409/3191/2389 2407/3185/2387 2411/3193/2391
f 2412/3194/2392 2407/3185/2387 2405/3180/2385
f 2407/3185/2387 2412/3194/2392 2411/3193/2391
f 2412/3194/2392 2405/3180/2385 2406/3183/2386
f 2412/3194/2392 2406/3183/2386 2411/3193/2391
f 2411/3193/2391 2406/3183/2386 2413/3195/2393
f 2411/3193/2391 2413/3195/2393 2414/3196/2394
f 2413/3195/2393 2406/3183/2386 2415/3197/2395
f 2415/3197/2395 2406/3183/2386 2397/3186/2377
f 2415/3197/2395 2397/3186/2377 2393/3198/2373
f 2413/3195/2393 2415/3197/2395 2416/3199/2396
f 2415/3197/2395 2393/3198/2373 2394/3200/2374
f 2415/3197/2395 2394/3200/2374 2416/3199/2396
f 2416/3199/2396 2394/3200/2374 2417/3201/2397
f 2417/3201/2397 2394/3200/2374 2418/3202/2398
f 2417/3201/2397 2418/3202/2398 2419/3203/2399
f 2419/3203/2399 2418/3202/2398 2420/3204/2400
f 2420/3204/2400 2418/3202/2398 2383/3205/2363
f 2418/3202/2398 2394/3200/2374 2389/3206/2369
f 2389/3206/2369 2394/3200/2374 2391/3207/2371
f 2418/3202/2398 2389/3206/2369 2387/3208/2367
f 2418/3202/2398 2387/3208/2367 2383/3205/2363
f 2383/3205/2363 2387/3208/2367 2382/3209/2362
f 2414/3210/2394 2413/3211/2393 2421/3212/2401
f 2421/3212/2401 2413/3211/2393 2422/3213/2402
f 2409/3214/2389 2411/3215/2391 2414/3210/2394
f 2421/3212/2401 2422/3213/2402 2423/3216/2403
f 2423/3216/2403 2422/3213/2402 2424/3217/2404
f 2423/3216/2403 2424/3217/2404 2425/3218/266
f 2425/3218/266 2424/3217/2404 2426/3219/2405
f 2423/3216/2403 2425/3218/266 2427/3220/2406
f 2423/3216/2403 2427/3220/2406 2428/3221/2407
f 2423/3216/2403 2428/3221/2407 2421/3212/2401
f 2428/3221/2407 2427/3220/2406 2429/3222/2408
f 2421/3212/2401 2428/3221/2407 2430/3223/2409
f 2430/3223/2409 2428/3221/2407 2429/3222/2408
f 2421/3212/2401 2430/3223/2409 2414/3210/2394
f 2431/3224/2410 2432/3225/2411 2429/3222/2408
f 2429/3222/2408 2432/3225/2411 2433/3226/2412
f 2429/3222/2408 2433/3226/2412 2430/3223/2409
f 2430/3223/2409 2433/3226/2412 2434/3227/2413
f 2430/3223/2409 2434/3227/2413 2414/3210/2394
f 2434/3227/2413 2433/3226/2412 2435/3228/2414
f 2434/3227/2413 2435/3228/2414 2436/3229/2415
f 2436/3229/2415 2435/3228/2414 2437/3230/2416
f 2434/3227/2413 2436/3229/2415 2438/3231/2417
f 2438/3231/2417 2436/3229/2415 2439/3232/2418
f 2414/3210/2394 2434/3227/2413 2440/3233/2419
f 2440/3233/2419 2434/3227/2413 2438/3231/2417
f 2438/3231/2417 2439/3232/2418 2441/3234/2420
f 2441/3234/2420 2439/3232/2418 2442/3235/2421
f 2440/3233/2419 2438/3231/2417 2443/3236/2422
f 2443/3236/2422 2438/3231/2417 2441/3234/2420
f 2414/3210/2394 2440/3233/2419 2410/3237/2390
f 2414/3210/2394 2410/3237/2390 2409/3214/2389
f 2410/3237/2390 2440/3233/2419 2443/3236/2422
f 2408/3238/2388 2410/3237/2390 2444/3239/2423
f 2444/3239/2423 2410/3237/2390 2443/3236/2422
f 2444/3239/2423 2443/3236/2422 2445/3240/2424
f 2445/3240/2424 2443/3236/2422 2446/3241/2425
f 2447/3242/2426 2443/3236/2422 2441/3234/2420
f 2443/3236/2422 2447/3242/2426 2446/3241/2425
f 2447/3242/2426 2441/3234/2420 2448/3243/2427
f 2447/3242/2426 2448/3243/2427 2419/3244/2399
f 2447/3242/2426 2419/3244/2399 2446/3241/2425
f 2446/3241/2425 2419/3244/2399 2449/3245/2428
f 2450/3246/2429 2451/3247/2430 2452/3248/2431
f 2450/3246/2429 2452/3248/2431 2453/3249/2432
f 2451/3247/2430 2450/3246/2429 2454/3250/2433
f 2451/3247/2430 2454/3250/2433 2455/3251/2434
f 2455/3251/2434 2454/3250/2433 2422/3252/2402
f 2455/3251/2434 2422/3252/2402 2413/3253/2393
f 2422/3252/2402 2454/3250/2433 2424/3254/2404
f 2424/3254/2404 2454/3250/2433 2450/3246/2429
f 2424/3254/2404 2450/3246/2429 2456/3255/2435
f 2424/3254/2404 2456/3255/2435 2426/3256/2405
f 2457/3257/2436 2450/3246/2429 2453/3249/2432
f 2450/3246/2429 2457/3257/2436 2456/3255/2435
f 2457/3257/2436 2453/3249/2432 2458/3258/2437
f 2458/3258/2437 2453/3249/2432 2459/3259/2438
f 2458/3258/2437 2459/3259/2438 2460/3260/2439
f 2458/3258/2437 2460/3260/2439 2461/3261/2440
f 2458/3258/2437 2461/3261/2440 2457/3257/2436
f 2457/3257/2436 2461/3261/2440 2462/3262/2441
f 2457/3257/2436 2462/3262/2441 2456/3255/2435
f 2456/3255/2435 2462/3262/2441 2463/3263/2442
f 2464/3264/2443 2426/3256/2405 2456/3255/2435
f 2464/3264/2443 2456/3255/2435 2463/3263/2442
f 2426/3256/2405 2464/3264/2443 2465/3265/2444
f 2464/3264/2443 2463/3263/2442 2466/3266/2445
f 2464/3264/2443 2466/3266/2445 2465/3265/2444
f 2427/3267/2406 2467/3268/2446 2429/3269/2408
f 2429/3269/2408 2467/3268/2446 2431/3270/2410
f 2467/3268/2446 2427/3267/2406 2468/3271/2447
f 2468/3271/2447 2427/3267/2406 2469/3272/2448
f 2468/3271/2447 2469/3272/2448 2470/3273/2449
f 2467/3268/2446 2468/3271/2447 2471/3274/2450
f 2467/3268/2446 2471/3274/2450 2431/3270/2410
f 2468/3271/2447 2470/3273/2449 2472/3275/1757
f 2468/3271/2447 2472/3275/1757 2471/3274/2450
f 2472/3275/1757 2470/3273/2449 2473/3276/2451
f 2473/3276/2451 2470/3273/2449 2474/3277/2452
f 2471/3274/2450 2472/3275/1757 2475/3278/2453
f 2475/3278/2453 2472/3275/1757 2473/3276/2451
f 2431/3270/2410 2471/3274/2450 2476/3279/2454
f 2476/3279/2454 2471/3274/2450 2475/3278/2453
f 2431/3270/2410 2476/3279/2454 2477/3280/2455
f 2431/3270/2410 2477/3280/2455 2432/3281/2411
f 2432/3281/2411 2477/3280/2455 2478/3282/2456
f 2432/3281/2411 2478/3282/2456 2479/3283/2457
f 2476/3279/2454 2475/3278/2453 2480/3284/2458
f 2480/3284/2458 2475/3278/2453 2473/3276/2451
f 2476/3279/2454 2480/3284/2458 2481/3285/2459
f 2480/3284/2458 2473/3276/2451 2482/3286/2460
f 2482/3286/2460 2473/3276/2451 2483/3287/2461
f 2483/3287/2461 2473/3276/2451 2474/3277/2452
f 2483/3287/2461 2474/3277/2452 2484/3288/2462
f 2485/3289/2228 2433/3290/2412 2432/3291/2411
f 2485/3289/2228 2432/3291/2411 2479/3292/2457
f 2485/3289/2228 2479/3292/2457 2486/3293/2463
f 2433/3290/2412 2485/3289/2228 2487/3294/2464
f 2487/3294/2464 2485/3289/2228 2486/3293/2463
f 2433/3290/2412 2487/3294/2464 2435/3295/2414
f 2487/3294/2464 2486/3293/2463 2484/3296/2462
f 2435/3295/2414 2487/3294/2464 2488/3297/2465
f 2435/3295/2414 2488/3297/2465 2437/3298/2416
f 2487/3294/2464 2484/3296/2462 2489/3299/2466
f 2489/3299/2466 2484/3296/2462 2474/3300/2452
f 2488/3297/2465 2487/3294/2464 2490/3301/2467
f 2490/3301/2467 2487/3294/2464 2489/3299/2466
f 2437/3298/2416 2488/3297/2465 2491/3302/2468
f 2491/3302/2468 2488/3297/2465 2490/3301/2467
f 2437/3298/2416 2491/3302/2468 2492/3303/2469
f 2437/3298/2416 2492/3303/2469 2436/3304/2415
f 2492/3303/2469 2491/3302/2468 2493/3305/2470
f 2493/3305/2470 2491/3302/2468 2490/3301/2467
f 2436/3304/2415 2492/3303/2469 2494/3306/2471
f 2490/3301/2467 2489/3299/2466 2495/3307/2472
f 2495/3307/2472 2489/3299/2466 2474/3300/2452
f 2436/3304/2415 2494/3306/2471 2439/3308/2418
f 2492/3303/2469 2493/3305/2470 2496/3309/2473
f 2492/3303/2469 2496/3309/2473 2494/3306/2471
f 2496/3309/2473 2493/3305/2470 2490/3301/2467
f 2496/3309/2473 2490/3301/2467 2497/3310/2474
f 2497/3310/2474 2490/3301/2467 2495/3307/2472
f 2496/3309/2473 2497/3310/2474 2498/3311/2475
f 2496/3309/2473 2498/3311/2475 2494/3306/2471
f 2498/3311/2475 2497/3310/2474 2495/3307/2472
f 2499/3312/2476 2439/3308/2418 2494/3306/2471
f 2499/3312/2476 2494/3306/2471 2498/3311/2475
f 2439/3308/2418 2499/3312/2476 2442/3313/2421
f 2500/3314/2477 2495/3307/2472 2474/3300/2452
f 2500/3314/2477 2474/3300/2452 2470/3315/2449
f 2495/3307/2472 2500/3314/2477 2501/3316/2478
f 2495/3307/2472 2501/3316/2478 2498/3311/2475
f 2501/3316/2478 2500/3314/2477 2502/3317/2479
f 2498/3311/2475 2501/3316/2478 2503/3318/2480
f 2503/3318/2480 2501/3316/2478 2502/3317/2479
f 2498/3311/2475 2503/3318/2480 2499/3312/2476
f 2504/3319/2481 2442/3313/2421 2499/3312/2476
f 2504/3319/2481 2499/3312/2476 2503/3318/2480
f 2442/3313/2421 2504/3319/2481 2505/3320/2482
f 2442/3313/2421 2505/3320/2482 2441/3321/2420
f 2505/3320/2482 2504/3319/2481 2506/3322/2483
f 2505/3320/2482 2506/3322/2483 2441/3321/2420
f 2506/3322/2483 2504/3319/2481 2503/3318/2480
f 2441/3321/2420 2506/3322/2483 2448/3323/2427
f 2506/3322/2483 2503/3318/2480 2507/3324/2484
f 2506/3322/2483 2507/3324/2484 2448/3323/2427
f 2448/3323/2427 2507/3324/2484 2508/3325/2485
f 2448/3323/2427 2508/3325/2485 2419/3326/2399
f 2419/3326/2399 2508/3325/2485 2417/3327/2397
f 2507/3324/2484 2503/3318/2480 2509/3328/2486
f 2509/3328/2486 2503/3318/2480 2502/3317/2479
f 2507/3324/2484 2509/3328/2486 2465/3329/2444
f 2509/3328/2486 2502/3317/2479 2510/3330/2487
f 2465/3329/2444 2509/3328/2486 2511/3331/2488
f 2511/3331/2488 2509/3328/2486 2510/3330/2487
f 2465/3329/2444 2511/3331/2488 2426/3332/2405
f 2511/3331/2488 2510/3330/2487 2469/3333/2448
f 2426/3332/2405 2511/3331/2488 2425/3334/266
f 2425/3334/266 2511/3331/2488 2469/3333/2448
f 2425/3334/266 2469/3333/2448 2427/3335/2406
f 2512/3336/2489 2478/3337/2456 2513/3338/2490
f 2513/3338/2490 2478/3337/2456 2477/3339/2455
f 2512/3336/2489 2513/3338/2490 2514/3340/2491
f 2478/3337/2456 2512/3336/2489 2479/3341/2457
f 2512/3336/2489 2514/3340/2491 2515/3342/2492
f 2512/3336/2489 2515/3342/2492 2479/3341/2457
f 2479/3341/2457 2515/3342/2492 2484/3343/2462
f 2479/3341/2457 2484/3343/2462 2486/3344/2463
f 2484/3343/2462 2515/3342/2492 2483/3345/2461
f 2516/3346/2493 2453/3347/2432 2452/3348/2431
f 2453/3347/2432 2516/3346/2493 2517/3349/2494
f 2453/3347/2432 2517/3349/2494 2459/3350/2438
f 2516/3346/2493 2452/3348/2431 2518/3351/2495
f 2459/3350/2438 2517/3349/2494 2519/3352/2496
f 2459/3350/2438 2519/3352/2496 2460/3353/2439
f 2517/3349/2494 2516/3346/2493 2520/3354/2497
f 2517/3349/2494 2520/3354/2497 2519/3352/2496
f 2520/3354/2497 2516/3346/2493 2518/3351/2495
f 2519/3352/2496 2520/3354/2497 2521/3355/2498
f 2519/3352/2496 2521/3355/2498 2460/3353/2439
f 2521/3355/2498 2520/3354/2497 2518/3351/2495
f 2460/3353/2439 2521/3355/2498 2522/3356/2499
f 2522/3356/2499 2521/3355/2498 2518/3351/2495
f 2460/3353/2439 2522/3356/2499 2461/3357/2440
f 2461/3357/2440 2522/3356/2499 2462/3358/2441
f 2462/3358/2441 2522/3356/2499 2518/3351/2495
f 2462/3358/2441 2518/3351/2495 2463/3359/2442
f 2463/3359/2442 2518/3351/2495 2523/3360/2500
f 2523/3360/2500 2518/3351/2495 2452/3348/2431
f 2463/3359/2442 2523/3360/2500 2466/3361/2445
f 2523/3360/2500 2452/3348/2431 2524/3362/2501
f 2524/3362/2501 2452/3348/2431 2451/3363/2430
f 2524/3362/2501 2451/3363/2430 2455/3364/2434
f 2524/3362/2501 2455/3364/2434 2416/3365/2396
f 2416/3365/2396 2455/3364/2434 2413/3366/2393
f 2524/3362/2501 2416/3365/2396 2525/3367/2502
f 2524/3362/2501 2525/3367/2502 2523/3360/2500
f 2525/3367/2502 2416/3365/2396 2417/3368/2397
f 2525/3367/2502 2417/3368/2397 2508/3369/2485
f 2523/3360/2500 2525/3367/2502 2526/3370/2503
f 2526/3370/2503 2525/3367/2502 2508/3369/2485
f 2523/3360/2500 2526/3370/2503 2466/3361/2445
f 2526/3370/2503 2508/3369/2485 2507/3371/2484
f 2466/3361/2445 2526/3370/2503 2465/3372/2444
f 2465/3372/2444 2526/3370/2503 2507/3371/2484
f 2527/3373/2504 2528/3374/2505 2529/3375/2506
f 2529/3375/2506 2528/3374/2505 2530/3376/2507
f 2528/3374/2505 2527/3373/2504 2531/3377/2508
f 2531/3377/2508 2527/3373/2504 2532/3378/2509
f 2528/3374/2505 2531/3377/2508 2533/3379/2510
f 2530/3376/2507 2528/3374/2505 2470/3380/2449
f 2470/3380/2449 2528/3374/2505 2533/3379/2510
f 2530/3376/2507 2470/3380/2449 2469/3381/2448
f 2470/3380/2449 2533/3379/2510 2500/3382/2477
f 2534/3383/2511 2527/3384/2504 2529/3385/2506
f 2527/3384/2504 2534/3383/2511 2535/3386/2512
f 2527/3384/2504 2535/3386/2512 2532/3387/2509
f 2534/3383/2511 2529/3385/2506 2536/3388/2513
f 2532/3387/2509 2535/3386/2512 2537/3389/2514
f 2537/3389/2514 2535/3386/2512 2534/3383/2511
f 2537/3389/2514 2534/3383/2511 2536/3388/2513
f 2532/3387/2509 2537/3389/2514 2531/3390/2508
f 2531/3390/2508 2537/3389/2514 2536/3388/2513
f 2536/3388/2513 2529/3385/2506 2530/3391/2507
f 2531/3390/2508 2536/3388/2513 2533/3392/2510
f 2533/3392/2510 2536/3388/2513 2538/3393/2515
f 2538/3393/2515 2536/3388/2513 2530/3391/2507
f 2533/3392/2510 2538/3393/2515 2500/3394/2477
f 2500/3394/2477 2538/3393/2515 2502/3395/2479
f 2502/3395/2479 2538/3393/2515 2510/3396/2487
f 2510/3396/2487 2538/3393/2515 2530/3391/2507
f 2510/3396/2487 2530/3391/2507 2469/3397/2448
f 2513/3398/2490 2477/3399/2455 2539/3400/2516
f 2513/3398/2490 2539/3400/2516 2540/3401/2517
f 2513/3398/2490 2540/3401/2517 2514/3402/2491
f 2477/3403/2455 2541/3404/2518 2539/3405/2516
f 2541/3404/2518 2477/3403/2455 2476/3406/2454
f 2539/3405/2516 2541/3404/2518 2540/3407/2517
f 2541/3404/2518 2476/3406/2454 2481/3408/2459
f 2541/3404/2518 2481/3408/2459 2540/3407/2517
f 2540/3407/2517 2481/3408/2459 2514/3409/2491
f 2514/3410/2491 2542/3411/2519 2515/3412/2492
f 2542/3411/2519 2514/3410/2491 2543/3413/2520
f 2542/3411/2519 2543/3413/2520 2544/3414/2521
f 2515/3412/2492 2542/3411/2519 2483/3415/2461
f 2542/3411/2519 2544/3414/2521 2545/3416/2522
f 2483/3415/2461 2542/3411/2519 2546/3417/2523
f 2546/3417/2523 2542/3411/2519 2545/3416/2522
f 2483/3415/2461 2546/3417/2523 2482/3418/2460
f 2482/3418/2460 2546/3417/2523 2545/3416/2522
f 2543/3419/2520 2514/3420/2491 2481/3421/2459
f 2543/3419/2520 2481/3421/2459 2480/3422/2458
f 2543/3419/2520 2480/3422/2458 2544/3423/2521
f 2544/3423/2521 2480/3422/2458 2545/3424/2522
f 2545/3424/2522 2480/3422/2458 2482/3425/2460
f 2547/3426/2524 562/3427/560 2548/3428/2525
f 2548/3428/2525 562/3427/560 564/3429/562
f 562/3427/560 2547/3426/2524 561/3430/559
f 2548/3428/2525 564/3429/562 2549/3431/2526
f 2549/3431/2526 564/3429/562 567/3432/565
f 2547/3426/2524 2548/3428/2525 2550/3433/2527
f 2550/3433/2527 2548/3428/2525 2549/3431/2526
f 561/3430/559 2547/3426/2524 2551/3434/2528
f 561/3430/559 2551/3434/2528 721/3435/719
f 721/3435/719 2551/3434/2528 723/3436/721
f 723/3436/721 2551/3434/2528 2552/3437/2529
f 2551/3434/2528 2547/3426/2524 2553/3438/2530
f 2553/3438/2530 2547/3426/2524 2550/3433/2527
f 2552/3437/2529 2551/3434/2528 2554/3439/2531
f 2554/3439/2531 2551/3434/2528 2553/3438/2530
f 2552/3437/2529 2554/3439/2531 2555/3440/2532
f 2553/3438/2530 2550/3433/2527 2556/3441/2533
f 2556/3441/2533 2550/3433/2527 2549/3431/2526
f 2554/3439/2531 2553/3438/2530 2557/3442/2534
f 2557/3442/2534 2553/3438/2530 2556/3441/2533
f 2554/3439/2531 2557/3442/2534 2558/3443/2535
f 2554/3439/2531 2558/3443/2535 2555/3440/2532
f 2557/3442/2534 2556/3441/2533 2559/3444/2536
f 2559/3444/2536 2556/3441/2533 2549/3431/2526
f 2558/3443/2535 2557/3442/2534 2560/3445/2537
f 2560/3445/2537 2557/3442/2534 2559/3444/2536
f 2558/3443/2535 2560/3445/2537 2561/3446/2538
f 2561/3446/2538 2560/3445/2537 2559/3444/2536
f 2558/3443/2535 2561/3446/2538 2555/3440/2532
f 2559/3444/2536 2549/3431/2526 2562/3447/2539
f 2563/3448/2540 2552/3437/2529 2555/3440/2532
f 2552/3437/2529 2563/3448/2540 2564/3449/2541
f 2563/3448/2540 2555/3440/2532 2565/3450/2542
f 2555/3440/2532 2561/3446/2538 2566/3451/2543
f 2555/3440/2532 2566/3451/2543 2565/3450/2542
f 2566/3451/2543 2561/3446/2538 2567/3452/2544
f 2566/3451/2543 2567/3452/2544 2565/3450/2542
f 2567/3452/2544 2561/3446/2538 2568/3453/2545
f 2563/3448/2540 2565/3450/2542 2569/3454/2546
f 2563/3448/2540 2569/3454/2546 2570/3455/2547
f 2570/3455/2547 2569/3454/2546 2571/3456/2548
f 2565/3450/2542 2567/3452/2544 2572/3457/2549
f 2572/3457/2549 2567/3452/2544 2568/3453/2545
f 2569/3454/2546 2565/3450/2542 2573/3458/2550
f 2573/3458/2550 2565/3450/2542 2572/3457/2549
f 2571/3456/2548 2569/3454/2546 2574/3459/2551
f 2574/3459/2551 2569/3454/2546 2573/3458/2550
f 2571/3456/2548 2574/3459/2551 2575/3460/2552
f 2571/3456/2548 2575/3460/2552 2576/3461/2553
f 2575/3460/2552 2574/3459/2551 2577/3462/2554
f 2576/3461/2553 2575/3460/2552 2578/3463/2555
f 2578/3463/2555 2575/3460/2552 2577/3462/2554
f 2574/3459/2551 2573/3458/2550 2579/3464/2556
f 2574/3459/2551 2579/3464/2556 2577/3462/2554
f 2580/3465/2557 2573/3458/2550 2572/3457/2549
f 2580/3465/2557 2572/3457/2549 2568/3453/2545
f 2579/3464/2556 2573/3458/2550 2581/3466/2558
f 2581/3466/2558 2573/3458/2550 2580/3465/2557
f 2577/3462/2554 2579/3464/2556 2582/3467/2559
f 2582/3467/2559 2579/3464/2556 2581/3466/2558
f 2581/3466/2558 2580/3465/2557 2583/3468/2560
f 2583/3468/2560 2580/3465/2557 2568/3453/2545
f 2581/3466/2558 2583/3468/2560 2582/3467/2559
f 2583/3468/2560 2568/3453/2545 2584/3469/2561
f 2582/3467/2559 2583/3468/2560 2585/3470/2562
f 2585/3470/2562 2583/3468/2560 2584/3469/2561
f 2584/3469/2561 2568/3453/2545 2586/3471/2563
f 2586/3471/2563 2568/3453/2545 2561/3446/2538
f 2586/3471/2563 2561/3446/2538 2559/3444/2536
f 2586/3471/2563 2559/3444/2536 2562/3447/2539
f 2584/3469/2561 2586/3471/2563 2587/3472/2564
f 2587/3472/2564 2586/3471/2563 2562/3447/2539
f 2584/3469/2561 2587/3472/2564 2585/3470/2562
f 2587/3472/2564 2562/3447/2539 667/3473/665
f 2587/3472/2564 667/3473/665 666/3474/664
f 667/3473/665 2562/3447/2539 2588/3475/2565
f 667/3473/665 2588/3475/2565 671/3476/669
f 2588/3475/2565 2562/3447/2539 2549/3431/2526
f 671/3476/669 2588/3475/2565 567/3432/565
f 567/3432/565 2588/3475/2565 2549/3431/2526
f 2587/3472/2564 666/3474/664 2589/3477/2566
f 2587/3472/2564 2589/3477/2566 2585/3470/2562
f 2589/3477/2566 666/3474/664 663/3478/661
f 2585/3470/2562 2589/3477/2566 2590/3479/2567
f 2590/3479/2567 2589/3477/2566 663/3478/661
f 2585/3470/2562 2590/3479/2567 2582/3467/2559
f 2590/3479/2567 663/3478/661 662/3480/660
f 2582/3467/2559 2590/3479/2567 2591/3481/2568
f 2582/3467/2559 2591/3481/2568 2577/3462/2554
f 2590/3479/2567 662/3480/660 2592/3482/2569
f 2590/3479/2567 2592/3482/2569 2591/3481/2568
f 2592/3482/2569 662/3480/660 610/3483/608
f 2577/3462/2554 2591/3481/2568 2593/3484/2570
f 2593/3484/2570 2591/3481/2568 2592/3482/2569
f 2592/3482/2569 610/3483/608 2594/3485/2571
f 2592/3482/2569 2594/3485/2571 2593/3484/2570
f 2594/3485/2571 610/3483/608 608/3486/606
f 2594/3485/2571 608/3486/606 605/3487/603
f 2577/3462/2554 2593/3484/2570 2578/3463/2555
f 2594/3485/2571 605/3487/603 2595/3488/2572
f 2595/3488/2572 605/3487/603 602/3489/600
f 2593/3484/2570 2594/3485/2571 2596/3490/2573
f 2596/3490/2573 2594/3485/2571 2595/3488/2572
f 2578/3463/2555 2593/3484/2570 2597/3491/2574
f 2597/3491/2574 2593/3484/2570 2596/3490/2573
f 2595/3488/2572 602/3489/600 2598/3492/2575
f 2595/3488/2572 2598/3492/2575 2596/3490/2573
f 2598/3492/2575 602/3489/600 599/3493/597
f 2597/3491/2574 2596/3490/2573 2599/3494/2576
f 2596/3490/2573 2598/3492/2575 2600/3495/2577
f 2596/3490/2573 2600/3495/2577 2599/3494/2576
f 2597/3491/2574 2599/3494/2576 2601/3496/2578
f 2601/3496/2578 2599/3494/2576 2600/3495/2577
f 2597/3491/2574 2601/3496/2578 2602/3497/2579
f 2598/3492/2575 599/3493/597 2603/3498/2580
f 2598/3492/2575 2603/3498/2580 2600/3495/2577
f 2603/3498/2580 599/3493/597 592/3499/590
f 592/3499/590 599/3493/597 597/3500/595
f 592/3499/590 597/3500/595 595/3501/593
f 2603/3498/2580 592/3499/590 590/3502/588
f 2601/3496/2578 2600/3495/2577 2604/3503/2581
f 2604/3503/2581 2600/3495/2577 2603/3498/2580
f 2604/3503/2581 2603/3498/2580 590/3502/588
f 2601/3496/2578 2604/3503/2581 2602/3497/2579
f 2604/3503/2581 590/3502/588 2605/3504/2582
f 2604/3503/2581 2605/3504/2582 2602/3497/2579
f 2605/3504/2582 590/3502/588 589/3505/587
f 2605/3504/2582 589/3505/587 588/3506/586
f 2605/3504/2582 588/3506/586 698/3507/696
f 2605/3504/2582 698/3507/696 708/3508/706
f 2605/3504/2582 708/3508/706 2602/3497/2579
f 2602/3497/2579 708/3508/706 712/3509/710
f 2602/3497/2579 712/3509/710 2606/3510/2583
f 2602/3497/2579 2606/3510/2583 2597/3491/2574
f 2606/3510/2583 712/3509/710 2607/3511/2584
f 2597/3491/2574 2606/3510/2583 2578/3463/2555
f 2578/3463/2555 2606/3510/2583 2608/3512/2585
f 2578/3463/2555 2608/3512/2585 2576/3461/2553
f 2576/3461/2553 2608/3512/2585 2609/3513/2586
f 2608/3512/2585 2606/3510/2583 2610/3514/2587
f 2608/3512/2585 2610/3514/2587 2609/3513/2586
f 2610/3514/2587 2606/3510/2583 2607/3511/2584
f 2609/3513/2586 2610/3514/2587 2611/3515/2588
f 2611/3515/2588 2610/3514/2587 2607/3511/2584
f 2611/3515/2588 2607/3511/2584 2612/3516/2589
f 2613/3517/2590 724/3518/722 723/3519/721
f 724/3518/722 2613/3517/2590 726/3520/724
f 2552/3521/2529 2564/3522/2541 723/3519/721
f 723/3519/721 2564/3522/2541 2613/3517/2590
f 726/3520/724 2613/3517/2590 2614/3523/2591
f 2613/3517/2590 2564/3522/2541 2615/3524/2592
f 2615/3524/2592 2564/3522/2541 2563/3525/2540
f 2615/3524/2592 2563/3525/2540 2570/3526/2547
f 2613/3517/2590 2615/3524/2592 2616/3527/2593
f 2616/3527/2593 2615/3524/2592 2570/3526/2547
f 2613/3517/2590 2616/3527/2593 2614/3523/2591
f 2616/3527/2593 2570/3526/2547 2571/3528/2548
f 2616/3527/2593 2571/3528/2548 2617/3529/2594
f 2616/3527/2593 2617/3529/2594 2614/3523/2591
f 2617/3529/2594 2571/3528/2548 2576/3530/2553
f 2617/3529/2594 2576/3530/2553 2618/3531/2595
f 2618/3531/2595 2576/3530/2553 2609/3532/2586
f 2614/3523/2591 2617/3529/2594 2619/3533/2596
f 2619/3533/2596 2617/3529/2594 2618/3531/2595
f 2614/3523/2591 2619/3533/2596 2620/3534/2597
f 2614/3523/2591 2620/3534/2597 2621/3535/2598
f 2619/3533/2596 2618/3531/2595 2622/3536/2599
f 2622/3536/2599 2618/3531/2595 2609/3532/2586
f 2619/3533/2596 2622/3536/2599 2620/3534/2597
f 2622/3536/2599 2609/3532/2586 2623/3537/2600
f 2623/3537/2600 2609/3532/2586 2611/3538/2588
f 2623/3537/2600 2611/3538/2588 2612/3539/2589
f 2622/3536/2599 2623/3537/2600 2624/3540/2601
f 2622/3536/2599 2624/3540/2601 2620/3534/2597
f 2624/3540/2601 2623/3537/2600 2612/3539/2589
f 2620/3534/2597 2624/3540/2601 2625/3541/2602
f 2624/3540/2601 2612/3539/2589 2626/3542/2603
f 2624/3540/2601 2626/3542/2603 2625/3541/2602
f 2626/3542/2603 2612/3539/2589 2607/3543/2584
f 2626/3542/2603 2607/3543/2584 712/3544/710
f 2626/3542/2603 712/3544/710 711/3545/709
f 2626/3542/2603 711/3545/709 2625/3541/2602
f 2625/3541/2602 711/3545/709 709/3546/707
f 2625/3541/2602 709/3546/707 764/3547/762
f 764/3547/762 709/3546/707 710/3548/708
f 2627/3549/2604 2628/3550/2605 2629/3551/2606
f 2629/3551/2606 2628/3550/2605 2630/3552/2
f 2627/3549/2604 2629/3551/2606 2631/3553/2607
f 2629/3551/2606 2630/3552/2 2632/3554/2608
f 2629/3551/2606 2632/3554/2608 2631/3553/2607
f 2632/3554/2608 2630/3552/2 2633/3555/2609
f 2633/3555/2609 2630/3552/2 2634/3556/2610
f 2632/3554/2608 2633/3555/2609 2635/3557/2611
f 2635/3557/2611 2633/3555/2609 2636/3558/2612
f 2631/3553/2607 2632/3554/2608 2637/3559/2613
f 2637/3559/2613 2632/3554/2608 2635/3557/2611
f 2638/3560/2614 2627/3549/2604 2631/3553/2607
f 2631/3553/2607 2637/3559/2613 2639/3561/2615
f 2631/3553/2607 2639/3561/2615 2638/3560/2614
f 2637/3559/2613 2635/3557/2611 2640/3562/2616
f 2637/3559/2613 2640/3562/2616 2639/3561/2615
f 2641/3563/2617 2642/3564/2618 2635/3557/2611
f 2635/3557/2611 2642/3564/2618 2640/3562/2616
f 2643/3565/2619 2627/3549/2604 2638/3560/2614
f 2627/3549/2604 2643/3565/2619 2644/3566/2620
f 2645/3567/2621 2638/3560/2614 2639/3561/2615
f 2638/3560/2614 2645/3567/2621 2643/3565/2619
f 2646/3568/2622 2639/3561/2615 2640/3562/2616
f 2639/3561/2615 2646/3568/2622 2647/3569/2623
f 2648/3570/2624 2640/3562/2616 2642/3564/2618
f 2648/3570/2624 2642/3564/2618 2649/3571/2625
f 2648/3570/2624 2649/3571/2625 2650/3572/2626
f 2648/3570/2624 2650/3572/2626 2651/3573/2627
f 2648/3570/2624 2651/3573/2627 2652/3574/2628
f 2640/3562/2616 2648/3570/2624 2653/3575/2629
f 2640/3562/2616 2653/3575/2629 2646/3568/2622
f 2653/3575/2629 2648/3570/2624 2652/3574/2628
f 2646/3568/2622 2653/3575/2629 2654/3576/2630
f 2654/3576/2630 2653/3575/2629 2652/3574/2628
f 2646/3568/2622 2654/3576/2630 2655/3577/2631
f 2654/3576/2630 2652/3574/2628 2656/3578/2632
f 2657/3579/2633 2643/3565/2619 2645/3567/2621
f 2657/3579/2633 2645/3567/2621 2658/3580/2634
f 2643/3565/2619 2657/3579/2633 2659/3581/2635
f 2659/3581/2635 2657/3579/2633 2658/3580/2634
f 2643/3565/2619 2659/3581/2635 2644/3566/2620
f 2644/3566/2620 2659/3581/2635 2660/3582/2636
f 2658/3580/2634 2645/3567/2621 2661/3583/2637
f 2660/3582/2636 2659/3581/2635 2662/3584/2638
f 2662/3584/2638 2659/3581/2635 2658/3580/2634
f 2660/3582/2636 2662/3584/2638 2663/3585/2639
f 2663/3585/2639 2662/3584/2638 2664/3586/2640
f 2663/3585/2639 2664/3586/2640 2665/3587/2641
f 2664/3586/2640 2662/3584/2638 2666/3588/2642
f 2666/3588/2642 2662/3584/2638 2658/3580/2634
f 2658/3580/2634 2661/3583/2637 2667/3589/2643
f 2658/3580/2634 2667/3589/2643 2666/3588/2642
f 2667/3589/2643 2661/3583/2637 2668/3590/2644
f 2666/3588/2642 2667/3589/2643 2669/3591/2642
f 2669/3591/2642 2667/3589/2643 2668/3590/2644
f 2627/3592/2604 2644/3593/2620 2628/3594/2605
f 2628/3594/2605 2644/3593/2620 2670/3595/2645
f 2628/3594/2605 2670/3595/2645 2630/3596/2
f 2670/3595/2645 2644/3593/2620 2671/3597/2646
f 2670/3595/2645 2671/3597/2646 2672/3598/2647
f 2672/3598/2647 2671/3597/2646 2673/3599/2648
f 2671/3597/2646 2644/3593/2620 2674/3600/2649
f 2674/3600/2649 2644/3593/2620 2660/3601/2636
f 2674/3600/2649 2660/3601/2636 2663/3602/2639
f 2674/3600/2649 2663/3602/2639 2665/3603/2641
f 2671/3597/2646 2674/3600/2649 2675/3604/2650
f 2671/3597/2646 2675/3604/2650 2673/3599/2648
f 2674/3600/2649 2665/3603/2641 2676/3605/2651
f 2674/3600/2649 2676/3605/2651 2675/3604/2650
f 2676/3605/2651 2665/3603/2641 2677/3606/2652
f 2673/3599/2648 2675/3604/2650 617/3607/615
f 2673/3599/2648 617/3607/615 2678/3608/2653
f 2675/3604/2650 2676/3605/2651 2679/3609/2654
f 2679/3609/2654 2676/3605/2651 2677/3606/2652
f 2675/3604/2650 2679/3609/2654 617/3607/615
f 2679/3609/2654 2677/3606/2652 2680/3610/2655
f 2679/3609/2654 2680/3610/2655 2681/3611/2656
f 2679/3609/2654 2681/3611/2656 2682/3612/2657
f 617/3607/615 2679/3609/2654 2683/3613/2658
f 2683/3613/2658 2679/3609/2654 2682/3612/2657
f 617/3607/615 2683/3613/2658 615/3614/613
f 2683/3613/2658 2682/3612/2657 2684/3615/2659
f 615/3614/613 2683/3613/2658 618/3616/616
f 618/3616/616 2683/3613/2658 2684/3615/2659
f 618/3616/616 2684/3615/2659 622/3617/620
f 2685/3618/2660 515/3619/514 516/3620/515
f 515/3619/514 2685/3618/2660 514/3621/513
f 2686/3622/2661 513/3623/512 514/3621/513
f 2686/3622/2661 514/3621/513 2687/3624/2662
f 2687/3624/2662 514/3621/513 2685/3618/2660
f 2685/3618/2660 516/3620/515 2688/3625/2663
f 2685/3618/2660 2688/3625/2663 2687/3624/2662
f 2688/3625/2663 516/3620/515 518/3626/517
f 2687/3624/2662 2688/3625/2663 2689/3627/2664
f 2687/3624/2662 2689/3627/2664 2690/3628/2665
f 2688/3625/2663 518/3626/517 2691/3629/2666
f 2691/3629/2666 518/3626/517 520/3630/519
f 2689/3627/2664 2688/3625/2663 2692/3631/2667
f 2689/3627/2664 2692/3631/2667 2693/3632/2668
f 2693/3632/2668 2692/3631/2667 2688/3625/2663
f 2689/3627/2664 2693/3632/2668 2690/3628/2665
f 2693/3632/2668 2688/3625/2663 2691/3629/2666
f 2693/3632/2668 2691/3629/2666 2690/3628/2665
f 2691/3629/2666 520/3630/519 2694/3633/2669
f 2694/3633/2669 520/3630/519 522/3634/521
f 2690/3628/2665 2691/3629/2666 2695/3635/2670
f 2695/3635/2670 2691/3629/2666 2694/3633/2669
f 2690/3628/2665 2695/3635/2670 2696/3636/2671
f 2690/3628/2665 2696/3636/2671 2697/3637/2672
f 2697/3637/2672 2696/3636/2671 2698/3638/2673
f 2698/3638/2673 2696/3636/2671 2699/3639/2674
f 2699/3639/2674 2696/3636/2671 2695/3635/2670
f 2699/3639/2674 2695/3635/2670 2700/3640/1667
f 2700/3640/1667 2695/3635/2670 2694/3633/2669
f 2700/3640/1667 2694/3633/2669 734/3641/732
f 734/3641/732 2694/3633/2669 522/3634/521
f 734/3641/732 522/3634/521 730/3642/728
f 730/3642/728 522/3634/521 713/3643/711
f 2700/3640/1667 734/3641/732 727/3644/725
f 2700/3640/1667 727/3644/725 726/3645/724
f 2700/3640/1667 726/3645/724 2614/3646/2591
f 2687/3647/2662 2690/3648/2665 2686/3649/2661
f 2686/3649/2661 2690/3648/2665 2701/3650/2675
f 2686/3649/2661 2701/3650/2675 513/3651/512
f 2701/3650/2675 2690/3648/2665 2697/3652/2672
f 513/3651/512 2701/3650/2675 2702/3653/2676
f 513/3651/512 2702/3653/2676 510/3654/509
f 2701/3650/2675 2697/3652/2672 2703/3655/2677
f 2701/3650/2675 2703/3655/2677 2702/3653/2676
f 2703/3655/2677 2697/3652/2672 2698/3656/2673
f 2702/3653/2676 2703/3655/2677 2704/3657/2678
f 2702/3653/2676 2704/3657/2678 2705/3658/2679
f 2703/3655/2677 2698/3656/2673 2706/3659/2680
f 2703/3655/2677 2706/3659/2680 2704/3657/2678
f 2706/3659/2680 2698/3656/2673 2707/3660/2681
f 2705/3658/2679 2704/3657/2678 2708/3661/2682
f 2706/3659/2680 2707/3660/2681 2709/3662/2683
f 2709/3662/2683 2707/3660/2681 2710/3663/2684
f 2710/3663/2684 2707/3660/2681 755/3664/753
f 2709/3662/2683 2710/3663/2684 2711/3665/2685
f 2709/3662/2683 2711/3665/2685 2706/3659/2680
f 2706/3659/2680 2711/3665/2685 2704/3657/2678
f 2704/3657/2678 2711/3665/2685 2712/3666/2686
f 2713/3667/2687 2708/3661/2682 2704/3657/2678
f 2713/3667/2687 2704/3657/2678 2712/3666/2686
f 2708/3661/2682 2713/3667/2687 2714/3668/2688
f 2713/3667/2687 2712/3666/2686 2715/3669/2689
f 2713/3667/2687 2715/3669/2689 2714/3668/2688
f 2715/3669/2689 2712/3666/2686 2716/3670/2690
f 2715/3669/2689 2716/3670/2690 2717/3671/2691
f 2714/3668/2688 2715/3669/2689 2718/3672/2692
f 2718/3672/2692 2715/3669/2689 2717/3671/2691
f 2714/3668/2688 2718/3672/2692 2719/3673/2693
f 2719/3673/2693 2718/3672/2692 2717/3671/2691
f 2699/3674/2674 2700/3675/1667 2720/3676/2694
f 2699/3674/2674 2720/3676/2694 2707/3677/2681
f 2699/3674/2674 2707/3677/2681 2698/3678/2673
f 2720/3676/2694 2700/3675/1667 735/3679/733
f 735/3679/733 2700/3675/1667 2614/3680/2591
f 2707/3677/2681 2720/3676/2694 2721/3681/2695
f 2721/3681/2695 2720/3676/2694 735/3679/733
f 2707/3677/2681 2721/3681/2695 755/3682/753
f 755/3682/753 2721/3681/2695 757/3683/755
f 757/3683/755 2721/3681/2695 764/3684/762
f 2721/3681/2695 735/3679/733 2722/3685/2696
f 2722/3685/2696 735/3679/733 732/3686/730
f 2721/3681/2695 2722/3685/2696 2723/3687/2697
f 2723/3687/2697 2722/3685/2696 732/3686/730
f 2721/3681/2695 2723/3687/2697 764/3684/762
f 2723/3687/2697 732/3686/730 733/3688/731
f 764/3684/762 2723/3687/2697 2724/3689/2698
f 2724/3689/2698 2723/3687/2697 733/3688/731
f 764/3684/762 2724/3689/2698 2625/3690/2602
f 2625/3690/2602 2724/3689/2698 2620/3691/2597
f 2620/3691/2597 2724/3689/2698 2621/3692/2598
f 2621/3692/2598 2724/3689/2698 733/3688/731
f 2621/3692/2598 733/3688/731 735/3693/733
f 2621/3692/2598 735/3693/733 2614/3694/2591
f 2705/3695/2679 745/3696/743 510/3697/509
f 2705/3695/2679 510/3697/509 2702/3698/2676
f 745/3696/743 2705/3695/2679 2708/3699/2682
f 745/3696/743 2708/3699/2682 2725/3700/2699
f 2725/3700/2699 2708/3699/2682 2714/3701/2688
f 745/3696/743 2725/3700/2699 2726/3702/2700
f 745/3696/743 2726/3702/2700 546/3703/545
f 546/3703/545 2726/3702/2700 534/3704/533
f 534/3704/533 2726/3702/2700 2711/3705/2685
f 534/3704/533 2711/3705/2685 531/3706/530
f 2711/3705/2685 2726/3702/2700 2712/3707/2686
f 2712/3707/2686 2726/3702/2700 2725/3700/2699
f 531/3706/530 2711/3705/2685 2710/3708/2684
f 531/3706/530 2710/3708/2684 754/3709/752
f 754/3709/752 2710/3708/2684 755/3710/753
f 2712/3707/2686 2725/3700/2699 2716/3711/2690
f 2716/3711/2690 2725/3700/2699 2727/3712/2701
f 2727/3712/2701 2725/3700/2699 2714/3701/2688
f 2716/3711/2690 2727/3712/2701 2717/3713/2691
f 2727/3712/2701 2714/3701/2688 2719/3714/2693
f 2727/3712/2701 2719/3714/2693 2717/3713/2691
f 635/3715/633 631/3716/629 2728/3717/2702
f 2728/3717/2702 631/3716/629 2729/3718/2703
f 2728/3717/2702 2729/3718/2703 2730/3719/2704
f 635/3715/633 2728/3717/2702 2731/3720/2705
f 635/3715/633 2731/3720/2705 2732/3721/2706
f 635/3715/633 2732/3721/2706 636/3722/634
f 2731/3720/2705 2728/3717/2702 2733/3723/2707
f 636/3722/634 2732/3721/2706 2734/3724/2708
f 636/3722/634 2734/3724/2708 643/3725/641
f 2732/3721/2706 2731/3720/2705 2735/3726/2709
f 2735/3726/2709 2731/3720/2705 2733/3723/2707
f 2732/3721/2706 2735/3726/2709 2734/3724/2708
f 644/3727/642 643/3725/641 2736/3728/2710
f 2736/3728/2710 643/3725/641 2734/3724/2708
f 2736/3728/2710 2734/3724/2708 2737/3729/2711
f 2737/3729/2711 2734/3724/2708 2630/3730/2
f 2630/3730/2 2734/3724/2708 2634/3731/2610
f 2634/3731/2610 2734/3724/2708 2735/3726/2709
f 2634/3731/2610 2735/3726/2709 2738/3732/2712
f 2738/3732/2712 2735/3726/2709 2733/3723/2707
f 2634/3731/2610 2738/3732/2712 2636/3733/2612
f 2634/3731/2610 2636/3733/2612 2633/3734/2609
f 2636/3733/2612 2738/3732/2712 2641/3735/2617
f 2641/3735/2617 2738/3732/2712 2733/3723/2707
f 2636/3733/2612 2641/3735/2617 2635/3736/2611
f 2641/3735/2617 2733/3723/2707 2739/3737/2713
f 2739/3737/2713 2733/3723/2707 2740/3738/2714
f 2740/3738/2714 2733/3723/2707 2728/3717/2702
f 2740/3738/2714 2728/3717/2702 2730/3719/2704
f 2740/3738/2714 2730/3719/2704 2741/3739/2715
f 2740/3738/2714 2741/3739/2715 2739/3737/2713
f 2741/3739/2715 2730/3719/2704 1103/3740/1101
f 1103/3740/1101 2730/3719/2704 1102/3741/1100
f 2741/3739/2715 1103/3740/1101 1105/3742/1103
f 2741/3739/2715 1105/3742/1103 2739/3737/2713
f 2739/3737/2713 1105/3742/1103 1108/3743/1106
f 2739/3737/2713 1108/3743/1106 2742/3744/2716
f 2739/3737/2713 2742/3744/2716 2641/3735/2617
f 2641/3735/2617 2742/3744/2716 2743/3745/2717
f 2641/3735/2617 2743/3745/2717 2642/3746/2618
f 2642/3746/2618 2743/3745/2717 2649/3747/2625
f 2743/3745/2717 2742/3744/2716 2744/3748/2718
f 2744/3748/2718 2742/3744/2716 2745/3749/2719
f 2649/3747/2625 2743/3745/2717 2746/3750/2720
f 2746/3750/2720 2743/3745/2717 2744/3748/2718
f 2649/3747/2625 2746/3750/2720 2650/3751/2626
f 2746/3750/2720 2744/3748/2718 2747/3752/2721
f 2746/3750/2720 2747/3752/2721 2650/3751/2626
f 2747/3752/2721 2744/3748/2718 2748/3753/2722
f 2650/3751/2626 2747/3752/2721 2749/3754/2723
f 644/3755/642 2736/3756/2710 2750/3757/2724
f 644/3755/642 2750/3757/2724 651/3758/649
f 2750/3757/2724 2736/3756/2710 2751/3759/2725
f 2751/3759/2725 2736/3756/2710 2737/3760/2711
f 651/3758/649 2750/3757/2724 2752/3761/2726
f 651/3758/649 2752/3761/2726 652/3762/650
f 2750/3757/2724 2751/3759/2725 2753/3763/2727
f 2750/3757/2724 2753/3763/2727 2752/3761/2726
f 617/3764/615 652/3762/650 2678/3765/2653
f 2678/3765/2653 652/3762/650 2754/3766/2728
f 2754/3766/2728 652/3762/650 2752/3761/2726
f 2754/3766/2728 2752/3761/2726 2755/3767/2729
f 2755/3767/2729 2752/3761/2726 2756/3768/2730
f 2756/3768/2730 2752/3761/2726 2757/3769/2731
f 2757/3769/2731 2752/3761/2726 2753/3763/2727
f 2756/3768/2730 2757/3769/2731 2758/3770/2732
f 2758/3770/2732 2757/3769/2731 2759/3771/2733
f 2757/3769/2731 2753/3763/2727 2760/3772/2734
f 2760/3772/2734 2753/3763/2727 2751/3759/2725
f 2757/3769/2731 2760/3772/2734 2759/3771/2733
f 2758/3770/2732 2759/3771/2733 2761/3773/2735
f 2761/3773/2735 2759/3771/2733 2678/3774/2653
f 2761/3773/2735 2678/3774/2653 2754/3775/2728
f 2678/3774/2653 2759/3771/2733 2672/3776/2647
f 2678/3774/2653 2672/3776/2647 2673/3777/2648
f 2672/3776/2647 2759/3771/2733 2762/3778/2736
f 2762/3778/2736 2759/3771/2733 2760/3772/2734
f 2672/3776/2647 2762/3778/2736 2670/3779/2645
f 2762/3778/2736 2760/3772/2734 2763/3780/2737
f 2762/3778/2736 2763/3780/2737 2670/3779/2645
f 2763/3780/2737 2760/3772/2734 2751/3759/2725
f 2763/3780/2737 2751/3759/2725 2737/3760/2711
f 2763/3780/2737 2737/3760/2711 2670/3779/2645
f 2670/3779/2645 2737/3760/2711 2630/3781/2
f 2729/3782/2703 631/3783/629 2764/3784/2738
f 626/3785/624 631/3783/629 625/3786/623
f 631/3783/629 626/3785/624 2764/3784/2738
f 2729/3782/2703 2764/3784/2738 2765/3787/2739
f 2729/3782/2703 2765/3787/2739 2730/3788/2704
f 2764/3784/2738 626/3785/624 2766/3789/2740
f 2730/3788/2704 2765/3787/2739 1102/3790/1100
f 2766/3789/2740 626/3785/624 623/3791/621
f 2765/3787/2739 2764/3784/2738 2767/3792/2741
f 2767/3792/2741 2764/3784/2738 2766/3789/2740
f 1102/3790/1100 2765/3787/2739 2768/3793/2742
f 2765/3787/2739 2767/3792/2741 2769/3794/2743
f 2765/3787/2739 2769/3794/2743 2768/3793/2742
f 2766/3789/2740 623/3791/621 2770/3795/2744
f 2767/3792/2741 2766/3789/2740 2771/3796/2745
f 2771/3796/2745 2766/3789/2740 2770/3795/2744
f 2767/3792/2741 2771/3796/2745 2769/3794/2743
f 2770/3795/2744 623/3791/621 2772/3797/2746
f 2772/3797/2746 623/3791/621 621/3798/619
f 2770/3795/2744 2772/3797/2746 2771/3796/2745
f 2771/3796/2745 2772/3797/2746 2773/3799/2747
f 2771/3796/2745 2773/3799/2747 2774/3800/2748
f 2771/3796/2745 2774/3800/2748 2775/3801/2749
f 2775/3801/2749 2774/3800/2748 2776/3802/2750
f 2771/3796/2745 2775/3801/2749 2777/3803/2751
f 2771/3796/2745 2777/3803/2751 2778/3804/2752
f 2771/3796/2745 2778/3804/2752 2769/3794/2743
f 2778/3804/2752 2777/3803/2751 2779/3805/2753
f 2778/3804/2752 2779/3805/2753 2780/3806/2754
f 2769/3794/2743 2778/3804/2752 2781/3807/2755
f 2778/3804/2752 2780/3806/2754 2782/3808/2756
f 2778/3804/2752 2782/3808/2756 2781/3807/2755
f 2782/3808/2756 2780/3806/2754 2783/3809/2757
f 2782/3808/2756 2783/3809/2757 2784/3810/2758
f 2782/3808/2756 2784/3810/2758 1019/3811/1017
f 2769/3794/2743 2781/3807/2755 2768/3793/2742
f 2782/3808/2756 1019/3811/1017 2785/3812/2759
f 2785/3812/2759 1019/3811/1017 1013/3813/1011
f 2785/3812/2759 1013/3813/1011 1010/3814/1008
f 2782/3808/2756 2785/3812/2759 2786/3815/2760
f 2782/3808/2756 2786/3815/2760 2781/3807/2755
f 2785/3812/2759 1010/3814/1008 2787/3816/2761
f 2785/3812/2759 2787/3816/2761 2786/3815/2760
f 2787/3816/2761 1010/3814/1008 1011/3817/1009
f 2787/3816/2761 1011/3817/1009 1097/3818/1095
f 2786/3815/2760 2787/3816/2761 2788/3819/2762
f 2786/3815/2760 2788/3819/2762 2781/3807/2755
f 2788/3819/2762 2787/3816/2761 1097/3818/1095
f 2788/3819/2762 1097/3818/1095 2789/3820/2763
f 2789/3820/2763 1097/3818/1095 1099/3821/1097
f 2781/3807/2755 2788/3819/2762 2790/3822/2764
f 2790/3822/2764 2788/3819/2762 2789/3820/2763
f 2790/3822/2764 2789/3820/2763 1099/3821/1097
f 2781/3807/2755 2790/3822/2764 2768/3793/2742
f 2790/3822/2764 1099/3821/1097 1102/3790/1100
f 2790/3822/2764 1102/3790/1100 2768/3793/2742
f 2645/3823/2621 2639/3824/2615 2791/3825/2765
f 2645/3823/2621 2791/3825/2765 2661/3826/2637
f 2661/3826/2637 2791/3825/2765 2792/3827/2766
f 2661/3826/2637 2792/3827/2766 2793/3828/2767
f 2661/3826/2637 2793/3828/2767 2794/3829/2768
f 2793/3828/2767 2792/3827/2766 2795/3830/2769
f 2793/3828/2767 2795/3830/2769 2796/3831/2770
f 2795/3830/2769 2792/3827/2766 2797/3832/2771
f 2795/3830/2769 2797/3832/2771 2745/3833/2719
f 2797/3832/2771 2792/3827/2766 2796/3834/2770
f 2745/3833/2719 2797/3832/2771 2748/3835/2722
f 2745/3833/2719 2748/3835/2722 2744/3836/2718
f 2748/3835/2722 2797/3832/2771 2798/3837/2772
f 2798/3837/2772 2797/3832/2771 2796/3834/2770
f 2798/3837/2772 2796/3834/2770 2799/3838/2773
f 2791/3839/2765 2800/3840/2774 2792/3841/2766
f 2792/3841/2766 2800/3840/2774 2801/3842/2775
f 2800/3840/2774 2791/3839/2765 2639/3843/2615
f 2800/3840/2774 2639/3843/2615 2802/3844/2776
f 2802/3844/2776 2639/3843/2615 2647/3845/2623
f 2800/3840/2774 2802/3844/2776 2803/3846/2777
f 2802/3844/2776 2647/3845/2623 2804/3847/2778
f 2802/3844/2776 2804/3847/2778 2803/3846/2777
f 2804/3847/2778 2647/3845/2623 2805/3848/2779
f 2804/3847/2778 2805/3848/2779 2806/3849/2780
f 2804/3847/2778 2806/3849/2780 2803/3846/2777
f 2800/3840/2774 2803/3846/2777 2807/3850/2781
f 2803/3846/2777 2806/3849/2780 2808/3851/2782
f 2808/3851/2782 2806/3849/2780 2809/3852/2783
f 2803/3846/2777 2808/3851/2782 2810/3853/2784
f 2803/3846/2777 2810/3853/2784 2807/3850/2781
f 2810/3853/2784 2808/3851/2782 2811/3854/2785
f 2661/3855/2637 2807/3850/2781 2668/3856/2644
f 2668/3856/2644 2807/3850/2781 2812/3857/2786
f 2812/3857/2786 2807/3850/2781 2810/3853/2784
f 2813/3858/2787 2668/3856/2644 2814/3859/2788
f 2814/3859/2788 2668/3856/2644 2812/3857/2786
f 2814/3859/2788 2812/3857/2786 2815/3860/2789
f 2810/3853/2784 2811/3854/2785 2816/3861/2790
f 2810/3853/2784 2816/3861/2790 2812/3857/2786
f 2816/3861/2790 2811/3854/2785 2817/3862/2791
f 2816/3861/2790 2817/3862/2791 2818/3863/2792
f 2816/3861/2790 2818/3863/2792 2819/3864/2793
f 2816/3861/2790 2819/3864/2793 2820/3865/2794
f 2812/3857/2786 2816/3861/2790 2821/3866/2795
f 2821/3866/2795 2816/3861/2790 2820/3865/2794
f 2821/3866/2795 2820/3865/2794 2822/3867/2796
f 2812/3857/2786 2821/3866/2795 2799/3868/2773
f 2821/3866/2795 2822/3867/2796 2823/3869/2797
f 2821/3866/2795 2823/3869/2797 2799/3868/2773
f 2799/3868/2773 2823/3869/2797 2798/3870/2772
f 2824/3871/2798 2756/3872/2730 2758/3873/2732
f 2761/3874/2735 2825/3875/2799 2758/3873/2732
f 2758/3873/2732 2825/3875/2799 2826/3876/2800
f 2758/3873/2732 2826/3876/2800 2824/3871/2798
f 2826/3876/2800 2825/3875/2799 2827/3877/2801
f 2827/3877/2801 2825/3875/2799 2828/3878/2802
f 2826/3876/2800 2827/3877/2801 2829/3879/2803
f 2826/3876/2800 2829/3879/2803 2824/3871/2798
f 2824/3871/2798 2829/3879/2803 2830/3880/2804
f 2831/3881/2805 2756/3872/2730 2824/3871/2798
f 2824/3871/2798 2830/3880/2804 2832/3882/2806
f 2824/3871/2798 2832/3882/2806 2831/3881/2805
f 2832/3882/2806 2830/3880/2804 2833/3883/2807
f 2756/3872/2730 2831/3881/2805 2755/3884/2729
f 2832/3882/2806 2833/3883/2807 2834/3885/2808
f 2834/3885/2808 2833/3883/2807 2835/3886/2809
f 2834/3885/2808 2835/3886/2809 2836/3887/2810
f 2834/3885/2808 2836/3887/2810 2837/3888/2811
f 2834/3885/2808 2837/3888/2811 2838/3889/2812
f 2834/3885/2808 2838/3889/2812 2832/3882/2806
f 2832/3882/2806 2838/3889/2812 2831/3881/2805
f 2831/3881/2805 2838/3889/2812 2839/3890/2813
f 2831/3881/2805 2839/3890/2813 2755/3884/2729
f 2755/3884/2729 2839/3890/2813 2840/3891/2814
f 2755/3884/2729 2840/3891/2814 2754/3892/2728
f 2684/3893/2659 2841/3894/2815 622/3895/620
f 2841/3894/2815 2684/3893/2659 2842/3896/2816
f 622/3895/620 2841/3894/2815 2843/3897/2817
f 622/3895/620 2843/3897/2817 621/3898/619
f 621/3898/619 2843/3897/2817 2772/3899/2746
f 2841/3894/2815 2842/3896/2816 2844/3900/2818
f 2841/3894/2815 2844/3900/2818 2843/3897/2817
f 2844/3900/2818 2842/3896/2816 2845/3901/2819
f 2772/3899/2746 2843/3897/2817 2846/3902/2820
f 2846/3902/2820 2843/3897/2817 2844/3900/2818
f 2846/3902/2820 2844/3900/2818 2845/3901/2819
f 2772/3899/2746 2846/3902/2820 2773/3903/2747
f 2846/3902/2820 2845/3901/2819 2847/3904/2821
f 2846/3902/2820 2847/3904/2821 2773/3903/2747
f 2847/3904/2821 2845/3901/2819 2848/3905/2822
f 2847/3904/2821 2848/3905/2822 2849/3906/2823
f 2847/3904/2821 2849/3906/2823 2773/3903/2747
f 2849/3906/2823 2848/3905/2822 2850/3907/2824
f 2774/3908/2748 2773/3903/2747 2776/3909/2750
f 2776/3909/2750 2773/3903/2747 2851/3910/2825
f 2851/3910/2825 2773/3903/2747 2849/3906/2823
f 2851/3910/2825 2849/3906/2823 2850/3907/2824
f 2851/3910/2825 2850/3907/2824 2852/3911/2826
f 2851/3910/2825 2852/3911/2826 1021/3912/1019
f 2852/3911/2826 2850/3907/2824 2853/3913/2827
f 2854/3914/2828 2680/3915/2655 2677/3916/2652
f 2854/3914/2828 2677/3916/2652 2855/3917/2829
f 2855/3917/2829 2677/3916/2652 2665/3918/2641
f 2855/3917/2829 2665/3918/2641 2664/3919/2640
f 2854/3914/2828 2855/3917/2829 2856/3920/2830
f 2854/3914/2828 2856/3920/2830 2857/3921/2831
f 2857/3921/2831 2856/3920/2830 2858/3922/2832
f 2680/3915/2655 2854/3914/2828 2859/3923/2833
f 2859/3923/2833 2854/3914/2828 2857/3921/2831
f 2680/3915/2655 2859/3923/2833 2681/3924/2656
f 2857/3921/2831 2858/3922/2832 2860/3925/2834
f 2859/3923/2833 2857/3921/2831 2861/3926/2835
f 2859/3923/2833 2861/3926/2835 2681/3924/2656
f 2861/3926/2835 2857/3921/2831 2862/3927/2836
f 2861/3926/2835 2862/3927/2836 2681/3924/2656
f 2862/3927/2836 2857/3921/2831 2860/3925/2834
f 2681/3924/2656 2862/3927/2836 2682/3928/2657
f 2682/3928/2657 2862/3927/2836 2842/3929/2816
f 2682/3928/2657 2842/3929/2816 2684/3930/2659
f 2862/3927/2836 2860/3925/2834 2863/3931/2837
f 2862/3927/2836 2863/3931/2837 2842/3929/2816
f 2863/3931/2837 2860/3925/2834 2864/3932/2838
f 2842/3929/2816 2863/3931/2837 2845/3933/2819
f 2845/3933/2819 2863/3931/2837 2864/3932/2838
f 2845/3933/2819 2864/3932/2838 2848/3934/2822
f 2848/3934/2822 2864/3932/2838 2865/3935/2839
f 2848/3934/2822 2865/3935/2839 2850/3936/2824
f 2850/3936/2824 2865/3935/2839 2853/3937/2827
f 2853/3937/2827 2865/3935/2839 2866/3938/2840
f 2853/3937/2827 2866/3938/2840 1023/3939/1021
f 2853/3937/2827 1023/3939/1021 2852/3940/2826
f 2852/3940/2826 1023/3939/1021 1021/3941/1019
f 1021/3941/1019 1023/3939/1021 1020/3942/1018
f 2761/3943/2735 2754/3944/2728 2840/3945/2814
f 2761/3943/2735 2840/3945/2814 2867/3946/2841
f 2761/3943/2735 2867/3946/2841 2825/3947/2799
f 2825/3947/2799 2867/3946/2841 2828/3948/2802
f 2828/3948/2802 2867/3946/2841 2868/3949/2842
f 2867/3946/2841 2840/3945/2814 2869/3950/2843
f 2868/3949/2842 2867/3946/2841 2870/3951/2844
f 2870/3951/2844 2867/3946/2841 2869/3950/2843
f 2870/3951/2844 2869/3950/2843 2871/3952/2845
f 2871/3952/2845 2869/3950/2843 2775/3953/2749
f 2872/3954/2846 2864/3955/2838 2860/3956/2834
f 2864/3955/2838 2872/3954/2846 2865/3957/2839
f 2872/3954/2846 2860/3956/2834 2873/3958/2342
f 2865/3957/2839 2872/3954/2846 2874/3959/2847
f 2874/3959/2847 2872/3954/2846 2873/3958/2342
f 2873/3958/2342 2860/3956/2834 2858/3960/2832
f 2865/3957/2839 2874/3959/2847 2866/3961/2840
f 2873/3958/2342 2858/3960/2832 2875/3962/2848
f 2875/3962/2848 2858/3960/2832 2876/3963/2849
f 2875/3962/2848 2876/3963/2849 2877/3964/2850
f 2873/3958/2342 2875/3962/2848 2878/3965/2851
f 2875/3962/2848 2877/3964/2850 2879/3966/2852
f 2875/3962/2848 2879/3966/2852 2878/3965/2851
f 2879/3966/2852 2877/3964/2850 2880/3967/2853
f 2880/3967/2853 2877/3964/2850 2881/3968/2854
f 2881/3968/2854 2877/3964/2850 2882/3969/2855
f 2880/3967/2853 2881/3968/2854 2883/3970/2856
f 2880/3967/2853 2883/3970/2856 2879/3966/2852
f 2883/3970/2856 2881/3968/2854 2884/3971/2857
f 2879/3966/2852 2883/3970/2856 2885/3972/2858
f 2879/3966/2852 2885/3972/2858 2878/3965/2851
f 2883/3970/2856 2884/3971/2857 2886/3973/2859
f 2883/3970/2856 2886/3973/2859 2885/3972/2858
f 2886/3973/2859 2884/3971/2857 2817/3974/2791
f 2887/3975/2860 2873/3958/2342 2878/3965/2851
f 2873/3958/2342 2887/3975/2860 2874/3959/2847
f 2887/3975/2860 2878/3965/2851 2888/3976/2861
f 2887/3975/2860 2888/3976/2861 2874/3959/2847
f 2889/3977/2862 2878/3965/2851 2885/3972/2858
f 2878/3965/2851 2889/3977/2862 2888/3976/2861
f 2890/3978/2863 2885/3972/2858 2886/3973/2859
f 2885/3972/2858 2890/3978/2863 2889/3977/2862
f 2891/3979/2864 2886/3973/2859 2817/3974/2791
f 2886/3973/2859 2891/3979/2864 2890/3978/2863
f 2891/3979/2864 2817/3974/2791 2811/3980/2785
f 2889/3977/2862 2890/3978/2863 2892/3981/2865
f 2892/3981/2865 2890/3978/2863 2891/3979/2864
f 2889/3977/2862 2892/3981/2865 2888/3976/2861
f 2891/3979/2864 2811/3980/2785 2893/3982/2866
f 2891/3979/2864 2893/3982/2866 2892/3981/2865
f 2893/3982/2866 2811/3980/2785 2894/3983/2867
f 2892/3981/2865 2893/3982/2866 2895/3984/2868
f 2894/3983/2867 2811/3980/2785 2896/3985/2869
f 2896/3985/2869 2811/3980/2785 2808/3986/2782
f 2896/3985/2869 2808/3986/2782 2809/3987/2783
f 2894/3983/2867 2896/3985/2869 2897/3988/2870
f 2897/3988/2870 2896/3985/2869 2809/3987/2783
f 2893/3982/2866 2894/3983/2867 2898/3989/2871
f 2898/3989/2871 2894/3983/2867 2897/3988/2870
f 2893/3982/2866 2898/3989/2871 2895/3984/2868
f 2897/3988/2870 2809/3987/2783 2899/3990/2872
f 2897/3988/2870 2899/3990/2872 2898/3989/2871
f 2898/3989/2871 2899/3990/2872 2900/3991/2873
f 2900/3991/2873 2899/3990/2872 2809/3987/2783
f 2898/3989/2871 2900/3991/2873 2895/3984/2868
f 2900/3991/2873 2809/3987/2783 2901/3992/2874
f 2901/3992/2874 2809/3987/2783 2902/3993/2875
f 2895/3984/2868 2900/3991/2873 2903/3994/2876
f 2900/3991/2873 2901/3992/2874 2904/3995/2877
f 2900/3991/2873 2904/3995/2877 2903/3994/2876
f 2901/3992/2874 2902/3993/2875 2905/3996/2878
f 2901/3992/2874 2905/3996/2878 2904/3995/2877
f 2905/3996/2878 2902/3993/2875 2906/3997/2879
f 2904/3995/2877 2905/3996/2878 2907/3998/2880
f 2907/3998/2880 2905/3996/2878 2906/3997/2879
f 2904/3995/2877 2907/3998/2880 2903/3994/2876
f 2907/3998/2880 2906/3997/2879 2908/3999/2881
f 2907/3998/2880 2908/3999/2881 2903/3994/2876
f 2903/3994/2876 2908/3999/2881 2909/4000/2882
f 2910/4001/2883 2895/3984/2868 2903/3994/2876
f 2910/4001/2883 2903/3994/2876 2909/4000/2882
f 2895/3984/2868 2910/4001/2883 2911/4002/2884
f 2895/3984/2868 2911/4002/2884 2892/3981/2865
f 2892/3981/2865 2911/4002/2884 2888/3976/2861
f 2911/4002/2884 2910/4001/2883 2912/4003/2885
f 2912/4003/2885 2910/4001/2883 2909/4000/2882
f 2888/3976/2861 2911/4002/2884 2913/4004/2886
f 2913/4004/2886 2911/4002/2884 2912/4003/2885
f 2888/3976/2861 2913/4004/2886 2874/3959/2847
f 2914/4005/2887 2909/4000/2882 2908/3999/2881
f 2914/4005/2887 2908/3999/2881 2668/4006/2644
f 2912/4003/2885 2909/4000/2882 2915/4007/2888
f 2915/4007/2888 2909/4000/2882 2914/4005/2887
f 2874/3959/2847 2913/4004/2886 2916/4008/2889
f 2874/3959/2847 2916/4008/2889 2866/3961/2840
f 2866/3961/2840 2916/4008/2889 1023/4009/1021
f 1023/4009/1021 2916/4008/2889 2917/4010/2890
f 2917/4010/2890 2916/4008/2889 2918/4011/2891
f 2918/4011/2891 2916/4008/2889 2913/4004/2886
f 2917/4010/2890 2918/4011/2891 1021/4012/1019
f 2918/4011/2891 2913/4004/2886 2919/4013/2892
f 2919/4013/2892 2913/4004/2886 2912/4003/2885
f 1021/4012/1019 2918/4011/2891 2920/4014/2893
f 2920/4014/2893 2918/4011/2891 2919/4013/2892
f 1021/4012/1019 2920/4014/2893 2851/4015/2825
f 2851/4015/2825 2920/4014/2893 2921/4016/2894
f 2921/4016/2894 2920/4014/2893 2919/4013/2892
f 2851/4015/2825 2921/4016/2894 2776/4017/2750
f 2776/4017/2750 2921/4016/2894 2871/4018/2845
f 2776/4017/2750 2871/4018/2845 2775/4019/2749
f 2871/4018/2845 2921/4016/2894 2922/4020/2895
f 2922/4020/2895 2921/4016/2894 2919/4013/2892
f 2871/4018/2845 2922/4020/2895 2868/4021/2842
f 2923/4022/2896 2919/4013/2892 2912/4003/2885
f 2919/4013/2892 2923/4022/2896 2922/4020/2895
f 2923/4022/2896 2912/4003/2885 2915/4007/2888
f 2868/4021/2842 2922/4020/2895 2924/4023/2897
f 2924/4023/2897 2922/4020/2895 2923/4022/2896
f 2924/4023/2897 2923/4022/2896 2915/4007/2888
f 2868/4021/2842 2924/4023/2897 2828/4024/2802
f 2924/4023/2897 2915/4007/2888 2925/4025/2898
f 2924/4023/2897 2925/4025/2898 2828/4024/2802
f 2925/4025/2898 2915/4007/2888 2914/4005/2887
f 2828/4024/2802 2925/4025/2898 2827/4026/2801
f 2925/4025/2898 2914/4005/2887 2926/4027/2899
f 2925/4025/2898 2926/4027/2899 2827/4026/2801
f 2827/4026/2801 2926/4027/2899 2829/4028/2803
f 2926/4027/2899 2914/4005/2887 2668/4006/2644
f 2926/4027/2899 2668/4006/2644 2813/4029/2787
f 2927/4030/2900 2777/4031/2751 2775/4032/2749
f 2927/4030/2900 2775/4032/2749 2869/4033/2843
f 2777/4031/2751 2927/4030/2900 2871/4034/2845
f 2927/4030/2900 2869/4033/2843 2839/4035/2813
f 2839/4035/2813 2869/4033/2843 2840/4036/2814
f 2927/4030/2900 2839/4035/2813 2870/4037/2844
f 2927/4030/2900 2870/4037/2844 2871/4034/2845
f 2870/4037/2844 2839/4035/2813 2838/4038/2812
f 2870/4037/2844 2838/4038/2812 2837/4039/2811
f 2870/4037/2844 2837/4039/2811 2868/4040/2842
f 2777/4031/2751 2871/4034/2845 2779/4041/2753
f 2779/4041/2753 2871/4034/2845 2868/4042/2842
f 2779/4041/2753 2868/4042/2842 2837/4043/2811
f 2779/4041/2753 2837/4043/2811 2783/4044/2757
f 2779/4041/2753 2783/4044/2757 2780/4045/2754
f 2783/4044/2757 2837/4043/2811 2836/4046/2810
f 2783/4044/2757 2836/4046/2810 2784/4047/2758
f 2646/4048/2622 2655/4049/2631 2647/4050/2623
f 2647/4050/2623 2655/4049/2631 2928/4051/2901
f 2647/4050/2623 2928/4051/2901 2805/4052/2779
f 2928/4051/2901 2655/4049/2631 2929/4053/2902
f 2805/4052/2779 2928/4051/2901 2930/4054/2903
f 2805/4052/2779 2930/4054/2903 2931/4055/2904
f 2805/4052/2779 2931/4055/2904 2806/4056/2780
f 2930/4054/2903 2928/4051/2901 2932/4057/2905
f 2932/4057/2905 2928/4051/2901 2929/4053/2902
f 2931/4055/2904 2930/4054/2903 2933/4058/2906
f 2933/4058/2906 2930/4054/2903 2932/4057/2905
f 2806/4056/2780 2931/4055/2904 2934/4059/2907
f 2934/4059/2907 2931/4055/2904 2933/4058/2906
f 2806/4056/2780 2934/4059/2907 2809/4060/2783
f 2809/4060/2783 2934/4059/2907 2902/4061/2875
f 2934/4059/2907 2933/4058/2906 2935/4062/2908
f 2935/4062/2908 2933/4058/2906 2932/4057/2905
f 2934/4059/2907 2935/4062/2908 2876/4063/2849
f 2934/4059/2907 2876/4063/2849 2936/4064/2909
f 2936/4064/2909 2876/4063/2849 2858/4065/2832
f 2876/4063/2849 2935/4062/2908 2877/4066/2850
f 2877/4066/2850 2935/4062/2908 2882/4067/2855
f 2882/4067/2855 2935/4062/2908 2932/4057/2905
f 2882/4067/2855 2932/4057/2905 2929/4053/2902
f 2882/4067/2855 2929/4053/2902 2881/4068/2854
f 2881/4068/2854 2929/4053/2902 2937/4069/2910
f 2881/4068/2854 2937/4069/2910 2884/4070/2857
f 2937/4069/2910 2929/4053/2902 2938/4071/2911
f 2938/4071/2911 2929/4053/2902 2655/4049/2631
f 2938/4071/2911 2655/4049/2631 2654/4072/2630
f 2937/4069/2910 2938/4071/2911 2939/4073/2912
f 2939/4073/2912 2938/4071/2911 2654/4072/2630
f 2884/4070/2857 2937/4069/2910 2940/4074/2913
f 2940/4074/2913 2937/4069/2910 2939/4073/2912
f 2884/4070/2857 2940/4074/2913 2818/4075/2792
f 2884/4070/2857 2818/4075/2792 2817/4076/2791
f 2818/4075/2792 2940/4074/2913 2819/4077/2793
f 2939/4073/2912 2654/4072/2630 2941/4078/2914
f 2939/4073/2912 2941/4078/2914 2940/4074/2913
f 2940/4074/2913 2941/4078/2914 2819/4077/2793
f 2941/4078/2914 2654/4072/2630 2656/4079/2632
f 2941/4078/2914 2656/4079/2632 2819/4077/2793
f 2819/4077/2793 2656/4079/2632 2822/4080/2796
f 2819/4077/2793 2822/4080/2796 2820/4081/2794
f 2822/4080/2796 2656/4079/2632 2652/4082/2628
f 2822/4080/2796 2652/4082/2628 2651/4083/2627
f 2936/4084/2909 2856/4085/2830 2934/4086/2907
f 2856/4085/2830 2936/4084/2909 2858/4087/2832
f 2934/4086/2907 2856/4085/2830 2902/4088/2875
f 2902/4088/2875 2856/4085/2830 2855/4089/2829
f 2902/4088/2875 2855/4089/2829 2664/4090/2640
f 2902/4088/2875 2664/4090/2640 2906/4091/2879
f 2906/4091/2879 2664/4090/2640 2666/4092/2642
f 2906/4091/2879 2666/4092/2642 2908/4093/2881
f 2908/4093/2881 2666/4092/2642 2669/4094/2642
f 2908/4093/2881 2669/4094/2642 2668/4095/2644
f 2801/4096/2775 2796/4097/2770 2792/4098/2766
f 2796/4097/2770 2801/4096/2775 2793/4099/2767
f 2793/4099/2767 2801/4096/2775 2794/4100/2768
f 2807/4101/2781 2801/4102/2775 2800/4103/2774
f 2801/4102/2775 2807/4101/2781 2815/4104/2789
f 2807/4105/2781 2661/4106/2637 2794/4107/2768
f 2807/4105/2781 2794/4107/2768 2799/4108/2773
f 2794/4109/2768 2799/4110/2773 2815/4111/2789
f 2794/4109/2768 2815/4111/2789 2801/4112/2775
f 2815/4111/2789 2799/4110/2773 2796/4113/2770
f 2815/4111/2789 2796/4113/2770 2814/4114/2788
f 2814/4114/2788 2796/4113/2770 2942/4115/2915
f 2814/4114/2788 2942/4115/2915 2943/4116/2916
f 2814/4114/2788 2943/4116/2916 2813/4117/2787
f 2813/4117/2787 2943/4116/2916 2926/4118/2899
f 2926/4118/2899 2943/4116/2916 2942/4115/2915
f 2926/4118/2899 2942/4115/2915 2829/4119/2803
f 2829/4119/2803 2942/4115/2915 2830/4120/2804
f 2942/4115/2915 2796/4113/2770 2944/4121/2917
f 2942/4115/2915 2944/4121/2917 2830/4120/2804
f 2944/4121/2917 2796/4113/2770 2795/4122/2769
f 2944/4121/2917 2795/4122/2769 2745/4123/2719
f 2944/4121/2917 2745/4123/2719 2742/4124/2716
f 2944/4121/2917 2742/4124/2716 1108/4125/1106
f 2944/4121/2917 1108/4125/1106 2945/4126/2918
f 2944/4121/2917 2945/4126/2918 2830/4120/2804
f 2945/4126/2918 1108/4125/1106 2946/4127/2919
f 2945/4126/2918 2946/4127/2919 2830/4120/2804
f 2946/4127/2919 1108/4125/1106 1107/4128/1105
f 2946/4127/2919 1107/4128/1105 1110/4129/1108
f 2946/4127/2919 1110/4129/1108 2947/4130/2920
f 2946/4127/2919 2947/4130/2920 2830/4120/2804
f 2947/4130/2920 1110/4129/1108 1111/4131/1109
f 2830/4120/2804 2947/4130/2920 2948/4132/2921
f 2948/4132/2921 2947/4130/2920 2949/4133/2922
f 2830/4120/2804 2948/4132/2921 2833/4134/2807
f 2948/4132/2921 2949/4133/2922 2950/4135/2923
f 2833/4134/2807 2948/4132/2921 2951/4136/2924
f 2951/4136/2924 2948/4132/2921 2950/4135/2923
f 2951/4136/2924 2950/4135/2923 2952/4137/2925
f 2748/4138/2722 2749/4139/2723 2747/4140/2721
f 2749/4139/2723 2748/4138/2722 2953/4141/2926
f 2749/4139/2723 2953/4141/2926 2650/4142/2626
f 2953/4141/2926 2748/4138/2722 2798/4143/2772
f 2650/4142/2626 2953/4141/2926 2651/4144/2627
f 2953/4141/2926 2798/4143/2772 2823/4145/2797
f 2651/4144/2627 2953/4141/2926 2822/4146/2796
f 2822/4146/2796 2953/4141/2926 2823/4145/2797
f 1176/4147/1172 1177/4148/1173 1179/4149/1175
f 1179/4149/1175 1177/4148/1173 2954/4150/2927
f 2954/4150/2927 1177/4148/1173 2955/4151/2928
f 2955/4151/2928 1177/4148/1173 1172/4152/1168
f 2955/4151/2928 1172/4152/1168 1171/4153/1167
f 2955/4151/2928 1171/4153/1167 2956/4154/2929
f 2956/4154/2929 1171/4153/1167 1170/4155/1166
f 2956/4154/2929 1170/4155/1166 2957/4156/2930
f 2957/4156/2930 1170/4155/1166 1169/4157/1165
f 2957/4156/2930 1169/4157/1165 1174/4158/1170
f 2956/4154/2929 2957/4156/2930 2958/4159/2931
f 2955/4151/2928 2956/4154/2929 2959/4160/2932
f 2959/4160/2932 2956/4154/2929 2958/4159/2931
f 2955/4151/2928 2959/4160/2932 2960/4161/2933
f 2955/4151/2928 2960/4161/2933 2954/4150/2927
f 2960/4161/2933 2959/4160/2932 2961/4162/2934
f 2961/4162/2934 2959/4160/2932 2958/4159/2931
f 2954/4150/2927 2960/4161/2933 2962/4163/2935
f 2962/4163/2935 2960/4161/2933 2961/4162/2934
f 2961/4162/2934 2958/4159/2931 2963/4164/2936
f 2954/4150/2927 2962/4163/2935 2964/4165/2937
f 2954/4150/2927 2964/4165/2937 1179/4149/1175
f 2962/4163/2935 2961/4162/2934 2965/4166/2938
f 2965/4166/2938 2961/4162/2934 2963/4164/2936
f 2964/4165/2937 2962/4163/2935 2966/4167/2939
f 1179/4149/1175 2964/4165/2937 2967/4168/2940
f 2967/4168/2940 2964/4165/2937 2966/4167/2939
f 1179/4149/1175 2967/4168/2940 1178/4169/1174
f 1178/4169/1174 2967/4168/2940 1181/4170/1177
f 1181/4170/1177 2967/4168/2940 2966/4167/2939
f 2962/4163/2935 2965/4166/2938 2968/4171/2941
f 2962/4163/2935 2968/4171/2941 2966/4167/2939
f 2968/4171/2941 2965/4166/2938 2969/4172/2942
f 2969/4172/2942 2965/4166/2938 2963/4164/2936
f 1181/4170/1177 2966/4167/2939 1182/4173/1178
f 1181/4170/1177 1182/4173/1178 1180/4174/1176
f 2966/4167/2939 2968/4171/2941 2970/4175/2943
f 2966/4167/2939 2970/4175/2943 1182/4173/1178
f 2968/4171/2941 2969/4172/2942 2971/4176/2944
f 2968/4171/2941 2971/4176/2944 2970/4175/2943
f 2969/4172/2942 2963/4164/2936 2972/4177/2945
f 2972/4177/2945 2963/4164/2936 2973/4178/2946
f 2973/4178/2946 2963/4164/2936 2974/4179/2947
f 2974/4179/2947 2963/4164/2936 2958/4159/2931
f 2969/4172/2942 2972/4177/2945 2975/4180/2948
f 2969/4172/2942 2975/4180/2948 2971/4176/2944
f 2971/4176/2944 2975/4180/2948 2976/4181/2949
f 2971/4176/2944 2976/4181/2949 2970/4175/2943
f 2976/4181/2949 2975/4180/2948 2977/4182/2950
f 2970/4175/2943 2976/4181/2949 2978/4183/2951
f 2975/4180/2948 2972/4177/2945 2979/4184/2952
f 2975/4180/2948 2979/4184/2952 2977/4182/2950
f 2979/4184/2952 2972/4177/2945 2980/4185/2953
f 2979/4184/2952 2980/4185/2953 2981/4186/2954
f 2977/4182/2950 2979/4184/2952 2982/4187/2955
f 2982/4187/2955 2979/4184/2952 2981/4186/2954
f 2977/4182/2950 2982/4187/2955 2983/4188/2956
f 2982/4187/2955 2981/4186/2954 2984/4189/2957
f 2983/4188/2956 2982/4187/2955 2985/4190/2958
f 2982/4187/2955 2984/4189/2957 2986/4191/2959
f 2982/4187/2955 2986/4191/2959 2985/4190/2958
f 2983/4188/2956 2985/4190/2958 2987/4192/2960
f 2987/4192/2960 2985/4190/2958 2988/4193/2961
f 2988/4193/2961 2985/4190/2958 2989/4194/2962
f 2989/4194/2962 2985/4190/2958 2986/4191/2959
f 2989/4194/2962 2986/4191/2959 2984/4189/2957
f 2989/4194/2962 2984/4189/2957 2990/4195/2963
f 2989/4194/2962 2990/4195/2963 2991/4196/2964
f 2992/4197/2965 1182/4173/1178 2970/4175/2943
f 1182/4173/1178 2992/4197/2965 1123/4198/1121
f 2992/4197/2965 2970/4175/2943 2993/4199/2966
f 2993/4199/2966 2970/4175/2943 2978/4183/2951
f 1123/4198/1121 2992/4197/2965 1122/4200/1120
f 2993/4199/2966 2978/4183/2951 2994/4201/2967
f 2993/4199/2966 2994/4201/2967 2992/4197/2965
f 2994/4201/2967 2978/4183/2951 2995/4202/2968
f 2995/4202/2968 2978/4183/2951 2996/4203/2969
f 2995/4202/2968 2996/4203/2969 2997/4204/2970
f 2994/4201/2967 2995/4202/2968 2998/4205/2971
f 2998/4205/2971 2995/4202/2968 2997/4204/2970
f 2992/4197/2965 2994/4201/2967 2999/4206/2972
f 2992/4197/2965 2999/4206/2972 1122/4200/1120
f 2999/4206/2972 2994/4201/2967 2998/4205/2971
f 1122/4200/1120 2999/4206/2972 3000/4207/2973
f 3000/4207/2973 2999/4206/2972 2998/4205/2971
f 1122/4200/1120 3000/4207/2973 1116/4208/1114
f 1122/4200/1120 1116/4208/1114 1118/4209/1116
f 2998/4205/2971 2997/4204/2970 3001/4210/2974
f 2998/4205/2971 3001/4210/2974 3000/4207/2973
f 3001/4210/2974 2997/4204/2970 3002/4211/2975
f 1116/4208/1114 3000/4207/2973 3003/4212/2976
f 3003/4212/2976 3000/4207/2973 3001/4210/2974
f 3003/4212/2976 3001/4210/2974 3002/4211/2975
f 3003/4212/2976 3002/4211/2975 2950/4213/2923
f 1116/4208/1114 3003/4212/2976 1115/4214/1113
f 3003/4212/2976 2950/4213/2923 2949/4215/2922
f 3003/4212/2976 2949/4215/2922 1115/4214/1113
f 1115/4214/1113 2949/4215/2922 3004/4216/2977
f 1115/4214/1113 3004/4216/2977 1111/4217/1109
f 3004/4216/2977 2949/4215/2922 2947/4218/2920
f 3004/4216/2977 2947/4218/2920 1111/4217/1109
f 2951/4219/2924 2952/4220/2925 3005/4221/2978
f 3005/4221/2978 2952/4220/2925 3006/4222/2979
f 2951/4219/2924 3005/4221/2978 3007/4223/2980
f 2951/4219/2924 3007/4223/2980 2833/4224/2807
f 3005/4221/2978 3006/4222/2979 3008/4225/2535
f 3008/4225/2535 3006/4222/2979 3009/4226/2981
f 2833/4224/2807 3007/4223/2980 2835/4227/2809
f 3005/4221/2978 3008/4225/2535 3010/4228/1008
f 3005/4221/2978 3010/4228/1008 3007/4223/2980
f 3008/4225/2535 3009/4226/2981 3011/4229/2982
f 3008/4225/2535 3011/4229/2982 3010/4228/1008
f 3012/4230/2983 3013/4231/2984 3009/4226/2981
f 3009/4226/2981 3013/4231/2984 3011/4229/2982
f 3010/4228/1008 3011/4229/2982 3014/4232/2985
f 3010/4228/1008 3014/4232/2985 3007/4223/2980
f 3011/4229/2982 3013/4231/2984 3015/4233/2986
f 3015/4233/2986 3013/4231/2984 3016/4234/2987
f 3015/4233/2986 3016/4234/2987 3017/4235/2988
f 3015/4233/2986 3017/4235/2988 3018/4236/2989
f 3011/4229/2982 3015/4233/2986 3019/4237/2990
f 3011/4229/2982 3019/4237/2990 3014/4232/2985
f 3015/4233/2986 3018/4236/2989 3020/4238/2991
f 3015/4233/2986 3020/4238/2991 3019/4237/2990
f 3020/4238/2991 3018/4236/2989 3021/4239/2992
f 3020/4238/2991 3021/4239/2992 3022/4240/2993
f 3020/4238/2991 3022/4240/2993 3023/4241/2994
f 3020/4238/2991 3023/4241/2994 3024/4242/2995
f 3020/4238/2991 3024/4242/2995 3019/4237/2990
f 3024/4242/2995 3023/4241/2994 3025/4243/2996
f 3024/4242/2995 3025/4243/2996 2917/4244/2890
f 3019/4237/2990 3024/4242/2995 3026/4245/2997
f 3026/4245/2997 3024/4242/2995 2917/4244/2890
f 3027/4246/2998 3014/4232/2985 3019/4237/2990
f 3027/4246/2998 3019/4237/2990 3026/4245/2997
f 3014/4232/2985 3027/4246/2998 3007/4223/2980
f 3007/4223/2980 3027/4246/2998 2835/4227/2809
f 2835/4227/2809 3027/4246/2998 3028/4247/2999
f 3028/4247/2999 3027/4246/2998 3026/4245/2997
f 2835/4227/2809 3028/4247/2999 2836/4248/2810
f 3029/4249/3000 3026/4245/2997 2917/4244/2890
f 3026/4245/2997 3029/4249/3000 3028/4247/2999
f 3029/4249/3000 2917/4244/2890 1021/4250/1019
f 3029/4249/3000 1021/4250/1019 1018/4251/1016
f 3029/4249/3000 1018/4251/1016 1019/4252/1017
f 2836/4248/2810 3028/4247/2999 3030/4253/3001
f 3030/4253/3001 3028/4247/2999 3029/4249/3000
f 3030/4253/3001 3029/4249/3000 1019/4252/1017
f 2836/4248/2810 3030/4253/3001 2784/4254/2758
f 2784/4254/2758 3030/4253/3001 1019/4252/1017
f 2952/4255/2925 2950/4256/2923 3002/4257/2975
f 2952/4255/2925 3002/4257/2975 3006/4258/2979
f 3006/4258/2979 3002/4257/2975 3031/4259/3002
f 3006/4258/2979 3031/4259/3002 3009/4260/2981
f 3031/4259/3002 3002/4257/2975 3032/4261/3003
f 3009/4260/2981 3031/4259/3002 3012/4262/2983
f 3012/4262/2983 3031/4259/3002 3032/4261/3003
f 3032/4261/3003 3002/4257/2975 2997/4263/2970
f 3032/4261/3003 2997/4263/2970 3033/4264/3004
f 3033/4264/3004 2997/4263/2970 2996/4265/2969
f 3033/4264/3004 2996/4265/2969 3034/4266/3005
f 3032/4261/3003 3033/4264/3004 3035/4267/3006
f 3035/4267/3006 3033/4264/3004 3034/4266/3005
f 3012/4262/2983 3032/4261/3003 3036/4268/3007
f 3036/4268/3007 3032/4261/3003 3035/4267/3006
f 3012/4262/2983 3036/4268/3007 3037/4269/3008
f 3012/4262/2983 3037/4269/3008 3013/4270/2984
f 3013/4270/2984 3037/4269/3008 3016/4271/2987
f 3016/4271/2987 3037/4269/3008 3038/4272/3009
f 3038/4272/3009 3037/4269/3008 3039/4273/3010
f 3039/4273/3010 3037/4269/3008 3040/4274/3011
f 3040/4274/3011 3037/4269/3008 3036/4268/3007
f 3040/4274/3011 3036/4268/3007 3041/4275/3012
f 3041/4275/3012 3036/4268/3007 3035/4267/3006
f 3040/4274/3011 3041/4275/3012 3042/4276/3013
f 3041/4275/3012 3035/4267/3006 3043/4277/3014
f 3041/4275/3012 3043/4277/3014 3042/4276/3013
f 3043/4277/3014 3035/4267/3006 3044/4278/3015
f 3044/4278/3015 3035/4267/3006 3034/4266/3005
f 3044/4278/3015 3034/4266/3005 3045/4279/3016
f 3043/4277/3014 3044/4278/3015 3046/4280/3017
f 3043/4277/3014 3046/4280/3017 3042/4276/3013
f 3046/4280/3017 3044/4278/3015 3045/4279/3016
f 3042/4276/3013 3046/4280/3017 3047/4281/3018
f 3046/4280/3017 3045/4279/3016 3048/4282/3019
f 3046/4280/3017 3048/4282/3019 3047/4281/3018
f 3048/4282/3019 3045/4279/3016 3049/4283/3020
f 3048/4282/3019 3049/4283/3020 3050/4284/3021
f 3050/4284/3021 3049/4283/3020 3051/4285/3022
f 3050/4284/3021 3051/4285/3022 3052/4286/3023
f 3050/4284/3021 3052/4286/3023 3053/4287/3024
f 3050/4284/3021 3053/4287/3024 3054/4288/3025
f 3048/4282/3019 3050/4284/3021 3055/4289/3026
f 3048/4282/3019 3055/4289/3026 3047/4281/3018
f 3055/4289/3026 3050/4284/3021 3054/4288/3025
f 3047/4281/3018 3055/4289/3026 3056/4290/3027
f 3047/4281/3018 3056/4290/3027 3057/4291/3028
f 3058/4292/3029 3059/4293/3030 3057/4291/3028
f 3058/4292/3029 3057/4291/3028 3060/4294/3031
f 3060/4294/3031 3057/4291/3028 3061/4295/3032
f 3061/4295/3032 3057/4291/3028 3056/4290/3027
f 3060/4294/3031 3061/4295/3032 3062/4296/3033
f 3061/4295/3032 3056/4290/3027 3063/4297/3034
f 3063/4297/3034 3056/4290/3027 3055/4289/3026
f 3061/4295/3032 3063/4297/3034 3062/4296/3033
f 3062/4296/3033 3063/4297/3034 3064/4298/3035
f 3062/4296/3033 3064/4298/3035 3065/4299/3036
f 3063/4297/3034 3055/4289/3026 3066/4300/3037
f 3063/4297/3034 3066/4300/3037 3064/4298/3035
f 3066/4300/3037 3055/4289/3026 3054/4288/3025
f 3064/4298/3035 3066/4300/3037 3067/4301/3038
f 3067/4301/3038 3066/4300/3037 3054/4288/3025
f 3067/4301/3038 3054/4288/3025 3068/4302/3039
f 3069/4303/3040 2958/4159/2931 2957/4156/2930
f 2958/4159/2931 3069/4303/3040 2974/4179/2947
f 2974/4179/2947 3069/4303/3040 3053/4304/3024
f 2974/4179/2947 3053/4304/3024 3051/4305/3022
f 3051/4305/3022 3053/4304/3024 3052/4306/3023
f 3053/4304/3024 3069/4303/3040 3054/4307/3025
f 3069/4303/3040 2957/4156/2930 3070/4308/3041
f 3069/4303/3040 3070/4308/3041 3054/4307/3025
f 3070/4308/3041 2957/4156/2930 1174/4158/1170
f 3070/4308/3041 1174/4158/1170 1185/4309/35
f 3054/4307/3025 3070/4308/3041 3071/4310/3042
f 3054/4307/3025 3071/4310/3042 3068/4311/3039
f 3070/4308/3041 1185/4309/35 1190/4312/1185
f 3071/4310/3042 3070/4308/3041 3072/4313/3043
f 3072/4313/3043 3070/4308/3041 1190/4312/1185
f 3071/4310/3042 3072/4313/3043 3073/4314/3044
f 3073/4314/3044 3072/4313/3043 3074/4315/3045
f 3074/4315/3045 3072/4313/3043 3075/4316/3046
f 3075/4316/3046 3072/4313/3043 1190/4312/1185
f 3075/4316/3046 1190/4312/1185 3076/4317/3047
f 3076/4317/3047 1190/4312/1185 1191/4318/1186
f 3075/4316/3046 3076/4317/3047 1198/4319/1193
f 1198/4319/1193 3076/4317/3047 1191/4318/1186
f 3077/4320/3048 3057/4321/3028 3059/4322/3030
f 3077/4320/3048 3059/4322/3030 3078/4323/3049
f 3078/4323/3049 3059/4322/3030 3079/4324/3050
f 3078/4323/3049 3079/4324/3050 3080/4325/3051
f 3077/4320/3048 3078/4323/3049 3081/4326/3052
f 3077/4320/3048 3081/4326/3052 3057/4321/3028
f 3057/4321/3028 3081/4326/3052 3047/4327/3018
f 3047/4327/3018 3081/4326/3052 3042/4328/3013
f 3042/4328/3013 3081/4326/3052 3040/4329/3011
f 3040/4329/3011 3081/4326/3052 3039/4330/3010
f 1023/4331/1021 1028/4332/1026 1022/4333/1020
f 1028/4332/1026 1023/4331/1021 3082/4334/3053
f 3082/4334/3053 1023/4331/1021 2917/4335/2890
f 3082/4334/3053 2917/4335/2890 3025/4336/2996
f 1027/4337/1025 1028/4332/1026 3083/4338/3054
f 1027/4337/1025 3083/4338/3054 1029/4339/1027
f 3083/4338/3054 1028/4332/1026 3084/4340/3055
f 3083/4338/3054 3084/4340/3055 1029/4339/1027
f 3084/4340/3055 1028/4332/1026 3082/4334/3053
f 1029/4339/1027 3084/4340/3055 3085/4341/3056
f 3085/4341/3056 3084/4340/3055 3082/4334/3053
f 1029/4339/1027 3085/4341/3056 3086/4342/1540
f 1029/4339/1027 3086/4342/1540 3087/4343/2366
f 1029/4339/1027 3087/4343/2366 1030/4344/1028
f 1030/4344/1028 3087/4343/2366 1036/4345/1034
f 3087/4343/2366 3086/4342/1540 3088/4346/3057
f 3088/4346/3057 3086/4342/1540 3085/4341/3056
f 3087/4343/2366 3088/4346/3057 3089/4347/3058
f 3088/4346/3057 3085/4341/3056 3090/4348/3059
f 3090/4348/3059 3085/4341/3056 3082/4334/3053
f 3088/4346/3057 3090/4348/3059 3091/4349/3060
f 3090/4348/3059 3082/4334/3053 3092/4350/3061
f 3090/4348/3059 3092/4350/3061 3093/4351/3062
f 3092/4350/3061 3082/4334/3053 3025/4336/2996
f 3093/4351/3062 3092/4350/3061 3094/4352/3063
f 3092/4350/3061 3025/4336/2996 3095/4353/3064
f 3095/4353/3064 3025/4336/2996 3023/4354/2994
f 3094/4352/3063 3092/4350/3061 3096/4355/3065
f 3096/4355/3065 3092/4350/3061 3095/4353/3064
f 3094/4352/3063 3096/4355/3065 3097/4356/3066
f 3097/4356/3066 3096/4355/3065 3098/4357/3067
f 3098/4357/3067 3096/4355/3065 3095/4353/3064
f 3098/4357/3067 3095/4353/3064 3023/4354/2994
f 3098/4357/3067 3023/4354/2994 3022/4358/2993
f 3091/4359/3060 3089/4360/3058 3088/4361/3057
f 3089/4360/3058 3091/4359/3060 3099/4362/3068
f 3099/4362/3068 3091/4359/3060 3090/4363/3059
f 3099/4362/3068 3090/4363/3059 3093/4364/3062
f 3099/4362/3068 3093/4364/3062 3100/4365/3069
f 3100/4365/3069 3093/4364/3062 3094/4366/3063
f 3100/4365/3069 3094/4366/3063 3097/4367/3066
f 3089/4360/3058 3099/4362/3068 3101/4368/3070
f 3100/4365/3069 3097/4367/3066 3102/4369/3071
f 3102/4369/3071 3097/4367/3066 3098/4370/3067
f 3102/4369/3071 3098/4370/3067 3022/4371/2993
f 3102/4369/3071 3022/4371/2993 3021/4372/2992
f 3100/4365/3069 3102/4369/3071 3103/4373/3072
f 3103/4373/3072 3102/4369/3071 3021/4372/2992
f 3104/4374/3073 3099/4362/3068 3100/4365/3069
f 3099/4362/3068 3104/4374/3073 3101/4368/3070
f 3100/4365/3069 3103/4373/3072 3105/4375/3074
f 3100/4365/3069 3105/4375/3074 3104/4374/3073
f 3103/4373/3072 3021/4372/2992 3106/4376/3075
f 3106/4376/3075 3021/4372/2992 3018/4377/2989
f 3105/4375/3074 3103/4373/3072 3107/4378/3076
f 3107/4378/3076 3103/4373/3072 3106/4376/3075
f 3104/4374/3073 3105/4375/3074 3108/4379/3077
f 3108/4379/3077 3105/4375/3074 3107/4378/3076
f 3109/4380/3078 3101/4368/3070 3104/4374/3073
f 3109/4380/3078 3104/4374/3073 3108/4379/3077
f 3101/4368/3070 3109/4380/3078 3110/4381/3079
f 3108/4379/3077 3107/4378/3076 3111/4382/3080
f 3109/4380/3078 3108/4379/3077 3112/4383/3081
f 3109/4380/3078 3112/4383/3081 3113/4384/3082
f 3109/4380/3078 3113/4384/3082 3110/4381/3079
f 3112/4383/3081 3108/4379/3077 3114/4385/3083
f 3114/4385/3083 3108/4379/3077 3111/4382/3080
f 3111/4382/3080 3107/4378/3076 3115/4386/3084
f 3115/4386/3084 3107/4378/3076 3106/4376/3075
f 3116/4387/3085 3101/4368/3070 3110/4381/3079
f 3101/4368/3070 3116/4387/3085 3089/4360/3058
f 3089/4360/3058 3116/4387/3085 3087/4388/2366
f 3087/4388/2366 3116/4387/3085 1036/4389/1034
f 1036/4389/1034 3116/4387/3085 3110/4381/3079
f 1036/4389/1034 3110/4381/3079 1037/4390/1035
f 3117/4391/3086 3110/4381/3079 3113/4384/3082
f 3117/4391/3086 3113/4384/3082 3118/4392/3087
f 3117/4391/3086 3118/4392/3087 1083/4393/1081
f 1083/4393/1081 3118/4392/3087 3119/4394/3088
f 3119/4394/3088 3118/4392/3087 3120/4395/3089
f 3120/4395/3089 3118/4392/3087 3113/4384/3082
f 3120/4395/3089 3113/4384/3082 3121/4396/3090
f 3120/4395/3089 3121/4396/3090 3122/4397/3091
f 3121/4396/3090 3113/4384/3082 3112/4383/3081
f 3122/4397/3091 3121/4396/3090 3123/4398/3092
f 3121/4396/3090 3112/4383/3081 3114/4385/3083
f 3121/4396/3090 3114/4385/3083 3123/4398/3092
f 3123/4398/3092 3114/4385/3083 3124/4399/3093
f 3124/4399/3093 3114/4385/3083 3125/4400/3094
f 3124/4399/3093 3125/4400/3094 3126/4401/3095
f 3125/4400/3094 3114/4385/3083 3127/4402/3096
f 3127/4402/3096 3114/4385/3083 3111/4382/3080
f 3126/4401/3095 3125/4400/3094 3128/4403/3097
f 3127/4402/3096 3111/4382/3080 3129/4404/3098
f 3125/4400/3094 3127/4402/3096 3130/4405/3099
f 3125/4400/3094 3130/4405/3099 3128/4403/3097
f 3130/4405/3099 3127/4402/3096 3129/4404/3098
f 3126/4401/3095 3128/4403/3097 3131/4406/3100
f 3129/4404/3098 3111/4382/3080 3115/4386/3084
f 3132/4407/3101 3133/4408/3102 3131/4406/3100
f 3132/4407/3101 3131/4406/3100 3134/4409/3103
f 3134/4409/3103 3131/4406/3100 3128/4403/3097
f 3132/4407/3101 3134/4409/3103 3135/4410/3104
f 3134/4409/3103 3128/4403/3097 3136/4411/3105
f 3134/4409/3103 3136/4411/3105 3135/4410/3104
f 3136/4411/3105 3128/4403/3097 3130/4405/3099
f 3135/4410/3104 3136/4411/3105 3137/4412/3106
f 3137/4412/3106 3136/4411/3105 3138/4413/3107
f 3136/4411/3105 3130/4405/3099 3139/4414/3108
f 3139/4414/3108 3130/4405/3099 3129/4404/3098
f 3138/4413/3107 3136/4411/3105 3140/4415/3109
f 3140/4415/3109 3136/4411/3105 3139/4414/3108
f 3138/4413/3107 3140/4415/3109 3141/4416/3110
f 3140/4415/3109 3139/4414/3108 3142/4417/3111
f 3139/4414/3108 3129/4404/3098 3143/4418/3112
f 3139/4414/3108 3143/4418/3112 3142/4417/3111
f 3140/4415/3109 3142/4417/3111 3144/4419/3113
f 3140/4415/3109 3144/4419/3113 3141/4416/3110
f 3142/4417/3111 3143/4418/3112 3145/4420/3114
f 3142/4417/3111 3145/4420/3114 3144/4419/3113
f 3143/4418/3112 3129/4404/3098 3146/4421/3115
f 3146/4421/3115 3129/4404/3098 3115/4386/3084
f 3146/4421/3115 3115/4386/3084 3106/4376/3075
f 3143/4418/3112 3146/4421/3115 3079/4422/3050
f 3143/4418/3112 3079/4422/3050 3145/4420/3114
f 3079/4422/3050 3146/4421/3115 3080/4423/3051
f 3080/4423/3051 3146/4421/3115 3106/4376/3075
f 3145/4420/3114 3079/4422/3050 3059/4424/3030
f 3080/4423/3051 3106/4376/3075 3147/4425/3116
f 3147/4425/3116 3106/4376/3075 3018/4377/2989
f 3147/4425/3116 3018/4377/2989 3017/4426/2988
f 3080/4423/3051 3147/4425/3116 3148/4427/3117
f 3148/4427/3117 3147/4425/3116 3017/4426/2988
f 3080/4423/3051 3148/4427/3117 3078/4428/3049
f 3078/4428/3049 3148/4427/3117 3081/4429/3052
f 3148/4427/3117 3017/4426/2988 3038/4430/3009
f 3148/4427/3117 3038/4430/3009 3081/4429/3052
f 3038/4430/3009 3017/4426/2988 3016/4431/2987
f 3081/4429/3052 3038/4430/3009 3039/4432/3010
f 3149/4433/3118 3145/4420/3114 3059/4424/3030
f 3145/4420/3114 3149/4433/3118 3150/4434/3119
f 3145/4420/3114 3150/4434/3119 3144/4419/3113
f 3149/4433/3118 3059/4424/3030 3151/4435/3120
f 3144/4419/3113 3150/4434/3119 3141/4416/3110
f 3151/4435/3120 3059/4424/3030 3058/4436/3029
f 3141/4416/3110 3150/4434/3119 3152/4437/3121
f 3141/4416/3110 3152/4437/3121 3153/4438/3122
f 3153/4438/3122 3152/4437/3121 3154/4439/3123
f 3152/4437/3121 3150/4434/3119 3155/4440/3124
f 3156/4441/3125 3150/4434/3119 3149/4433/3118
f 3150/4434/3119 3156/4441/3125 3155/4440/3124
f 3152/4437/3121 3155/4440/3124 3157/4442/3126
f 3152/4437/3121 3157/4442/3126 3154/4439/3123
f 3157/4442/3126 3155/4440/3124 3156/4441/3125
f 3156/4441/3125 3149/4433/3118 3158/4443/3127
f 3156/4441/3125 3158/4443/3127 3157/4442/3126
f 3158/4443/3127 3149/4433/3118 3151/4435/3120
f 3154/4439/3123 3157/4442/3126 3159/4444/3128
f 3154/4439/3123 3159/4444/3128 3160/4445/3129
f 3160/4445/3129 3159/4444/3128 3161/4446/3130
f 3159/4444/3128 3157/4442/3126 3162/4447/3131
f 3159/4444/3128 3162/4447/3131 3163/4448/3132
f 3163/4448/3132 3162/4447/3131 3164/4449/3133
f 3162/4447/3131 3157/4442/3126 3165/4450/3134
f 3165/4450/3134 3157/4442/3126 3158/4443/3127
f 3162/4447/3131 3165/4450/3134 3164/4449/3133
f 3165/4450/3134 3158/4443/3127 3151/4435/3120
f 3164/4449/3133 3165/4450/3134 3166/4451/3135
f 3166/4451/3135 3165/4450/3134 3151/4435/3120
f 3164/4449/3133 3166/4451/3135 3167/4452/3136
f 3166/4451/3135 3151/4435/3120 3058/4436/3029
f 3167/4452/3136 3166/4451/3135 3168/4453/3137
f 3166/4451/3135 3058/4436/3029 3169/4454/3138
f 3166/4451/3135 3169/4454/3138 3168/4453/3137
f 3168/4453/3137 3169/4454/3138 3170/4455/3139
f 3169/4454/3138 3058/4436/3029 3060/4456/3031
f 3170/4455/3139 3169/4454/3138 3171/4457/3140
f 3171/4457/3140 3169/4454/3138 3060/4456/3031
f 3171/4457/3140 3060/4456/3031 3062/4458/3033
f 3171/4457/3140 3062/4458/3033 3065/4459/3036
f 3117/4460/3086 1059/4461/1057 1037/4462/1035
f 1059/4461/1057 3117/4460/3086 1083/4463/1081
f 3117/4460/3086 1037/4462/1035 3110/4464/3079
f 1084/4465/1082 1082/4466/1080 1083/4467/1081
f 1084/4465/1082 1083/4467/1081 3119/4468/3088
f 1084/4465/1082 3119/4468/3088 1085/4469/1083
f 1077/4470/1075 2151/4471/2134 1075/4472/1073
f 2151/4471/2134 1077/4470/1075 1085/4473/1083
f 2151/4471/2134 1085/4473/1083 2152/4474/2135
f 2152/4474/2135 1085/4473/1083 3172/4475/3141
f 2152/4474/2135 3172/4475/3141 2153/4476/2136
f 3173/4477/3142 2978/4478/2951 2976/4479/2949
f 2978/4478/2951 3173/4477/3142 2996/4480/2969
f 3173/4477/3142 2976/4479/2949 2977/4481/2950
f 2996/4480/2969 3173/4477/3142 3174/4482/3143
f 2996/4480/2969 3174/4482/3143 3175/4483/3144
f 2996/4480/2969 3175/4483/3144 3034/4484/3005
f 3174/4482/3143 3173/4477/3142 3176/4485/3145
f 3176/4485/3145 3173/4477/3142 2977/4481/2950
f 3175/4483/3144 3174/4482/3143 3177/4486/3146
f 3175/4483/3144 3177/4486/3146 3034/4484/3005
f 3177/4486/3146 3174/4482/3143 3176/4485/3145
f 3034/4484/3005 3177/4486/3146 3045/4487/3016
f 3045/4487/3016 3177/4486/3146 3051/4488/3022
f 3045/4487/3016 3051/4488/3022 3049/4489/3020
f 3051/4488/3022 3177/4486/3146 2973/4490/2946
f 3051/4488/3022 2973/4490/2946 2974/4491/2947
f 2973/4490/2946 3177/4486/3146 2980/4492/2953
f 2980/4492/2953 3177/4486/3146 3176/4485/3145
f 2973/4490/2946 2980/4492/2953 2972/4493/2945
f 2980/4492/2953 3176/4485/3145 3178/4494/3147
f 3178/4494/3147 3176/4485/3145 2977/4481/2950
f 3178/4494/3147 2977/4481/2950 2983/4495/2956
f 2980/4492/2953 3178/4494/3147 2981/4496/2954
f 3178/4494/3147 2983/4495/2956 2987/4497/2960
f 2981/4496/2954 3178/4494/3147 3179/4498/3148
f 3179/4498/3148 3178/4494/3147 2987/4497/2960
f 2981/4496/2954 3179/4498/3148 2984/4499/2957
f 3179/4498/3148 2987/4497/2960 2988/4500/2961
f 2984/4499/2957 3179/4498/3148 2990/4501/2963
f 3179/4498/3148 2988/4500/2961 3180/4502/3149
f 3179/4498/3148 3180/4502/3149 2990/4501/2963
f 2990/4501/2963 3180/4502/3149 3181/4503/3150
f 2990/4501/2963 3181/4503/3150 2991/4504/2964
f 3180/4502/3149 2988/4500/2961 3182/4505/3151
f 3180/4502/3149 3182/4505/3151 3181/4503/3150
f 3181/4503/3150 3182/4505/3151 2991/4504/2964
f 3182/4505/3151 2988/4500/2961 2989/4506/2962
f 3182/4505/3151 2989/4506/2962 2991/4504/2964
f 3183/4507/3152 3184/4508/3153 3185/4509/3154
f 3185/4509/3154 3184/4508/3153 3186/4510/3155
f 3184/4508/3153 3183/4507/3152 3187/4511/3156
f 3184/4508/3153 3187/4511/3156 3186/4510/3155
f 3183/4507/3152 3185/4509/3154 3188/4512/3157
f 3185/4509/3154 3186/4510/3155 3141/4513/3110
f 3185/4509/3154 3141/4513/3110 3153/4514/3122
f 3185/4509/3154 3153/4514/3122 3188/4512/3157
f 3141/4513/3110 3186/4510/3155 3138/4515/3107
f 3188/4512/3157 3153/4514/3122 3154/4516/3123
f 3188/4512/3157 3154/4516/3123 3160/4517/3129
f 3161/4518/3130 3189/4519/3158 3160/4517/3129
f 3160/4517/3129 3189/4519/3158 3188/4512/3157
f 3188/4512/3157 3189/4519/3158 3190/4520/3159
f 3190/4520/3159 3189/4519/3158 3191/4521/3160
f 3190/4520/3159 3191/4521/3160 3192/4522/3161
f 3192/4522/3161 3191/4521/3160 3193/4523/3162
f 3188/4512/3157 3190/4520/3159 3194/4524/3163
f 3194/4524/3163 3190/4520/3159 3192/4522/3161
f 3188/4512/3157 3194/4524/3163 3195/4525/3164
f 3188/4512/3157 3195/4525/3164 3183/4507/3152
f 3194/4524/3163 3192/4522/3161 3196/4526/3165
f 3194/4524/3163 3196/4526/3165 3195/4525/3164
f 3183/4507/3152 3195/4525/3164 3197/4527/3166
f 3196/4526/3165 3192/4522/3161 3198/4528/3167
f 3198/4528/3167 3192/4522/3161 3199/4529/3168
f 3198/4528/3167 3199/4529/3168 3200/4530/3169
f 3195/4525/3164 3196/4526/3165 3201/4531/3170
f 3195/4525/3164 3201/4531/3170 3197/4527/3166
f 3196/4526/3165 3198/4528/3167 3202/4532/3171
f 3196/4526/3165 3202/4532/3171 3201/4531/3170
f 3198/4528/3167 3200/4530/3169 3203/4533/3172
f 3198/4528/3167 3203/4533/3172 3202/4532/3171
f 3203/4533/3172 3200/4530/3169 3204/4534/3173
f 3203/4533/3172 3204/4534/3173 3205/4535/3174
f 3203/4533/3172 3205/4535/3174 3206/4536/3175
f 3206/4536/3175 3205/4535/3174 3207/4537/3176
f 3202/4532/3171 3203/4533/3172 3208/4538/3177
f 3203/4533/3172 3206/4536/3175 3209/4539/3178
f 3203/4533/3172 3209/4539/3178 3208/4538/3177
f 3206/4536/3175 3207/4537/3176 3210/4540/3179
f 3210/4540/3179 3207/4537/3176 3211/4541/3180
f 3209/4539/3178 3206/4536/3175 3212/4542/3181
f 3212/4542/3181 3206/4536/3175 3210/4540/3179
f 3208/4538/3177 3209/4539/3178 3213/4543/644
f 3213/4543/644 3209/4539/3178 3212/4542/3181
f 3214/4544/3182 3202/4532/3171 3208/4538/3177
f 3202/4532/3171 3214/4544/3182 3201/4531/3170
f 3208/4538/3177 3213/4543/644 3215/4545/3183
f 3208/4538/3177 3215/4545/3183 3214/4544/3182
f 3201/4531/3170 3214/4544/3182 3216/4546/3184
f 3201/4531/3170 3216/4546/3184 3197/4527/3166
f 3216/4546/3184 3214/4544/3182 3217/4547/3185
f 3217/4547/3185 3214/4544/3182 3215/4545/3183
f 3197/4527/3166 3216/4546/3184 3218/4548/3186
f 3218/4548/3186 3216/4546/3184 3217/4547/3185
f 3217/4547/3185 3215/4545/3183 3219/4549/3187
f 3217/4547/3185 3219/4549/3187 3220/4550/3188
f 3217/4547/3185 3220/4550/3188 3218/4548/3186
f 3219/4549/3187 3215/4545/3183 3221/4551/3189
f 3222/4552/3190 3215/4545/3183 3213/4543/644
f 3215/4545/3183 3222/4552/3190 3221/4551/3189
f 3222/4552/3190 3213/4543/644 3223/4553/3191
f 3223/4553/3191 3213/4543/644 3212/4542/3181
f 3221/4551/3189 3222/4552/3190 3224/4554/3192
f 3219/4549/3187 3221/4551/3189 3225/4555/3193
f 3219/4549/3187 3225/4555/3193 3220/4550/3188
f 3221/4551/3189 3224/4554/3192 3226/4556/3194
f 3221/4551/3189 3226/4556/3194 3225/4555/3193
f 3224/4554/3192 3222/4552/3190 3227/4557/3195
f 3227/4557/3195 3222/4552/3190 3223/4553/3191
f 3226/4556/3194 3224/4554/3192 3228/4558/3196
f 3228/4558/3196 3224/4554/3192 3227/4557/3195
f 3225/4555/3193 3226/4556/3194 3229/4559/3197
f 3229/4559/3197 3226/4556/3194 3228/4558/3196
f 3225/4555/3193 3229/4559/3197 3230/4560/3198
f 3225/4555/3193 3230/4560/3198 3220/4550/3188
f 3229/4559/3197 3228/4558/3196 3231/4561/3199
f 3231/4561/3199 3228/4558/3196 3227/4557/3195
f 3229/4559/3197 3231/4561/3199 3230/4560/3198
f 3232/4562/3200 3227/4557/3195 3223/4553/3191
f 3227/4557/3195 3232/4562/3200 3233/4563/3201
f 3232/4562/3200 3223/4553/3191 3234/4564/3202
f 3232/4562/3200 3234/4564/3202 3233/4563/3201
f 3234/4564/3202 3223/4553/3191 3235/4565/3203
f 3235/4565/3203 3223/4553/3191 3212/4542/3181
f 3233/4563/3201 3234/4564/3202 3236/4566/3204
f 3236/4566/3204 3234/4564/3202 3235/4565/3203
f 3227/4557/3195 3233/4563/3201 3237/4567/3205
f 3227/4557/3195 3237/4567/3205 3231/4561/3199
f 3237/4567/3205 3233/4563/3201 3238/4568/3206
f 3238/4568/3206 3233/4563/3201 3236/4566/3204
f 3231/4561/3199 3237/4567/3205 3239/4569/3207
f 3237/4567/3205 3238/4568/3206 3240/4570/3208
f 3237/4567/3205 3240/4570/3208 3239/4569/3207
f 3238/4568/3206 3236/4566/3204 3241/4571/3209
f 3238/4568/3206 3241/4571/3209 3240/4570/3208
f 3242/4572/3210 3236/4566/3204 3235/4565/3203
f 3243/4573/3211 3235/4565/3203 3212/4542/3181
f 3243/4573/3211 3212/4542/3181 3210/4540/3179
f 3235/4565/3203 3243/4573/3211 3244/4574/3212
f 3235/4565/3203 3244/4574/3212 3242/4572/3210
f 3243/4573/3211 3210/4540/3179 3245/4575/3213
f 3243/4573/3211 3245/4575/3213 3244/4574/3212
f 3245/4575/3213 3210/4540/3179 3246/4576/3214
f 3245/4575/3213 3246/4576/3214 3247/4577/3215
f 3244/4574/3212 3245/4575/3213 3248/4578/3216
f 3244/4574/3212 3248/4578/3216 3242/4572/3210
f 3248/4578/3216 3245/4575/3213 3247/4577/3215
f 3249/4579/3217 3236/4566/3204 3242/4572/3210
f 3236/4566/3204 3249/4579/3217 3241/4571/3209
f 3242/4572/3210 3248/4578/3216 3250/4580/3218
f 3242/4572/3210 3250/4580/3218 3249/4579/3217
f 3248/4578/3216 3247/4577/3215 3251/4581/3219
f 3248/4578/3216 3251/4581/3219 3250/4580/3218
f 3241/4571/3209 3249/4579/3217 3252/4582/3220
f 3249/4579/3217 3250/4580/3218 3253/4583/3221
f 3253/4583/3221 3250/4580/3218 3251/4581/3219
f 3249/4579/3217 3253/4583/3221 3252/4582/3220
f 3251/4581/3219 3247/4577/3215 3254/4584/3222
f 3251/4581/3219 3254/4584/3222 3253/4583/3221
f 3254/4584/3222 3247/4577/3215 3255/4585/3223
f 3252/4582/3220 3253/4583/3221 3256/4586/3224
f 3252/4582/3220 3256/4586/3224 3241/4571/3209
f 3253/4583/3221 3254/4584/3222 3257/4587/3225
f 3253/4583/3221 3257/4587/3225 3256/4586/3224
f 3257/4587/3225 3254/4584/3222 3258/4588/3226
f 3258/4588/3226 3254/4584/3222 3259/4589/3227
f 3257/4587/3225 3258/4588/3226 3260/4590/3228
f 3257/4587/3225 3260/4590/3228 3256/4586/3224
f 3260/4590/3228 3258/4588/3226 3261/4591/3229
f 3262/4592/3230 3241/4571/3209 3256/4586/3224
f 3262/4592/3230 3256/4586/3224 3260/4590/3228
f 3241/4571/3209 3262/4592/3230 3240/4570/3208
f 3260/4590/3228 3261/4591/3229 3263/4593/3231
f 3260/4590/3228 3263/4593/3231 3262/4592/3230
f 3263/4593/3231 3261/4591/3229 3264/4594/3232
f 3263/4593/3231 3264/4594/3232 3265/4595/3233
f 3265/4595/3233 3264/4594/3232 3266/4596/3234
f 3263/4593/3231 3265/4595/3233 3267/4597/3235
f 3267/4597/3235 3265/4595/3233 3266/4596/3234
f 3266/4596/3234 3264/4594/3232 3268/4598/3236
f 3262/4592/3230 3263/4593/3231 3269/4599/3237
f 3269/4599/3237 3263/4593/3231 3267/4597/3235
f 3262/4592/3230 3269/4599/3237 3270/4600/3238
f 3262/4592/3230 3270/4600/3238 3240/4570/3208
f 3269/4599/3237 3267/4597/3235 3271/4601/3239
f 3269/4599/3237 3271/4601/3239 3270/4600/3238
f 3240/4570/3208 3270/4600/3238 3272/4602/3240
f 3272/4602/3240 3270/4600/3238 3271/4601/3239
f 3240/4570/3208 3272/4602/3240 3239/4569/3207
f 3272/4602/3240 3271/4601/3239 3273/4603/3241
f 3271/4601/3239 3267/4597/3235 3274/4604/3242
f 3271/4601/3239 3274/4604/3242 3273/4603/3241
f 3274/4604/3242 3267/4597/3235 3275/4605/3243
f 3275/4605/3243 3267/4597/3235 3266/4596/3234
f 3239/4569/3207 3272/4602/3240 3276/4606/3244
f 3276/4606/3244 3272/4602/3240 3273/4603/3241
f 3275/4605/3243 3266/4596/3234 3277/4607/3245
f 3239/4569/3207 3276/4606/3244 3278/4608/3246
f 3277/4607/3245 3266/4596/3234 3279/4609/3247
f 3279/4609/3247 3266/4596/3234 3268/4598/3236
f 3279/4609/3247 3268/4598/3236 3280/4610/3248
f 3277/4607/3245 3279/4609/3247 3281/4611/3249
f 3277/4607/3245 3281/4611/3249 3275/4605/3243
f 3281/4611/3249 3279/4609/3247 3280/4610/3248
f 3275/4605/3243 3281/4611/3249 3274/4604/3242
f 3281/4611/3249 3280/4610/3248 3282/4612/3250
f 3281/4611/3249 3282/4612/3250 3283/4613/3251
f 3274/4604/3242 3281/4611/3249 3284/4614/3252
f 3284/4614/3252 3281/4611/3249 3283/4613/3251
f 3274/4604/3242 3284/4614/3252 3273/4603/3241
f 3284/4614/3252 3283/4613/3251 3285/4615/3253
f 3285/4615/3253 3283/4613/3251 3286/4616/3254
f 3286/4616/3254 3283/4613/3251 3287/4617/3255
f 3284/4614/3252 3285/4615/3253 3288/4618/3256
f 3288/4618/3256 3285/4615/3253 3286/4616/3254
f 3286/4616/3254 3287/4617/3255 3289/4619/3257
f 3284/4614/3252 3288/4618/3256 3290/4620/3258
f 3284/4614/3252 3290/4620/3258 3273/4603/3241
f 3286/4616/3254 3289/4619/3257 3291/4621/3259
f 3291/4621/3259 3289/4619/3257 3292/4622/3260
f 3288/4618/3256 3286/4616/3254 3293/4623/3261
f 3293/4623/3261 3286/4616/3254 3291/4621/3259
f 3288/4618/3256 3293/4623/3261 3294/4624/2327
f 3288/4618/3256 3294/4624/2327 3290/4620/3258
f 3293/4623/3261 3291/4621/3259 3295/4625/3262
f 3291/4621/3259 3292/4622/3260 3296/4626/3263
f 3291/4621/3259 3296/4626/3263 3295/4625/3262
f 3296/4626/3263 3292/4622/3260 3297/4627/3264
f 3297/4627/3264 3292/4622/3260 3298/4628/3265
f 3295/4625/3262 3296/4626/3263 3299/4629/3266
f 3293/4623/3261 3295/4625/3262 3300/4630/3267
f 3300/4630/3267 3295/4625/3262 3299/4629/3266
f 3293/4623/3261 3300/4630/3267 3294/4624/2327
f 3299/4629/3266 3296/4626/3263 3301/4631/3268
f 3301/4631/3268 3296/4626/3263 3297/4627/3264
f 3300/4630/3267 3299/4629/3266 3302/4632/3269
f 3302/4632/3269 3299/4629/3266 3301/4631/3268
f 3294/4624/2327 3300/4630/3267 3303/4633/3270
f 3303/4633/3270 3300/4630/3267 3302/4632/3269
f 3304/4634/3271 3297/4627/3264 3298/4628/3265
f 3297/4627/3264 3304/4634/3271 3301/4631/3268
f 3304/4634/3271 3298/4628/3265 3305/4635/3272
f 3304/4634/3271 3305/4635/3272 3306/4636/3273
f 3301/4631/3268 3304/4634/3271 3307/4637/3274
f 3307/4637/3274 3304/4634/3271 3306/4636/3273
f 3308/4638/2511 3302/4632/3269 3301/4631/3268
f 3308/4638/2511 3301/4631/3268 3307/4637/3274
f 3307/4637/3274 3306/4636/3273 3309/4639/3275
f 3309/4639/3275 3306/4636/3273 3310/4640/3276
f 3308/4638/2511 3307/4637/3274 3311/4641/3277
f 3309/4639/3275 3310/4640/3276 3312/4642/3278
f 3312/4642/3278 3310/4640/3276 3313/4643/3279
f 3309/4639/3275 3312/4642/3278 3314/4644/3280
f 3314/4644/3280 3312/4642/3278 3313/4643/3279
f 3307/4637/3274 3309/4639/3275 3315/4645/3281
f 3307/4637/3274 3315/4645/3281 3311/4641/3277
f 3309/4639/3275 3314/4644/3280 3316/4646/3282
f 3309/4639/3275 3316/4646/3282 3315/4645/3281
f 3314/4644/3280 3313/4643/3279 3317/4647/3283
f 3317/4647/3283 3313/4643/3279 3318/4648/3284
f 3314/4644/3280 3317/4647/3283 3316/4646/3282
f 3319/4649/3285 3308/4638/2511 3311/4641/3277
f 3308/4638/2511 3319/4649/3285 3302/4632/3269
f 3320/4650/3286 3311/4641/3277 3315/4645/3281
f 3311/4641/3277 3320/4650/3286 3319/4649/3285
f 3302/4632/3269 3319/4649/3285 3321/4651/3287
f 3321/4651/3287 3319/4649/3285 3320/4650/3286
f 3302/4632/3269 3321/4651/3287 3303/4633/3270
f 3320/4650/3286 3315/4645/3281 3322/4652/3288
f 3322/4652/3288 3315/4645/3281 3316/4646/3282
f 3320/4650/3286 3322/4652/3288 3323/4653/3289
f 3320/4650/3286 3323/4653/3289 3321/4651/3287
f 3323/4653/3289 3322/4652/3288 3324/4654/3290
f 3323/4653/3289 3324/4654/3290 3325/4655/3291
f 3322/4652/3288 3316/4646/3282 3326/4656/3292
f 3322/4652/3288 3326/4656/3292 3324/4654/3290
f 3321/4651/3287 3323/4653/3289 3327/4657/3293
f 3327/4657/3293 3323/4653/3289 3325/4655/3291
f 3325/4655/3291 3324/4654/3290 3328/4658/3294
f 3325/4655/3291 3328/4658/3294 3327/4657/3293
f 3328/4658/3294 3324/4654/3290 3326/4656/3292
f 3327/4657/3293 3328/4658/3294 3329/4659/3295
f 3321/4651/3287 3327/4657/3293 3330/4660/3296
f 3330/4660/3296 3327/4657/3293 3329/4659/3295
f 3321/4651/3287 3330/4660/3296 3331/4661/3297
f 3321/4651/3287 3331/4661/3297 3303/4633/3270
f 3331/4661/3297 3330/4660/3296 3332/4662/3298
f 3303/4633/3270 3331/4661/3297 3333/4663/3299
f 3333/4663/3299 3331/4661/3297 3332/4662/3298
f 3303/4633/3270 3333/4663/3299 3334/4664/3300
f 3303/4633/3270 3334/4664/3300 3294/4624/2327
f 3294/4624/2327 3334/4664/3300 3335/4665/3301
f 3335/4665/3301 3334/4664/3300 3333/4663/3299
f 3294/4624/2327 3335/4665/3301 3290/4620/3258
f 3336/4666/3302 3332/4662/3298 3330/4660/3296
f 3336/4666/3302 3330/4660/3296 3329/4659/3295
f 3337/4667/3303 3333/4663/3299 3332/4662/3298
f 3333/4663/3299 3337/4667/3303 3335/4665/3301
f 3332/4662/3298 3336/4666/3302 3338/4668/3304
f 3332/4662/3298 3338/4668/3304 3337/4667/3303
f 3336/4666/3302 3329/4659/3295 3339/4669/3305
f 3335/4665/3301 3337/4667/3303 3340/4670/3306
f 3335/4665/3301 3340/4670/3306 3290/4620/3258
f 3337/4667/3303 3338/4668/3304 3341/4671/2315
f 3337/4667/3303 3341/4671/2315 3340/4670/3306
f 3338/4668/3304 3336/4666/3302 3342/4672/3307
f 3342/4672/3307 3336/4666/3302 3339/4669/3305
f 3290/4620/3258 3340/4670/3306 3343/4673/3308
f 3290/4620/3258 3343/4673/3308 3273/4603/3241
f 3273/4603/3241 3343/4673/3308 3276/4606/3244
f 3276/4606/3244 3343/4673/3308 3278/4608/3246
f 3278/4608/3246 3343/4673/3308 3340/4670/3306
f 3278/4608/3246 3340/4670/3306 3341/4671/2315
f 3338/4668/3304 3342/4672/3307 3344/4674/3309
f 3338/4668/3304 3344/4674/3309 3341/4671/2315
f 3344/4674/3309 3342/4672/3307 3345/4675/3310
f 3278/4608/3246 3341/4671/2315 3346/4676/3311
f 3278/4608/3246 3346/4676/3311 3239/4569/3207
f 3239/4569/3207 3346/4676/3311 3231/4561/3199
f 3346/4676/3311 3341/4671/2315 3347/4677/3312
f 3346/4676/3311 3347/4677/3312 3231/4561/3199
f 3347/4677/3312 3341/4671/2315 3344/4674/3309
f 3231/4561/3199 3347/4677/3312 3230/4560/3198
f 3347/4677/3312 3344/4674/3309 3348/4678/3313
f 3347/4677/3312 3348/4678/3313 3230/4560/3198
f 3348/4678/3313 3344/4674/3309 3345/4675/3310
f 3230/4560/3198 3348/4678/3313 3349/4679/3314
f 3230/4560/3198 3349/4679/3314 3220/4550/3188
f 3220/4550/3188 3349/4679/3314 3350/4680/3315
f 3220/4550/3188 3350/4680/3315 3218/4548/3186
f 3350/4680/3315 3349/4679/3314 3351/4681/3316
f 3350/4680/3315 3351/4681/3316 3218/4548/3186
f 3351/4681/3316 3349/4679/3314 3348/4678/3313
f 3348/4678/3313 3345/4675/3310 3352/4682/3317
f 3348/4678/3313 3352/4682/3317 3351/4681/3316
f 3352/4682/3317 3345/4675/3310 3342/4672/3307
f 3218/4548/3186 3351/4681/3316 3353/4683/3318
f 3218/4548/3186 3353/4683/3318 3197/4527/3166
f 3353/4683/3318 3351/4681/3316 3354/4684/3319
f 3354/4684/3319 3351/4681/3316 3352/4682/3317
f 3197/4527/3166 3353/4683/3318 3187/4511/3156
f 3187/4511/3156 3353/4683/3318 3354/4684/3319
f 3197/4527/3166 3187/4511/3156 3183/4507/3152
f 3352/4682/3317 3342/4672/3307 3339/4669/3305
f 3187/4511/3156 3354/4684/3319 3355/4685/3320
f 3352/4682/3317 3339/4669/3305 3356/4686/3321
f 3354/4684/3319 3352/4682/3317 3357/4687/3322
f 3357/4687/3322 3352/4682/3317 3356/4686/3321
f 3357/4687/3322 3356/4686/3321 3339/4669/3305
f 3354/4684/3319 3357/4687/3322 3355/4685/3320
f 3355/4685/3320 3357/4687/3322 3339/4669/3305
f 3187/4511/3156 3355/4685/3320 3186/4510/3155
f 3355/4685/3320 3339/4669/3305 3329/4659/3295
f 3186/4510/3155 3355/4685/3320 3358/4688/3323
f 3358/4688/3323 3355/4685/3320 3329/4659/3295
f 3358/4688/3323 3329/4659/3295 3328/4658/3294
f 3186/4510/3155 3358/4688/3323 3138/4515/3107
f 3358/4688/3323 3328/4658/3294 3326/4656/3292
f 3358/4688/3323 3326/4656/3292 3138/4515/3107
f 3138/4515/3107 3326/4656/3292 3137/4689/3106
f 3137/4689/3106 3326/4656/3292 3359/4690/3324
f 3359/4690/3324 3326/4656/3292 3316/4646/3282
f 3137/4689/3106 3359/4690/3324 3135/4691/3104
f 3359/4690/3324 3316/4646/3282 3360/4692/3325
f 3359/4690/3324 3360/4692/3325 3135/4691/3104
f 3360/4692/3325 3316/4646/3282 3317/4647/3283
f 3135/4691/3104 3360/4692/3325 3132/4693/3101
f 3360/4692/3325 3317/4647/3283 3361/4694/3326
f 3360/4692/3325 3361/4694/3326 3132/4693/3101
f 3289/4695/3257 3287/4696/3255 3362/4697/3327
f 3289/4695/3257 3362/4697/3327 3363/4698/3328
f 3289/4695/3257 3363/4698/3328 3292/4699/3260
f 3292/4699/3260 3363/4698/3328 3298/4700/3265
f 3363/4698/3328 3362/4697/3327 3364/4701/3329
f 3298/4700/3265 3363/4698/3328 3365/4702/3330
f 3365/4702/3330 3363/4698/3328 3364/4701/3329
f 3362/4697/3327 3287/4696/3255 3366/4703/3331
f 3298/4700/3265 3365/4702/3330 3367/4704/3332
f 3298/4700/3265 3367/4704/3332 3305/4705/3272
f 3364/4701/3329 3362/4697/3327 3368/4706/3333
f 3368/4706/3333 3362/4697/3327 3366/4703/3331
f 3366/4703/3331 3287/4696/3255 3369/4707/3334
f 3369/4707/3334 3287/4696/3255 3283/4708/3251
f 3369/4707/3334 3283/4708/3251 3282/4709/3250
f 3369/4707/3334 3282/4709/3250 3370/4710/3335
f 3370/4710/3335 3282/4709/3250 3280/4711/3248
f 3366/4703/3331 3369/4707/3334 3371/4712/3336
f 3371/4712/3336 3369/4707/3334 3370/4710/3335
f 3368/4706/3333 3366/4703/3331 3372/4713/3337
f 3372/4713/3337 3366/4703/3331 3371/4712/3336
f 3370/4710/3335 3280/4711/3248 3373/4714/3338
f 3373/4714/3338 3280/4711/3248 3268/4715/3236
f 3373/4714/3338 3268/4715/3236 3264/4716/3232
f 3373/4714/3338 3264/4716/3232 3261/4717/3229
f 3370/4710/3335 3373/4714/3338 3374/4718/3339
f 3373/4714/3338 3261/4717/3229 3259/4719/3227
f 3259/4719/3227 3261/4717/3229 3258/4720/3226
f 3374/4718/3339 3373/4714/3338 3375/4721/3340
f 3375/4721/3340 3373/4714/3338 3259/4719/3227
f 3370/4710/3335 3374/4718/3339 3376/4722/3341
f 3370/4710/3335 3376/4722/3341 3371/4712/3336
f 3376/4722/3341 3374/4718/3339 3375/4721/3340
f 3255/4723/3223 3259/4719/3227 3254/4724/3222
f 3259/4719/3227 3255/4723/3223 3375/4721/3340
f 3371/4712/3336 3376/4722/3341 3377/4725/3342
f 3371/4712/3336 3377/4725/3342 3372/4713/3337
f 3376/4722/3341 3375/4721/3340 3378/4726/3343
f 3376/4722/3341 3378/4726/3343 3377/4725/3342
f 3375/4721/3340 3255/4723/3223 3379/4727/3344
f 3379/4727/3344 3255/4723/3223 3247/4728/3215
f 3379/4727/3344 3247/4728/3215 3246/4729/3214
f 3375/4721/3340 3379/4727/3344 3380/4730/3345
f 3375/4721/3340 3380/4730/3345 3378/4726/3343
f 3379/4727/3344 3246/4729/3214 3381/4731/3346
f 3380/4730/3345 3379/4727/3344 3382/4732/3347
f 3382/4732/3347 3379/4727/3344 3381/4731/3346
f 3381/4731/3346 3246/4729/3214 3211/4733/3180
f 3211/4733/3180 3246/4729/3214 3210/4734/3179
f 3381/4731/3346 3211/4733/3180 3383/4735/3348
f 3382/4732/3347 3381/4731/3346 3384/4736/3349
f 3384/4736/3349 3381/4731/3346 3383/4735/3348
f 3380/4730/3345 3382/4732/3347 3385/4737/3350
f 3385/4737/3350 3382/4732/3347 3384/4736/3349
f 3383/4735/3348 3211/4733/3180 3386/4738/3351
f 3383/4735/3348 3386/4738/3351 3384/4736/3349
f 3386/4738/3351 3211/4733/3180 3207/4739/3176
f 3386/4738/3351 3207/4739/3176 3205/4740/3174
f 3386/4738/3351 3205/4740/3174 3387/4741/3352
f 3386/4738/3351 3387/4741/3352 3384/4736/3349
f 3387/4741/3352 3205/4740/3174 3204/4742/3173
f 3384/4736/3349 3387/4741/3352 3388/4743/3353
f 3384/4736/3349 3388/4743/3353 3385/4737/3350
f 3387/4741/3352 3204/4742/3173 3389/4744/3354
f 3387/4741/3352 3389/4744/3354 3390/4745/3355
f 3387/4741/3352 3390/4745/3355 3388/4743/3353
f 3389/4744/3354 3204/4742/3173 3391/4746/3356
f 3391/4746/3356 3204/4742/3173 3200/4747/3169
f 3391/4746/3356 3200/4747/3169 3199/4748/3168
f 3389/4744/3354 3391/4746/3356 3392/4749/3357
f 3392/4749/3357 3391/4746/3356 3199/4748/3168
f 3389/4744/3354 3392/4749/3357 3390/4745/3355
f 3392/4749/3357 3199/4748/3168 3393/4750/3358
f 3390/4745/3355 3392/4749/3357 3394/4751/3359
f 3394/4751/3359 3392/4749/3357 3393/4750/3358
f 3393/4750/3358 3199/4748/3168 3193/4752/3162
f 3193/4752/3162 3199/4748/3168 3192/4753/3161
f 3394/4751/3359 3393/4750/3358 3395/4754/3360
f 3390/4745/3355 3394/4751/3359 3396/4755/3361
f 3393/4750/3358 3193/4752/3162 3397/4756/3362
f 3393/4750/3358 3397/4756/3362 3395/4754/3360
f 3390/4745/3355 3396/4755/3361 3398/4757/3363
f 3390/4745/3355 3398/4757/3363 3388/4743/3353
f 3396/4755/3361 3394/4751/3359 3399/4758/3364
f 3396/4755/3361 3399/4758/3364 3398/4757/3363
f 3394/4751/3359 3395/4754/3360 3400/4759/3365
f 3394/4751/3359 3400/4759/3365 3399/4758/3364
f 3400/4759/3365 3395/4754/3360 3397/4756/3362
f 3398/4757/3363 3399/4758/3364 3401/4760/3366
f 3398/4757/3363 3401/4760/3366 3388/4743/3353
f 3399/4758/3364 3400/4759/3365 3402/4761/3367
f 3388/4743/3353 3401/4760/3366 3403/4762/3368
f 3388/4743/3353 3403/4762/3368 3385/4737/3350
f 3401/4760/3366 3399/4758/3364 3404/4763/3369
f 3404/4763/3369 3399/4758/3364 3402/4761/3367
f 3401/4760/3366 3404/4763/3369 3405/4764/3370
f 3401/4760/3366 3405/4764/3370 3403/4762/3368
f 3385/4737/3350 3403/4762/3368 3406/4765/3371
f 3385/4737/3350 3406/4765/3371 3407/4766/3372
f 3385/4737/3350 3407/4766/3372 3380/4730/3345
f 3380/4730/3345 3407/4766/3372 3378/4726/3343
f 3407/4766/3372 3406/4765/3371 3408/4767/3373
f 3407/4766/3372 3408/4767/3373 3378/4726/3343
f 3408/4767/3373 3406/4765/3371 3403/4762/3368
f 3378/4726/3343 3408/4767/3373 3377/4725/3342
f 3408/4767/3373 3403/4762/3368 3409/4768/3374
f 3408/4767/3373 3409/4768/3374 3377/4725/3342
f 3409/4768/3374 3403/4762/3368 3405/4764/3370
f 3377/4725/3342 3409/4768/3374 3372/4713/3337
f 3372/4713/3337 3409/4768/3374 3410/4769/3375
f 3372/4713/3337 3410/4769/3375 3368/4706/3333
f 3368/4706/3333 3410/4769/3375 3411/4770/3376
f 3368/4706/3333 3411/4770/3376 3364/4701/3329
f 3410/4769/3375 3409/4768/3374 3412/4771/3377
f 3410/4769/3375 3412/4771/3377 3411/4770/3376
f 3364/4701/3329 3411/4770/3376 3413/4772/3378
f 3412/4771/3377 3409/4768/3374 3414/4773/3379
f 3364/4701/3329 3413/4772/3378 3365/4702/3330
f 3414/4773/3379 3409/4768/3374 3415/4774/3380
f 3415/4774/3380 3409/4768/3374 3405/4764/3370
f 3411/4770/3376 3412/4771/3377 3416/4775/3381
f 3416/4775/3381 3412/4771/3377 3414/4773/3379
f 3413/4772/3378 3411/4770/3376 3417/4776/3382
f 3417/4776/3382 3411/4770/3376 3416/4775/3381
f 3365/4702/3330 3413/4772/3378 3418/4777/3383
f 3418/4777/3383 3413/4772/3378 3419/4778/3384
f 3418/4777/3383 3419/4778/3384 3365/4702/3330
f 3419/4778/3384 3413/4772/3378 3417/4776/3382
f 3416/4775/3381 3414/4773/3379 3420/4779/3385
f 3416/4775/3381 3420/4779/3385 3417/4776/3382
f 3421/4780/3386 3414/4773/3379 3415/4774/3380
f 3421/4780/3386 3415/4774/3380 3405/4764/3370
f 3420/4779/3385 3414/4773/3379 3422/4781/3387
f 3422/4781/3387 3414/4773/3379 3421/4780/3386
f 3417/4776/3382 3420/4779/3385 3423/4782/3388
f 3424/4783/3389 3419/4778/3384 3417/4776/3382
f 3424/4783/3389 3417/4776/3382 3423/4782/3388
f 3420/4779/3385 3422/4781/3387 3425/4784/3390
f 3420/4779/3385 3425/4784/3390 3423/4782/3388
f 3422/4781/3387 3421/4780/3386 3426/4785/3391
f 3422/4781/3387 3426/4785/3391 3425/4784/3390
f 3426/4785/3391 3421/4780/3386 3427/4786/3392
f 3427/4786/3392 3421/4780/3386 3405/4764/3370
f 3425/4784/3390 3426/4785/3391 3428/4787/3393
f 3427/4786/3392 3405/4764/3370 3429/4788/3394
f 3429/4788/3394 3405/4764/3370 3404/4763/3369
f 3426/4785/3391 3427/4786/3392 3430/4789/3395
f 3426/4785/3391 3430/4789/3395 3428/4787/3393
f 3427/4786/3392 3429/4788/3394 3431/4790/3396
f 3427/4786/3392 3431/4790/3396 3430/4789/3395
f 3429/4788/3394 3404/4763/3369 3432/4791/3397
f 3429/4788/3394 3432/4791/3397 3431/4790/3396
f 3431/4790/3396 3432/4791/3397 3430/4789/3395
f 3432/4791/3397 3404/4763/3369 3402/4761/3367
f 3432/4791/3397 3402/4761/3367 3430/4789/3395
f 3430/4789/3395 3402/4761/3367 3428/4787/3393
f 3428/4787/3393 3402/4761/3367 3433/4792/3398
f 3433/4792/3398 3402/4761/3367 3400/4759/3365
f 3433/4792/3398 3400/4759/3365 3397/4756/3362
f 3428/4787/3393 3433/4792/3398 3434/4793/3399
f 3428/4787/3393 3434/4793/3399 3425/4784/3390
f 3433/4792/3398 3397/4756/3362 3435/4794/3400
f 3433/4792/3398 3435/4794/3400 3434/4793/3399
f 3425/4784/3390 3434/4793/3399 3423/4782/3388
f 3434/4793/3399 3435/4794/3400 3436/4795/3401
f 3434/4793/3399 3436/4795/3401 3423/4782/3388
f 3435/4794/3400 3397/4756/3362 3437/4796/3402
f 3435/4794/3400 3437/4796/3402 3436/4795/3401
f 3437/4796/3402 3397/4756/3362 3438/4797/3403
f 3438/4797/3403 3397/4756/3362 3193/4752/3162
f 3436/4795/3401 3437/4796/3402 3439/4798/3404
f 3439/4798/3404 3437/4796/3402 3161/4799/3130
f 3161/4799/3130 3437/4796/3402 3438/4797/3403
f 3436/4795/3401 3439/4798/3404 3440/4800/3405
f 3438/4797/3403 3193/4752/3162 3441/4801/3406
f 3438/4797/3403 3441/4801/3406 3161/4799/3130
f 3441/4801/3406 3193/4752/3162 3191/4802/3160
f 3161/4799/3130 3441/4801/3406 3189/4803/3158
f 3189/4803/3158 3441/4801/3406 3191/4802/3160
f 3436/4795/3401 3440/4800/3405 3442/4804/3407
f 3436/4795/3401 3442/4804/3407 3423/4782/3388
f 3442/4804/3407 3440/4800/3405 3132/4805/3101
f 3423/4782/3388 3442/4804/3407 3443/4806/3408
f 3423/4782/3388 3443/4806/3408 3424/4783/3389
f 3442/4804/3407 3132/4805/3101 3444/4807/3409
f 3442/4804/3407 3444/4807/3409 3443/4806/3408
f 3444/4807/3409 3132/4805/3101 3361/4808/3326
f 3424/4783/3389 3443/4806/3408 3445/4809/3410
f 3445/4809/3410 3443/4806/3408 3444/4807/3409
f 3424/4783/3389 3445/4809/3410 3419/4778/3384
f 3444/4807/3409 3361/4808/3326 3446/4810/3411
f 3444/4807/3409 3446/4810/3411 3445/4809/3410
f 3446/4810/3411 3361/4808/3326 3318/4811/3284
f 3318/4811/3284 3361/4808/3326 3317/4812/3283
f 3446/4810/3411 3318/4811/3284 3447/4813/3412
f 3446/4810/3411 3447/4813/3412 3445/4809/3410
f 3447/4813/3412 3318/4811/3284 3313/4814/3279
f 3447/4813/3412 3313/4814/3279 3310/4815/3276
f 3448/4816/3413 3419/4778/3384 3445/4809/3410
f 3419/4778/3384 3448/4816/3413 3365/4702/3330
f 3365/4702/3330 3448/4816/3413 3367/4704/3332
f 3448/4816/3413 3445/4809/3410 3449/4817/3414
f 3448/4816/3413 3449/4817/3414 3367/4704/3332
f 3449/4817/3414 3445/4809/3410 3447/4813/3412
f 3367/4704/3332 3449/4817/3414 3305/4705/3272
f 3450/4818/3415 3447/4813/3412 3310/4815/3276
f 3447/4813/3412 3450/4818/3415 3449/4817/3414
f 3449/4817/3414 3450/4818/3415 3305/4705/3272
f 3450/4818/3415 3310/4815/3276 3306/4819/3273
f 3450/4818/3415 3306/4819/3273 3305/4705/3272
f 1197/4820/1192 1199/4821/1194 1200/4822/1195
f 1200/4823/1195 1198/4824/1193 1197/4825/1192
f 1198/4824/1193 1200/4823/1195 2107/4826/2091
f 1198/4824/1193 2107/4826/2091 3451/4827/3416
f 1198/4824/1193 3451/4827/3416 3075/4828/3046
f 3451/4827/3416 2107/4826/2091 2102/4829/2086
f 3075/4828/3046 3451/4827/3416 3074/4830/3045
f 3451/4827/3416 2102/4829/2086 2101/4831/2085
f 3074/4830/3045 3451/4827/3416 3452/4832/3417
f 3452/4832/3417 3451/4827/3416 2101/4831/2085
f 3074/4830/3045 3452/4832/3417 3453/4833/3418
f 3074/4830/3045 3453/4833/3418 3454/4834/3419
f 3453/4833/3418 3452/4832/3417 3455/4835/3420
f 3453/4833/3418 3455/4835/3420 3454/4834/3419
f 3074/4830/3045 3454/4834/3419 3073/4836/3044
f 3455/4835/3420 3452/4832/3417 3456/4837/3421
f 3456/4837/3421 3452/4832/3417 2101/4831/2085
f 3456/4837/3421 2101/4831/2085 2097/4838/2081
f 2097/4838/2081 2101/4831/2085 2096/4839/2080
f 3455/4835/3420 3456/4837/3421 3457/4840/3422
f 3457/4840/3422 3456/4837/3421 2097/4838/2081
f 3455/4835/3420 3457/4840/3422 3454/4834/3419
f 3457/4840/3422 2097/4838/2081 3458/4841/3423
f 3457/4840/3422 3458/4841/3423 3459/4842/3424
f 3454/4834/3419 3457/4840/3422 3460/4843/3425
f 3460/4843/3425 3457/4840/3422 3459/4842/3424
f 3461/4844/3426 3073/4836/3044 3454/4834/3419
f 3461/4844/3426 3454/4834/3419 3460/4843/3425
f 3073/4836/3044 3461/4844/3426 3462/4845/3427
f 3073/4836/3044 3462/4845/3427 3463/4846/3428
f 3463/4846/3428 3462/4845/3427 3464/4847/3429
f 3464/4847/3429 3462/4845/3427 3465/4848/3430
f 3465/4848/3430 3462/4845/3427 3466/4849/3431
f 3466/4849/3431 3462/4845/3427 3467/4850/3432
f 3466/4849/3431 3467/4850/3432 3468/4851/3433
f 3462/4845/3427 3461/4844/3426 3469/4852/3434
f 3462/4845/3427 3469/4852/3434 3467/4850/3432
f 3467/4850/3432 3469/4852/3434 3468/4851/3433
f 3469/4852/3434 3461/4844/3426 3460/4843/3425
f 3468/4851/3433 3469/4852/3434 3470/4853/3435
f 3470/4853/3435 3469/4852/3434 3471/4854/3436
f 3471/4854/3436 3469/4852/3434 3460/4843/3425
f 3470/4853/3435 3471/4854/3436 3472/4855/3437
f 3472/4855/3437 3471/4854/3436 3473/4856/3438
f 3471/4854/3436 3460/4843/3425 3474/4857/3439
f 3474/4857/3439 3460/4843/3425 3459/4842/3424
f 3473/4856/3438 3471/4854/3436 3475/4858/3440
f 3475/4858/3440 3471/4854/3436 3474/4857/3439
f 3472/4855/3437 3473/4856/3438 3476/4859/3441
f 3476/4859/3441 3473/4856/3438 3475/4858/3440
f 3472/4855/3437 3476/4859/3441 3477/4860/3442
f 3474/4857/3439 3459/4842/3424 3478/4861/3443
f 3474/4857/3439 3478/4861/3443 3475/4858/3440
f 3478/4861/3443 3459/4842/3424 3479/4862/3444
f 3476/4859/3441 3475/4858/3440 3480/4863/3445
f 3480/4863/3445 3475/4858/3440 3478/4861/3443
f 3476/4859/3441 3480/4863/3445 3481/4864/3446
f 3478/4861/3443 3479/4862/3444 3482/4865/3447
f 3482/4865/3447 3479/4862/3444 3483/4866/3448
f 3478/4861/3443 3482/4865/3447 3484/4867/3449
f 3478/4861/3443 3484/4867/3449 3480/4863/3445
f 3484/4867/3449 3482/4865/3447 3485/4868/3450
f 3481/4864/3446 3480/4863/3445 3486/4869/3451
f 3486/4869/3451 3480/4863/3445 3484/4867/3449
f 3484/4867/3449 3485/4868/3450 3487/4870/3452
f 3484/4867/3449 3487/4870/3452 3486/4869/3451
f 3487/4870/3452 3485/4868/3450 3488/4871/3453
f 3481/4864/3446 3486/4869/3451 3489/4872/3454
f 3489/4872/3454 3486/4869/3451 3487/4870/3452
f 3487/4870/3452 3488/4871/3453 3490/4873/3455
f 3481/4864/3446 3489/4872/3454 3491/4874/3456
f 3481/4864/3446 3491/4874/3456 3492/4875/3457
f 3492/4875/3457 3491/4874/3456 3493/4876/3458
f 3493/4876/3458 3491/4874/3456 3494/4877/3459
f 3491/4874/3456 3489/4872/3454 3495/4878/3460
f 3495/4878/3460 3489/4872/3454 3487/4870/3452
f 3495/4878/3460 3487/4870/3452 3496/4879/3461
f 3496/4879/3461 3487/4870/3452 3490/4873/3455
f 3495/4878/3460 3496/4879/3461 3497/4880/3462
f 3496/4879/3461 3490/4873/3455 3498/4881/3463
f 3498/4881/3463 3490/4873/3455 3499/4882/3464
f 3497/4880/3462 3496/4879/3461 3500/4883/3465
f 3497/4880/3462 3500/4883/3465 3501/4884/3466
f 3496/4879/3461 3498/4881/3463 3502/4885/3467
f 3496/4879/3461 3502/4885/3467 3500/4883/3465
f 3500/4883/3465 3502/4885/3467 3501/4884/3466
f 3502/4885/3467 3498/4881/3463 3503/4886/3468
f 3502/4885/3467 3503/4886/3468 3504/4887/3469
f 3502/4885/3467 3504/4887/3469 3501/4884/3466
f 3501/4884/3466 3504/4887/3469 3505/4888/3470
f 3171/4889/3140 3065/4890/3036 3506/4891/2655
f 3171/4889/3140 3506/4891/2655 3507/4892/3471
f 3506/4891/2655 3065/4890/3036 3464/4893/3429
f 3464/4893/3429 3065/4890/3036 3064/4894/3035
f 3464/4893/3429 3064/4894/3035 3067/4895/3038
f 3464/4893/3429 3067/4895/3038 3068/4896/3039
f 3464/4893/3429 3068/4896/3039 3463/4897/3428
f 3463/4897/3428 3068/4896/3039 3071/4898/3042
f 3463/4897/3428 3071/4898/3042 3073/4899/3044
f 3506/4900/2655 3508/4901/3472 3507/4902/3471
f 3508/4901/3472 3506/4900/2655 3464/4903/3429
f 3508/4901/3472 3464/4903/3429 3465/4904/3430
f 3508/4901/3472 3465/4904/3430 3466/4905/3431
f 3508/4901/3472 3466/4905/3431 3468/4906/3433
f 3508/4901/3472 3468/4906/3433 3470/4907/3435
f 3508/4901/3472 3470/4907/3435 3507/4902/3471
f 3171/4908/3140 3507/4902/3471 3170/4909/3139
f 3170/4909/3139 3507/4902/3471 3509/4910/3473
f 3170/4909/3139 3509/4910/3473 3168/4911/3137
f 3168/4911/3137 3509/4910/3473 3167/4912/3136
f 3509/4910/3473 3507/4902/3471 3510/4913/3474
f 3509/4910/3473 3510/4913/3474 3167/4912/3136
f 3507/4902/3471 3470/4907/3435 3511/4914/3475
f 3507/4902/3471 3511/4914/3475 3510/4913/3474
f 3511/4914/3475 3470/4907/3435 3512/4915/3476
f 3512/4915/3476 3470/4907/3435 3513/4916/3477
f 3513/4916/3477 3470/4907/3435 3472/4917/3437
f 3511/4914/3475 3512/4915/3476 3514/4918/3478
f 3514/4918/3478 3512/4915/3476 3513/4916/3477
f 3513/4916/3477 3472/4917/3437 3477/4919/3442
f 3513/4916/3477 3477/4919/3442 3514/4918/3478
f 3511/4914/3475 3514/4918/3478 3515/4920/3479
f 3511/4914/3475 3515/4920/3479 3510/4913/3474
f 3514/4918/3478 3477/4919/3442 3516/4921/3480
f 3514/4918/3478 3516/4921/3480 3515/4920/3479
f 3516/4921/3480 3477/4919/3442 3517/4922/3481
f 3517/4922/3481 3477/4919/3442 3476/4923/3441
f 3517/4922/3481 3476/4923/3441 3481/4924/3446
f 3517/4922/3481 3481/4924/3446 3492/4925/3457
f 3510/4913/3474 3515/4920/3479 3518/4926/3482
f 3518/4926/3482 3515/4920/3479 3516/4921/3480
f 3510/4913/3474 3518/4926/3482 3519/4927/3483
f 3516/4921/3480 3517/4922/3481 3520/4928/3484
f 3520/4928/3484 3517/4922/3481 3492/4925/3457
f 3518/4926/3482 3516/4921/3480 3521/4929/3485
f 3518/4926/3482 3521/4929/3485 3522/4930/3486
f 3518/4926/3482 3522/4930/3486 3519/4927/3483
f 3522/4930/3486 3521/4929/3485 3523/4931/3487
f 3522/4930/3486 3523/4931/3487 3519/4927/3483
f 3519/4927/3483 3523/4931/3487 3524/4932/3488
f 3524/4932/3488 3523/4931/3487 3521/4929/3485
f 3519/4927/3483 3524/4932/3488 3525/4933/3489
f 3526/4934/3490 3521/4929/3485 3516/4921/3480
f 3527/4935/3491 3510/4913/3474 3519/4927/3483
f 3527/4935/3491 3519/4927/3483 3525/4933/3489
f 3524/4932/3488 3521/4929/3485 3528/4936/3492
f 3526/4934/3490 3516/4921/3480 3529/4937/3493
f 3529/4937/3493 3516/4921/3480 3520/4928/3484
f 3521/4929/3485 3526/4934/3490 3530/4938/3494
f 3521/4929/3485 3530/4938/3494 3528/4936/3492
f 3526/4934/3490 3529/4937/3493 3531/4939/3495
f 3526/4934/3490 3531/4939/3495 3530/4938/3494
f 3529/4937/3493 3520/4928/3484 3532/4940/3496
f 3530/4938/3494 3531/4939/3495 3533/4941/2242
f 3530/4938/3494 3533/4941/2242 3528/4936/3492
f 3531/4939/3495 3529/4937/3493 3534/4942/3497
f 3534/4942/3497 3529/4937/3493 3532/4940/3496
f 3531/4939/3495 3534/4942/3497 3533/4941/2242
f 3532/4940/3496 3520/4928/3484 3492/4925/3457
f 3534/4942/3497 3532/4940/3496 3535/4943/3498
f 3534/4942/3497 3535/4943/3498 3533/4941/2242
f 3532/4940/3496 3492/4925/3457 3536/4944/3499
f 3532/4940/3496 3536/4944/3499 3535/4943/3498
f 3536/4944/3499 3492/4925/3457 3537/4945/3500
f 3537/4945/3500 3492/4925/3457 3493/4946/3458
f 3537/4945/3500 3493/4946/3458 3494/4947/3459
f 3536/4944/3499 3537/4945/3500 3538/4948/3501
f 3535/4943/3498 3536/4944/3499 3539/4949/3502
f 3539/4949/3502 3536/4944/3499 3540/4950/3503
f 3535/4943/3498 3539/4949/3502 3541/4951/3504
f 3541/4951/3504 3539/4949/3502 3542/4952/3505
f 3535/4943/3498 3541/4951/3504 3543/4953/3506
f 3535/4943/3498 3543/4953/3506 3533/4941/2242
f 3543/4953/3506 3541/4951/3504 3544/4954/3507
f 3533/4941/2242 3543/4953/3506 3545/4955/3508
f 3533/4941/2242 3545/4955/3508 3528/4936/3492
f 3543/4953/3506 3544/4954/3507 3546/4956/3509
f 3543/4953/3506 3546/4956/3509 3545/4955/3508
f 3546/4956/3509 3544/4954/3507 3547/4957/3510
f 3528/4936/3492 3545/4955/3508 3548/4958/3511
f 3548/4958/3511 3545/4955/3508 3546/4956/3509
f 3528/4936/3492 3548/4958/3511 3549/4959/3512
f 3528/4936/3492 3549/4959/3512 3524/4932/3488
f 3524/4932/3488 3549/4959/3512 3525/4933/3489
f 3549/4959/3512 3548/4958/3511 3550/4960/3513
f 3550/4960/3513 3548/4958/3511 3546/4956/3509
f 3525/4933/3489 3549/4959/3512 3551/4961/3514
f 3551/4961/3514 3549/4959/3512 3550/4960/3513
f 3525/4933/3489 3551/4961/3514 3552/4962/3515
f 3525/4933/3489 3552/4962/3515 3553/4963/3516
f 3552/4962/3515 3551/4961/3514 3554/4964/3517
f 3552/4962/3515 3554/4964/3517 3553/4963/3516
f 3554/4964/3517 3551/4961/3514 3555/4965/3518
f 3555/4965/3518 3551/4961/3514 3550/4960/3513
f 3556/4966/3519 3550/4960/3513 3546/4956/3509
f 3556/4966/3519 3546/4956/3509 3557/4967/3520
f 3556/4966/3519 3557/4967/3520 3558/4968/3521
f 3550/4960/3513 3556/4966/3519 3559/4969/3522
f 3559/4969/3522 3556/4966/3519 3558/4968/3521
f 3555/4965/3518 3550/4960/3513 3560/4970/3523
f 3560/4970/3523 3550/4960/3513 3559/4969/3522
f 3559/4969/3522 3558/4968/3521 3561/4971/3524
f 3561/4971/3524 3558/4968/3521 3562/4972/3525
f 3561/4971/3524 3562/4972/3525 3563/4973/3526
f 3563/4973/3526 3562/4972/3525 3564/4974/3527
f 3559/4969/3522 3561/4971/3524 3565/4975/3528
f 3559/4969/3522 3565/4975/3528 3560/4970/3523
f 3561/4971/3524 3563/4973/3526 3566/4976/3529
f 3566/4976/3529 3563/4973/3526 3564/4974/3527
f 3561/4971/3524 3566/4976/3529 3565/4975/3528
f 3566/4976/3529 3564/4974/3527 3567/4977/3530
f 3567/4977/3530 3564/4974/3527 3568/4978/3531
f 3567/4977/3530 3568/4978/3531 3569/4979/3532
f 3567/4977/3530 3569/4979/3532 3566/4976/3529
f 3569/4979/3532 3568/4978/3531 3570/4980/3533
f 3569/4979/3532 3570/4980/3533 3571/4981/3534
f 3569/4979/3532 3571/4981/3534 3566/4976/3529
f 3571/4981/3534 3570/4980/3533 3572/4982/3535
f 3571/4981/3534 3572/4982/3535 3573/4983/3536
f 3566/4976/3529 3571/4981/3534 3574/4984/3537
f 3566/4976/3529 3574/4984/3537 3565/4975/3528
f 3571/4981/3534 3573/4983/3536 3172/4985/3141
f 3172/4985/3141 3573/4983/3536 2153/4986/2136
f 3571/4981/3534 3172/4985/3141 3574/4984/3537
f 3565/4975/3528 3574/4984/3537 3575/4987/3538
f 3565/4975/3528 3575/4987/3538 3560/4970/3523
f 3560/4970/3523 3575/4987/3538 3576/4988/3539
f 3560/4970/3523 3576/4988/3539 3555/4965/3518
f 3575/4987/3538 3574/4984/3537 3577/4989/3540
f 3575/4987/3538 3577/4989/3540 3576/4988/3539
f 3574/4984/3537 3172/4985/3141 3578/4990/3541
f 3574/4984/3537 3578/4990/3541 3577/4989/3540
f 3555/4965/3518 3576/4988/3539 3579/4991/3542
f 3555/4965/3518 3579/4991/3542 3554/4964/3517
f 3576/4988/3539 3577/4989/3540 3580/4992/3543
f 3576/4988/3539 3580/4992/3543 3579/4991/3542
f 3577/4989/3540 3578/4990/3541 3122/4993/3091
f 3577/4989/3540 3122/4993/3091 3580/4992/3543
f 3122/4993/3091 3578/4990/3541 3120/4994/3089
f 3580/4992/3543 3122/4993/3091 3123/4995/3092
f 3580/4992/3543 3123/4995/3092 3579/4991/3542
f 3120/4994/3089 3578/4990/3541 3581/4996/3544
f 3581/4996/3544 3578/4990/3541 3172/4985/3141
f 3120/4994/3089 3581/4996/3544 3119/4997/3088
f 3581/4996/3544 3172/4985/3141 3582/4998/3545
f 3581/4996/3544 3582/4998/3545 3119/4997/3088
f 3582/4998/3545 3172/4985/3141 1085/4999/1083
f 3582/4998/3545 1085/4999/1083 3119/4997/3088
f 3583/5000/3546 3554/4964/3517 3579/4991/3542
f 3583/5000/3546 3579/4991/3542 3123/4995/3092
f 3554/4964/3517 3583/5000/3546 3553/4963/3516
f 3583/5000/3546 3123/4995/3092 3584/5001/3547
f 3583/5000/3546 3584/5001/3547 3553/4963/3516
f 3584/5001/3547 3123/4995/3092 3126/5002/3095
f 3126/5002/3095 3123/4995/3092 3124/5003/3093
f 3584/5001/3547 3126/5002/3095 3131/5004/3100
f 3584/5001/3547 3131/5004/3100 3133/5005/3102
f 3584/5001/3547 3133/5005/3102 3553/4963/3516
f 3132/5006/3101 3440/5007/3405 3133/5005/3102
f 3133/5005/3102 3440/5007/3405 3585/5008/3548
f 3133/5005/3102 3585/5008/3548 3553/4963/3516
f 3585/5008/3548 3440/5007/3405 3439/5009/3404
f 3553/4963/3516 3585/5008/3548 3527/4935/3491
f 3553/4963/3516 3527/4935/3491 3525/4933/3489
f 3585/5008/3548 3439/5009/3404 3586/5010/3549
f 3585/5008/3548 3586/5010/3549 3527/4935/3491
f 3586/5010/3549 3439/5009/3404 3587/5011/3550
f 3587/5011/3550 3439/5009/3404 3161/5012/3130
f 3587/5011/3550 3161/5012/3130 3163/5013/3132
f 3163/5013/3132 3161/5012/3130 3159/5014/3128
f 3587/5011/3550 3163/5013/3132 3588/5015/3551
f 3587/5011/3550 3588/5015/3551 3586/5010/3549
f 3588/5015/3551 3163/5013/3132 3164/5016/3133
f 3588/5015/3551 3164/5016/3133 3167/4912/3136
f 3586/5010/3549 3588/5015/3551 3589/5017/3552
f 3589/5017/3552 3588/5015/3551 3167/4912/3136
f 3586/5010/3549 3589/5017/3552 3527/4935/3491
f 3589/5017/3552 3167/4912/3136 3510/4913/3474
f 3589/5017/3552 3510/4913/3474 3527/4935/3491
f 2097/5018/2081 2092/5019/2076 2090/5020/2074
f 2097/5018/2081 2090/5020/2074 3458/5021/3423
f 3458/5021/3423 2090/5020/2074 3590/5022/3553
f 3590/5022/3553 2090/5020/2074 2089/5023/2073
f 3458/5021/3423 3590/5022/3553 3479/5024/3444
f 3458/5021/3423 3479/5024/3444 3459/5025/3424
f 3590/5022/3553 2089/5023/2073 2083/5026/2067
f 2083/5026/2067 2089/5023/2073 2082/5027/2066
f 3479/5024/3444 3590/5022/3553 3591/5028/3554
f 3591/5028/3554 3590/5022/3553 2083/5026/2067
f 3479/5024/3444 3591/5028/3554 3592/5029/3555
f 3479/5024/3444 3592/5029/3555 3483/5030/3448
f 3483/5030/3448 3592/5029/3555 3591/5028/3554
f 3483/5030/3448 3591/5028/3554 3593/5031/3556
f 3593/5031/3556 3591/5028/3554 2083/5026/2067
f 3483/5030/3448 3593/5031/3556 3482/5032/3447
f 3593/5031/3556 2083/5026/2067 3594/5033/3557
f 3482/5032/3447 3593/5031/3556 3595/5034/3558
f 3595/5034/3558 3593/5031/3556 3594/5033/3557
f 3482/5032/3447 3595/5034/3558 3596/5035/3559
f 3482/5032/3447 3596/5035/3559 3485/5036/3450
f 3595/5034/3558 3594/5033/3557 3597/5037/3560
f 3594/5033/3557 2083/5026/2067 3598/5038/3561
f 3598/5038/3561 2083/5026/2067 2080/5039/2064
f 3598/5038/3561 2080/5039/2064 2077/5040/2061
f 3596/5035/3559 3595/5034/3558 3599/5041/3562
f 3599/5041/3562 3595/5034/3558 3597/5037/3560
f 3597/5037/3560 3594/5033/3557 3600/5042/3563
f 3597/5037/3560 3600/5042/3563 3599/5041/3562
f 3594/5033/3557 3598/5038/3561 3601/5043/3564
f 3594/5033/3557 3601/5043/3564 3600/5042/3563
f 3598/5038/3561 2077/5040/2061 3602/5044/3565
f 3598/5038/3561 3602/5044/3565 3601/5043/3564
f 3602/5044/3565 2077/5040/2061 2075/5045/2059
f 3601/5043/3564 3602/5044/3565 3603/5046/3566
f 3602/5044/3565 2075/5045/2059 3604/5047/3567
f 3602/5044/3565 3604/5047/3567 3603/5046/3566
f 3604/5047/3567 2075/5045/2059 2074/5048/2058
f 3601/5043/3564 3603/5046/3566 3605/5049/3568
f 3601/5043/3564 3605/5049/3568 3600/5042/3563
f 3605/5049/3568 3603/5046/3566 3604/5047/3567
f 3600/5042/3563 3605/5049/3568 3599/5041/3562
f 3604/5047/3567 2074/5048/2058 3606/5050/3569
f 3604/5047/3567 3606/5050/3569 3605/5049/3568
f 3605/5049/3568 3606/5050/3569 3599/5041/3562
f 3599/5041/3562 3606/5050/3569 3607/5051/3570
f 3607/5051/3570 3606/5050/3569 3608/5052/3571
f 3607/5051/3570 3608/5052/3571 3537/5053/3500
f 3607/5051/3570 3537/5053/3500 3494/5054/3459
f 3599/5041/3562 3607/5051/3570 3609/5055/3572
f 3599/5041/3562 3609/5055/3572 3596/5035/3559
f 3596/5035/3559 3609/5055/3572 3485/5036/3450
f 3609/5055/3572 3607/5051/3570 3610/5056/3573
f 3610/5056/3573 3607/5051/3570 3494/5054/3459
f 3485/5036/3450 3609/5055/3572 3611/5057/3574
f 3611/5057/3574 3609/5055/3572 3610/5056/3573
f 3485/5036/3450 3611/5057/3574 3488/5058/3453
f 3610/5056/3573 3494/5054/3459 3612/5059/3575
f 3610/5056/3573 3612/5059/3575 3611/5057/3574
f 3612/5059/3575 3494/5054/3459 3491/5060/3456
f 3488/5058/3453 3611/5057/3574 3499/5061/3464
f 3499/5061/3464 3611/5057/3574 3612/5059/3575
f 3488/5058/3453 3499/5061/3464 3490/5062/3455
f 3499/5061/3464 3612/5059/3575 3613/5063/3576
f 2071/5064/2055 3614/5065/3577 2072/5066/2056
f 2072/5066/2056 3614/5065/3577 2074/5067/2058
f 2074/5067/2058 3614/5065/3577 3606/5068/3569
f 3614/5065/3577 2071/5064/2055 3615/5069/3578
f 3614/5065/3577 3615/5069/3578 3606/5068/3569
f 3615/5069/3578 2071/5064/2055 2066/5070/2050
f 3606/5068/3569 3615/5069/3578 3608/5071/3571
f 3615/5069/3578 2066/5070/2050 3616/5072/3579
f 3608/5071/3571 3615/5069/3578 3617/5073/3580
f 3617/5073/3580 3615/5069/3578 3616/5072/3579
f 3616/5072/3579 2066/5070/2050 2067/5074/2051
f 3608/5071/3571 3617/5073/3580 3538/5075/3501
f 3608/5071/3571 3538/5075/3501 3537/5076/3500
f 3538/5075/3501 3617/5073/3580 3540/5077/3503
f 3538/5075/3501 3540/5077/3503 3536/5078/3499
f 3617/5073/3580 3616/5072/3579 3618/5079/3581
f 3618/5079/3581 3616/5072/3579 2067/5074/2051
f 3540/5077/3503 3617/5073/3580 3619/5080/3582
f 3619/5080/3582 3617/5073/3580 3618/5079/3581
f 3540/5077/3503 3619/5080/3582 3542/5081/3505
f 3540/5077/3503 3542/5081/3505 3539/5082/3502
f 3619/5080/3582 3618/5079/3581 3620/5083/3583
f 3619/5080/3582 3620/5083/3583 3542/5081/3505
f 3618/5079/3581 2067/5074/2051 3621/5084/3584
f 3618/5079/3581 3621/5084/3584 3620/5083/3583
f 2063/5085/2047 2065/5086/2049 2067/5074/2051
f 2067/5074/2051 2065/5086/2049 3621/5084/3584
f 3544/5087/3507 3541/5088/3504 3542/5081/3505
f 3544/5087/3507 3542/5081/3505 3622/5089/3585
f 3622/5089/3585 3542/5081/3505 3623/5090/3586
f 3623/5090/3586 3542/5081/3505 3620/5083/3583
f 3622/5089/3585 3623/5090/3586 3624/5091/3587
f 3624/5091/3587 3623/5090/3586 3625/5092/3588
f 3625/5092/3588 3623/5090/3586 3626/5093/3589
f 3626/5093/3589 3623/5090/3586 3620/5083/3583
f 3625/5092/3588 3626/5093/3589 3627/5094/3590
f 3626/5093/3589 3620/5083/3583 3628/5095/3591
f 3626/5093/3589 3628/5095/3591 3627/5094/3590
f 3628/5095/3591 3620/5083/3583 3621/5084/3584
f 3627/5094/3590 3628/5095/3591 3629/5096/3592
f 3627/5094/3590 3629/5096/3592 3630/5097/3593
f 3629/5096/3592 3628/5095/3591 3621/5084/3584
f 3629/5096/3592 3621/5084/3584 3631/5098/3594
f 3629/5096/3592 3631/5098/3594 3632/5099/3595
f 3633/5100/3596 3632/5099/3595 3634/5101/3597
f 3634/5101/3597 3632/5099/3595 3631/5098/3594
f 3634/5101/3597 3631/5098/3594 3635/5102/3598
f 3635/5102/3598 3631/5098/3594 3636/5103/3599
f 3636/5103/3599 3631/5098/3594 3637/5104/3600
f 3637/5104/3600 3631/5098/3594 3621/5084/3584
f 3637/5104/3600 3621/5084/3584 3638/5105/3601
f 3638/5105/3601 3621/5084/3584 2065/5086/2049
f 3638/5105/3601 2065/5086/2049 2064/5106/2048
f 3637/5104/3600 3638/5105/3601 3639/5107/3602
f 3637/5104/3600 3639/5107/3602 3640/5108/3603
f 3641/5109/3604 2061/5110/2045 2059/5111/2043
f 2061/5110/2045 3641/5109/3604 2064/5112/2048
f 3641/5109/3604 2059/5111/2043 2058/5113/2042
f 2064/5112/2048 3641/5109/3604 3638/5114/3601
f 3641/5109/3604 2058/5113/2042 3642/5115/3605
f 3642/5115/3605 2058/5113/2042 2057/5116/2041
f 3638/5114/3601 3641/5109/3604 3643/5117/3606
f 3643/5117/3606 3641/5109/3604 3642/5115/3605
f 3638/5114/3601 3643/5117/3606 3644/5118/3607
f 3638/5114/3601 3644/5118/3607 3639/5119/3602
f 3639/5119/3602 3644/5118/3607 3645/5120/3608
f 3644/5118/3607 3643/5117/3606 3646/5121/3609
f 3646/5121/3609 3643/5117/3606 3642/5115/3605
f 3644/5118/3607 3646/5121/3609 3645/5120/3608
f 3647/5122/3610 3642/5115/3605 2057/5116/2041
f 3647/5122/3610 2057/5116/2041 2056/5123/2040
f 3646/5121/3609 3642/5115/3605 3648/5124/3611
f 3648/5124/3611 3642/5115/3605 3647/5122/3610
f 3647/5122/3610 2056/5123/2040 3649/5125/3612
f 3649/5125/3612 2056/5123/2040 2054/5126/2038
f 3648/5124/3611 3647/5122/3610 3650/5127/3613
f 3650/5127/3613 3647/5122/3610 3649/5125/3612
f 3649/5125/3612 2054/5126/2038 3651/5128/3614
f 3648/5124/3611 3650/5127/3613 3652/5129/3615
f 3646/5121/3609 3648/5124/3611 3653/5130/3616
f 3653/5130/3616 3648/5124/3611 3652/5129/3615
f 3646/5121/3609 3653/5130/3616 3645/5120/3608
f 3649/5125/3612 3651/5128/3614 3654/5131/3617
f 3654/5131/3617 3651/5128/3614 3655/5132/3618
f 3654/5131/3617 3655/5132/3618 3656/5133/3619
f 3649/5125/3612 3654/5131/3617 3657/5134/3620
f 3649/5125/3612 3657/5134/3620 3650/5127/3613
f 3657/5134/3620 3654/5131/3617 3658/5135/3621
f 3650/5127/3613 3657/5134/3620 3659/5136/3622
f 3659/5136/3622 3657/5134/3620 3660/5137/3623
f 3650/5127/3613 3659/5136/3622 3652/5129/3615
f 3661/5138/3624 3653/5130/3616 3652/5129/3615
f 3653/5130/3616 3661/5138/3624 3645/5120/3608
f 3652/5129/3615 3659/5136/3622 3662/5139/3625
f 3661/5138/3624 3652/5129/3615 3663/5140/3626
f 3663/5140/3626 3652/5129/3615 3662/5139/3625
f 3662/5139/3625 3659/5136/3622 3664/5141/3627
f 3664/5141/3627 3659/5136/3622 3665/5142/3628
f 3664/5141/3627 3665/5142/3628 3666/5143/3629
f 3664/5141/3627 3666/5143/3629 3667/5144/3630
f 3664/5141/3627 3667/5144/3630 3662/5139/3625
f 3667/5144/3630 3666/5143/3629 2350/5145/2330
f 3667/5144/3630 2350/5145/2330 2346/5146/2326
f 3667/5144/3630 2346/5146/2326 2343/5147/2323
f 3668/5148/3631 3663/5140/3626 3662/5139/3625
f 3668/5148/3631 3662/5139/3625 3667/5144/3630
f 3663/5140/3626 3668/5148/3631 3661/5138/3624
f 3667/5144/3630 2343/5147/2323 3669/5149/3632
f 3667/5144/3630 3669/5149/3632 3668/5148/3631
f 3669/5149/3632 2343/5147/2323 2342/5150/2322
f 3668/5148/3631 3669/5149/3632 3670/5151/3633
f 3668/5148/3631 3670/5151/3633 3661/5138/3624
f 3670/5151/3633 3669/5149/3632 2342/5150/2322
f 3670/5151/3633 2342/5150/2322 3671/5152/3634
f 3671/5152/3634 2342/5150/2322 2311/5153/2291
f 3671/5152/3634 2311/5153/2291 2308/5154/2288
f 3671/5152/3634 2308/5154/2288 2304/5155/2284
f 2304/5155/2284 2308/5154/2288 2305/5156/2285
f 3671/5152/3634 2304/5155/2284 3672/5157/3635
f 3672/5157/3635 2304/5155/2284 2301/5158/2281
f 3672/5157/3635 2301/5158/2281 3673/5159/3636
f 3671/5152/3634 3672/5157/3635 3674/5160/3637
f 3674/5160/3637 3672/5157/3635 3673/5159/3636
f 3671/5152/3634 3674/5160/3637 3670/5151/3633
f 3674/5160/3637 3673/5159/3636 3675/5161/3638
f 3674/5160/3637 3675/5161/3638 3676/5162/3639
f 3674/5160/3637 3676/5162/3639 3670/5151/3633
f 3676/5162/3639 3675/5161/3638 3677/5163/3640
f 3670/5151/3633 3676/5162/3639 3678/5164/3641
f 3678/5164/3641 3676/5162/3639 3677/5163/3640
f 3670/5151/3633 3678/5164/3641 3661/5138/3624
f 3678/5164/3641 3677/5163/3640 3679/5165/3642
f 3661/5138/3624 3678/5164/3641 3645/5120/3608
f 3645/5120/3608 3678/5164/3641 3679/5165/3642
f 3645/5120/3608 3679/5165/3642 3680/5166/3643
f 2051/5167/2035 2055/5168/2039 2053/5169/2037
f 2055/5168/2039 2051/5167/2035 2163/5170/548
f 2055/5168/2039 2163/5170/548 3681/5171/3644
f 2055/5168/2039 3681/5171/3644 3682/5172/3645
f 2055/5168/2039 3682/5172/3645 2054/5173/2038
f 2054/5173/2038 3682/5172/3645 3651/5174/3614
f 3651/5174/3614 3682/5172/3645 3655/5175/3618
f 3655/5175/3618 3682/5172/3645 3681/5171/3644
f 3681/5171/3644 2163/5170/548 3683/5176/3646
f 3683/5176/3646 2163/5170/548 3684/5177/3647
f 2157/5178/2140 2163/5170/548 2160/5179/2143
f 2163/5170/548 2157/5178/2140 3685/5180/3648
f 2163/5170/548 3685/5180/3648 3684/5177/3647
f 3685/5180/3648 2157/5178/2140 2154/5181/2137
f 3684/5177/3647 3685/5180/3648 3686/5182/3649
f 3684/5177/3647 3686/5182/3649 3687/5183/3650
f 3685/5180/3648 2154/5181/2137 3688/5184/3651
f 3685/5180/3648 3688/5184/3651 3686/5182/3649
f 3688/5184/3651 2154/5181/2137 2153/5185/2136
f 3686/5182/3649 3688/5184/3651 3573/5186/3536
f 3573/5186/3536 3688/5184/3651 2153/5185/2136
f 3689/5187/3652 3690/5188/3653 3691/5189/3654
f 3691/5189/3654 3690/5188/3653 3692/5190/3655
f 3691/5189/3654 3692/5190/3655 3683/5191/3646
f 3683/5191/3646 3692/5190/3655 3681/5192/3644
f 3681/5192/3644 3692/5190/3655 3655/5193/3618
f 3655/5193/3618 3692/5190/3655 3656/5194/3619
f 3656/5194/3619 3692/5190/3655 3693/5195/3656
f 3693/5195/3656 3692/5190/3655 3690/5188/3653
f 3693/5195/3656 3690/5188/3653 3694/5196/3657
f 3691/5189/3654 3683/5191/3646 3695/5197/2137
f 3691/5189/3654 3695/5197/2137 3689/5187/3652
f 3695/5197/2137 3683/5191/3646 3684/5198/3647
f 3695/5197/2137 3684/5198/3647 3687/5199/3650
f 3686/5200/3649 3573/5201/3536 3687/5199/3650
f 3687/5199/3650 3573/5201/3536 3572/5202/3535
f 3687/5199/3650 3572/5202/3535 3695/5197/2137
f 3695/5197/2137 3572/5202/3535 3570/5203/3533
f 3695/5197/2137 3570/5203/3533 3696/5204/3658
f 3695/5197/2137 3696/5204/3658 3689/5187/3652
f 3696/5204/3658 3570/5203/3533 3568/5205/3531
f 3696/5204/3658 3568/5205/3531 3564/5206/3527
f 3696/5204/3658 3564/5206/3527 3562/5207/3525
f 3696/5204/3658 3562/5207/3525 3689/5187/3652
f 3689/5187/3652 3562/5207/3525 3558/5208/3521
f 3689/5187/3652 3558/5208/3521 3557/5209/3520
f 3689/5187/3652 3557/5209/3520 3690/5188/3653
f 3690/5188/3653 3557/5209/3520 3697/5210/3659
f 3697/5210/3659 3557/5209/3520 3546/5211/3509
f 3690/5188/3653 3697/5210/3659 3694/5196/3657
f 3697/5210/3659 3546/5211/3509 3547/5212/3510
f 3694/5196/3657 3697/5210/3659 3698/5213/3660
f 3698/5213/3660 3697/5210/3659 3547/5212/3510
f 3694/5196/3657 3698/5213/3660 3699/5214/3661
f 3699/5214/3661 3698/5213/3660 3700/5215/3662
f 3700/5215/3662 3698/5213/3660 3624/5216/3587
f 3624/5216/3587 3698/5213/3660 3547/5212/3510
f 3700/5215/3662 3624/5216/3587 3625/5217/3588
f 3624/5216/3587 3547/5212/3510 3622/5218/3585
f 3622/5218/3585 3547/5212/3510 3544/5219/3507
f 3658/5220/3621 3654/5221/3617 3656/5222/3619
f 3658/5220/3621 3656/5222/3619 3693/5223/3656
f 3658/5220/3621 3693/5223/3656 3701/5224/3663
f 3701/5224/3663 3693/5223/3656 3694/5225/3657
f 3660/5226/3623 3657/5227/3620 3658/5220/3621
f 3660/5226/3623 3658/5220/3621 3701/5224/3663
f 3701/5224/3663 3694/5225/3657 3702/5228/3664
f 3702/5228/3664 3694/5225/3657 3699/5229/3661
f 3660/5226/3623 3701/5224/3663 3703/5230/3665
f 3702/5228/3664 3699/5229/3661 3704/5231/3666
f 3704/5231/3666 3699/5229/3661 3700/5232/3662
f 3701/5224/3663 3702/5228/3664 3705/5233/3667
f 3701/5224/3663 3705/5233/3667 3703/5230/3665
f 3705/5233/3667 3702/5228/3664 3704/5231/3666
f 3704/5231/3666 3700/5232/3662 3625/5234/3588
f 3704/5231/3666 3625/5234/3588 3706/5235/3668
f 3706/5235/3668 3625/5234/3588 3627/5236/3590
f 3706/5235/3668 3627/5236/3590 3630/5237/3593
f 3704/5231/3666 3706/5235/3668 3707/5238/3669
f 3707/5238/3669 3706/5235/3668 3708/5239/3670
f 3705/5233/3667 3704/5231/3666 3709/5240/3671
f 3709/5240/3671 3704/5231/3666 3707/5238/3669
f 3710/5241/3672 3703/5230/3665 3705/5233/3667
f 3710/5241/3672 3705/5233/3667 3709/5240/3671
f 3703/5230/3665 3710/5241/3672 3711/5242/3673
f 3703/5230/3665 3711/5242/3673 3712/5243/3674
f 3703/5230/3665 3712/5243/3674 3660/5226/3623
f 3711/5242/3673 3710/5241/3672 3713/5244/3675
f 3711/5242/3673 3713/5244/3675 3712/5243/3674
f 3710/5241/3672 3709/5240/3671 3714/5245/3676
f 3710/5241/3672 3714/5245/3676 3713/5244/3675
f 3660/5226/3623 3712/5243/3674 3665/5246/3628
f 3660/5226/3623 3665/5246/3628 3659/5247/3622
f 3715/5248/3677 3666/5249/3629 3665/5246/3628
f 3715/5248/3677 3665/5246/3628 3716/5250/3678
f 3716/5250/3678 3665/5246/3628 3712/5243/3674
f 3716/5250/3678 3712/5243/3674 3717/5251/3679
f 3717/5251/3679 3712/5243/3674 3713/5244/3675
f 3716/5250/3678 3717/5251/3679 3718/5252/3680
f 3716/5250/3678 3718/5252/3680 3719/5253/3681
f 3717/5251/3679 3713/5244/3675 3720/5254/3682
f 3720/5254/3682 3713/5244/3675 3721/5255/3683
f 3721/5255/3683 3713/5244/3675 3722/5256/3684
f 3722/5256/3684 3713/5244/3675 3714/5245/3676
f 3722/5256/3684 3714/5245/3676 3723/5257/3685
f 3723/5257/3685 3714/5245/3676 3724/5258/3686
f 3724/5258/3686 3714/5245/3676 3709/5240/3671
f 3723/5257/3685 3724/5258/3686 3725/5259/3687
f 3724/5258/3686 3709/5240/3671 3726/5260/3688
f 3724/5258/3686 3726/5260/3688 3725/5259/3687
f 3726/5260/3688 3709/5240/3671 3707/5238/3669
f 3725/5259/3687 3726/5260/3688 3727/5261/3689
f 3725/5259/3687 3727/5261/3689 3728/5262/3690
f 3726/5260/3688 3707/5238/3669 3729/5263/3691
f 3726/5260/3688 3729/5263/3691 3727/5261/3689
f 3729/5263/3691 3707/5238/3669 3708/5239/3670
f 3728/5262/3690 3727/5261/3689 3730/5264/3692
f 3730/5264/3692 3727/5261/3689 3729/5263/3691
f 3728/5262/3690 3730/5264/3692 3731/5265/3693
f 3731/5265/3693 3730/5264/3692 3732/5266/3694
f 3732/5266/3694 3730/5264/3692 3733/5267/3695
f 3733/5267/3695 3730/5264/3692 3729/5263/3691
f 3733/5267/3695 3729/5263/3691 3708/5239/3670
f 3733/5267/3695 3708/5239/3670 3734/5268/3696
f 3735/5269/3697 3736/5270/3698 3737/5271/3699
f 3735/5269/3697 3737/5271/3699 3738/5272/3700
f 3737/5271/3699 3736/5270/3698 3739/5273/3701
f 3738/5272/3700 3737/5271/3699 3740/5274/3702
f 3740/5274/3702 3737/5271/3699 3739/5273/3701
f 3738/5272/3700 3740/5274/3702 3741/5275/3703
f 3741/5275/3703 3740/5274/3702 3733/5276/3695
f 3741/5275/3703 3733/5276/3695 3734/5277/3696
f 3733/5276/3695 3740/5274/3702 3732/5278/3694
f 3732/5278/3694 3740/5274/3702 3739/5273/3701
f 3732/5278/3694 3739/5273/3701 3720/5279/3682
f 3720/5279/3682 3739/5273/3701 3717/5280/3679
f 3717/5280/3679 3739/5273/3701 3718/5281/3680
f 3742/5282/3704 3739/5273/3701 3736/5270/3698
f 3718/5281/3680 3739/5273/3701 3743/5283/3705
f 3743/5283/3705 3739/5273/3701 3742/5282/3704
f 3718/5281/3680 3743/5283/3705 3744/5284/3706
f 3718/5281/3680 3744/5284/3706 3719/5285/3681
f 3719/5285/3681 3744/5284/3706 3745/5286/1490
f 3719/5285/3681 3745/5286/1490 3746/5287/3707
f 3745/5286/1490 3744/5284/3706 3747/5288/3708
f 3747/5288/3708 3744/5284/3706 3743/5283/3705
f 3746/5287/3707 3745/5286/1490 3748/5289/3709
f 3748/5289/3709 3745/5286/1490 3749/5290/3710
f 3749/5290/3710 3745/5286/1490 3747/5288/3708
f 3748/5289/3709 3749/5290/3710 3750/5291/3711
f 3747/5288/3708 3743/5283/3705 3751/5292/3712
f 3748/5289/3709 3750/5291/3711 3752/5293/3713
f 3748/5289/3709 3752/5293/3713 3753/5294/3714
f 3753/5294/3714 3752/5293/3713 3754/5295/3715
f 3752/5293/3713 3750/5291/3711 3755/5296/3716
f 3752/5293/3713 3755/5296/3716 3754/5295/3715
f 3754/5295/3715 3755/5296/3716 3756/5297/3717
f 3757/5298/3718 3758/5299/3719 3754/5295/3715
f 3757/5298/3718 3754/5295/3715 3759/5300/3720
f 3759/5300/3720 3754/5295/3715 3756/5297/3717
f 3757/5298/3718 3759/5300/3720 3760/5301/3721
f 3756/5297/3717 3755/5296/3716 3761/5302/3722
f 3756/5297/3717 3761/5302/3722 3759/5300/3720
f 3762/5303/3723 3755/5296/3716 3750/5291/3711
f 3755/5296/3716 3762/5303/3723 3761/5302/3722
f 3762/5303/3723 3750/5291/3711 3763/5304/3724
f 3763/5304/3724 3750/5291/3711 3749/5290/3710
f 3761/5302/3722 3762/5303/3723 3764/5305/3725
f 3761/5302/3722 3764/5305/3725 3759/5300/3720
f 3762/5303/3723 3763/5304/3724 3765/5306/3726
f 3762/5303/3723 3765/5306/3726 3764/5305/3725
f 3763/5304/3724 3749/5290/3710 3766/5307/3727
f 3763/5304/3724 3766/5307/3727 3765/5306/3726
f 3766/5307/3727 3749/5290/3710 3747/5288/3708
f 3767/5308/3728 3760/5301/3721 3759/5300/3720
f 3767/5308/3728 3759/5300/3720 3764/5305/3725
f 3760/5301/3721 3767/5308/3728 3768/5309/3729
f 3766/5307/3727 3747/5288/3708 3769/5310/3730
f 3769/5310/3730 3747/5288/3708 3751/5292/3712
f 3767/5308/3728 3764/5305/3725 3770/5311/3731
f 3770/5311/3731 3764/5305/3725 3765/5306/3726
f 3766/5307/3727 3769/5310/3730 3771/5312/3732
f 3766/5307/3727 3771/5312/3732 3765/5306/3726
f 3769/5310/3730 3751/5292/3712 3772/5313/3733
f 3769/5310/3730 3772/5313/3733 3771/5312/3732
f 3772/5313/3733 3751/5292/3712 3773/5314/1240
f 3773/5314/1240 3751/5292/3712 3743/5283/3705
f 3771/5312/3732 3772/5313/3733 3774/5315/3734
f 3774/5315/3734 3772/5313/3733 3773/5314/1240
f 3765/5306/3726 3771/5312/3732 3775/5316/3735
f 3775/5316/3735 3771/5312/3732 3774/5315/3734
f 3765/5306/3726 3775/5316/3735 3776/5317/3736
f 3765/5306/3726 3776/5317/3736 3770/5311/3731
f 3775/5316/3735 3774/5315/3734 3777/5318/3737
f 3775/5316/3735 3777/5318/3737 3776/5317/3736
f 3774/5315/3734 3773/5314/1240 3778/5319/3738
f 3774/5315/3734 3778/5319/3738 3777/5318/3737
f 3778/5319/3738 3773/5314/1240 3779/5320/3739
f 3778/5319/3738 3779/5320/3739 3777/5318/3737
f 3779/5320/3739 3773/5314/1240 3743/5283/3705
f 3779/5320/3739 3743/5283/3705 3742/5282/3704
f 3777/5318/3737 3779/5320/3739 3780/5321/3740
f 3780/5321/3740 3779/5320/3739 3742/5282/3704
f 3777/5318/3737 3780/5321/3740 3776/5317/3736
f 3780/5321/3740 3742/5282/3704 3781/5322/3741
f 3780/5321/3740 3781/5322/3741 3776/5317/3736
f 3776/5317/3736 3781/5322/3741 3782/5323/3742
f 3776/5317/3736 3782/5323/3742 3783/5324/3743
f 3776/5317/3736 3783/5324/3743 3770/5311/3731
f 3783/5324/3743 3782/5323/3742 3784/5325/3744
f 3784/5325/3744 3782/5323/3742 3785/5326/3745
f 3770/5311/3731 3783/5324/3743 3786/5327/3746
f 3786/5327/3746 3783/5324/3743 3784/5325/3744
f 3770/5311/3731 3786/5327/3746 3787/5328/3747
f 3770/5311/3731 3787/5328/3747 3767/5308/3728
f 3767/5308/3728 3787/5328/3747 3768/5309/3729
f 3787/5328/3747 3786/5327/3746 3788/5329/3748
f 3787/5328/3747 3788/5329/3748 3768/5309/3729
f 3786/5327/3746 3784/5325/3744 3789/5330/3749
f 3789/5330/3749 3784/5325/3744 3790/5331/3750
f 3789/5330/3749 3790/5331/3750 3791/5332/3751
f 3786/5327/3746 3789/5330/3749 3792/5333/3752
f 3786/5327/3746 3792/5333/3752 3788/5329/3748
f 3789/5330/3749 3791/5332/3751 3793/5334/3753
f 3789/5330/3749 3793/5334/3753 3792/5333/3752
f 3793/5334/3753 3791/5332/3751 3794/5335/3754
f 3788/5329/3748 3792/5333/3752 3795/5336/3755
f 3795/5336/3755 3792/5333/3752 3793/5334/3753
f 3788/5329/3748 3795/5336/3755 3796/5337/3756
f 3788/5329/3748 3796/5337/3756 3768/5309/3729
f 3793/5334/3753 3794/5335/3754 3797/5338/3757
f 3797/5338/3757 3794/5335/3754 3798/5339/3758
f 3795/5336/3755 3793/5334/3753 3799/5340/3759
f 3799/5340/3759 3793/5334/3753 3797/5338/3757
f 3796/5337/3756 3795/5336/3755 3800/5341/3760
f 3800/5341/3760 3795/5336/3755 3799/5340/3759
f 3768/5309/3729 3796/5337/3756 3801/5342/3761
f 3801/5342/3761 3796/5337/3756 3800/5341/3760
f 3768/5309/3729 3801/5342/3761 3802/5343/3762
f 3799/5340/3759 3797/5338/3757 3803/5344/3763
f 3803/5344/3763 3797/5338/3757 3798/5339/3758
f 3803/5344/3763 3798/5339/3758 3804/5345/3764
f 3804/5345/3764 3798/5339/3758 3805/5346/3765
f 3799/5340/3759 3803/5344/3763 3806/5347/3766
f 3799/5340/3759 3806/5347/3766 3800/5341/3760
f 3806/5347/3766 3803/5344/3763 3807/5348/3767
f 3808/5349/3768 3801/5342/3761 3800/5341/3760
f 3809/5350/3769 3802/5343/3762 3801/5342/3761
f 3809/5350/3769 3801/5342/3761 3808/5349/3768
f 3802/5343/3762 3809/5350/3769 3810/5351/3770
f 3810/5351/3770 3809/5350/3769 3811/5352/3771
f 3812/5353/3772 3800/5341/3760 3806/5347/3766
f 3800/5341/3760 3812/5353/3772 3808/5349/3768
f 3809/5350/3769 3808/5349/3768 3813/5354/3773
f 3809/5350/3769 3813/5354/3773 3811/5352/3771
f 3813/5354/3773 3808/5349/3768 3812/5353/3772
f 3811/5352/3771 3813/5354/3773 3814/5355/3774
f 3811/5352/3771 3814/5355/3774 3815/5356/3775
f 3813/5354/3773 3812/5353/3772 3816/5357/3776
f 3816/5357/3776 3812/5353/3772 3806/5347/3766
f 3813/5354/3773 3816/5357/3776 3814/5355/3774
f 3815/5356/3775 3814/5355/3774 3817/5358/3777
f 3816/5357/3776 3806/5347/3766 3818/5359/3778
f 3816/5357/3776 3818/5359/3778 3814/5355/3774
f 3818/5359/3778 3806/5347/3766 3819/5360/3779
f 3817/5358/3777 3814/5355/3774 3820/5361/3780
f 3820/5361/3780 3814/5355/3774 3818/5359/3778
f 3817/5358/3777 3820/5361/3780 3821/5362/3781
f 3820/5361/3780 3818/5359/3778 3822/5363/3782
f 3822/5363/3782 3818/5359/3778 3823/5364/3783
f 3820/5361/3780 3822/5363/3782 3824/5365/3784
f 3820/5361/3780 3824/5365/3784 3821/5362/3781
f 3821/5362/3781 3824/5365/3784 3825/5366/3785
f 3738/5367/3700 3741/5368/3703 3826/5369/3786
f 3826/5369/3786 3741/5368/3703 3734/5370/3696
f 3738/5367/3700 3826/5369/3786 3735/5371/3697
f 3826/5369/3786 3734/5370/3696 3827/5372/3787
f 3827/5372/3787 3734/5370/3696 3708/5373/3670
f 3735/5371/3697 3826/5369/3786 3828/5374/3788
f 3826/5369/3786 3827/5372/3787 3829/5375/3789
f 3826/5369/3786 3829/5375/3789 3828/5374/3788
f 3735/5371/3697 3828/5374/3788 3830/5376/3790
f 3735/5371/3697 3830/5376/3790 3736/5377/3698
f 3830/5376/3790 3828/5374/3788 3831/5378/3791
f 3831/5378/3791 3828/5374/3788 3829/5375/3789
f 3736/5377/3698 3830/5376/3790 3832/5379/3792
f 3736/5377/3698 3832/5379/3792 3742/5380/3704
f 3830/5376/3790 3831/5378/3791 3833/5381/3793
f 3830/5376/3790 3833/5381/3793 3832/5379/3792
f 3742/5380/3704 3832/5379/3792 3834/5382/3794
f 3742/5380/3704 3834/5382/3794 3781/5383/3741
f 3832/5379/3792 3833/5381/3793 3835/5384/3795
f 3832/5379/3792 3835/5384/3795 3834/5382/3794
f 3781/5383/3741 3834/5382/3794 3782/5385/3742
f 3782/5385/3742 3834/5382/3794 3785/5386/3745
f 3834/5382/3794 3835/5384/3795 3836/5387/3796
f 3836/5387/3796 3835/5384/3795 3833/5381/3793
f 3785/5386/3745 3834/5382/3794 3837/5388/3797
f 3837/5388/3797 3834/5382/3794 3836/5387/3796
f 3785/5386/3745 3837/5388/3797 3838/5389/3798
f 3785/5386/3745 3838/5389/3798 3839/5390/3799
f 3837/5388/3797 3836/5387/3796 3840/5391/3800
f 3836/5387/3796 3833/5381/3793 3841/5392/3801
f 3836/5387/3796 3841/5392/3801 3840/5391/3800
f 3841/5392/3801 3833/5381/3793 3831/5378/3791
f 3839/5390/3799 3838/5389/3798 3842/5393/3802
f 3839/5390/3799 3842/5393/3802 3843/5394/3803
f 3843/5394/3803 3842/5393/3802 3844/5395/3804
f 3842/5393/3802 3838/5389/3798 3845/5396/3805
f 3842/5393/3802 3845/5396/3805 3844/5395/3804
f 3841/5392/3801 3831/5378/3791 3846/5397/3806
f 3846/5397/3806 3831/5378/3791 3829/5375/3789
f 3847/5398/3807 3838/5389/3798 3837/5388/3797
f 3838/5389/3798 3847/5398/3807 3845/5396/3805
f 3847/5398/3807 3837/5388/3797 3840/5391/3800
f 3848/5399/3808 3840/5391/3800 3841/5392/3801
f 3848/5399/3808 3841/5392/3801 3846/5397/3806
f 3847/5398/3807 3840/5391/3800 3849/5400/3809
f 3845/5396/3805 3847/5398/3807 3850/5401/3810
f 3850/5401/3810 3847/5398/3807 3849/5400/3809
f 3849/5400/3809 3840/5391/3800 3760/5402/3721
f 3760/5402/3721 3840/5391/3800 3848/5399/3808
f 3849/5400/3809 3760/5402/3721 3768/5403/3729
f 3849/5400/3809 3768/5403/3729 3802/5404/3762
f 3849/5400/3809 3802/5404/3762 3850/5401/3810
f 3850/5401/3810 3802/5404/3762 3810/5405/3770
f 3845/5396/3805 3850/5401/3810 3851/5406/3811
f 3850/5401/3810 3810/5405/3770 3852/5407/3812
f 3850/5401/3810 3852/5407/3812 3851/5406/3811
f 3852/5407/3812 3810/5405/3770 3811/5408/3771
f 3852/5407/3812 3811/5408/3771 3853/5409/3813
f 3852/5407/3812 3853/5409/3813 3851/5406/3811
f 3853/5409/3813 3811/5408/3771 3815/5410/3775
f 3853/5409/3813 3815/5410/3775 3854/5411/3814
f 3845/5396/3805 3851/5406/3811 3844/5395/3804
f 3853/5409/3813 3854/5411/3814 3855/5412/3815
f 3853/5409/3813 3855/5412/3815 3851/5406/3811
f 3855/5412/3815 3854/5411/3814 3856/5413/3816
f 3844/5395/3804 3851/5406/3811 3857/5414/3817
f 3857/5414/3817 3851/5406/3811 3855/5412/3815
f 3858/5415/3818 3844/5395/3804 3859/5416/3819
f 3859/5416/3819 3844/5395/3804 3860/5417/3820
f 3860/5417/3820 3844/5395/3804 3857/5414/3817
f 3855/5412/3815 3856/5413/3816 3861/5418/3821
f 3855/5412/3815 3861/5418/3821 3857/5414/3817
f 3857/5414/3817 3861/5418/3821 3860/5417/3820
f 3861/5418/3821 3856/5413/3816 3862/5419/3822
f 3861/5418/3821 3862/5419/3822 3863/5420/3823
f 3861/5418/3821 3863/5420/3823 3860/5417/3820
f 3860/5417/3820 3863/5420/3823 3864/5421/3824
f 3613/5422/3576 3612/5423/3575 3491/5424/3456
f 3613/5422/3576 3491/5424/3456 3495/5425/3460
f 3498/5426/3463 3499/5427/3464 3613/5422/3576
f 3498/5426/3463 3613/5422/3576 3503/5428/3468
f 3613/5422/3576 3495/5425/3460 3865/5429/3825
f 3865/5429/3825 3495/5425/3460 3497/5430/3462
f 3503/5428/3468 3613/5422/3576 3866/5431/3826
f 3866/5431/3826 3613/5422/3576 3865/5429/3825
f 3865/5429/3825 3497/5430/3462 3501/5432/3466
f 3503/5428/3468 3866/5431/3826 3504/5433/3469
f 3865/5429/3825 3501/5432/3466 3867/5434/3827
f 3867/5434/3827 3501/5432/3466 3505/5435/3470
f 3865/5429/3825 3867/5434/3827 3868/5436/3828
f 3865/5429/3825 3868/5436/3828 3866/5431/3826
f 3868/5436/3828 3867/5434/3827 3505/5435/3470
f 3504/5433/3469 3866/5431/3826 3869/5437/3829
f 3504/5433/3469 3869/5437/3829 3505/5435/3470
f 3869/5437/3829 3866/5431/3826 3868/5436/3828
f 3869/5437/3829 3868/5436/3828 3505/5435/3470
f 3870/5438/3830 3871/5439/3831 3872/5440/3832
f 3859/5441/3819 3860/5442/3820 3871/5439/3831
f 3859/5441/3819 3871/5439/3831 3873/5443/3833
f 3873/5443/3833 3871/5439/3831 3870/5438/3830
f 3871/5439/3831 3860/5442/3820 3864/5444/3824
f 3872/5440/3832 3871/5439/3831 3874/5445/3834
f 3874/5445/3834 3871/5439/3831 3864/5444/3824
f 3872/5440/3832 3874/5445/3834 3875/5446/3835
f 3875/5446/3835 3874/5445/3834 3864/5444/3824
f 3872/5440/3832 3875/5446/3835 3876/5447/3836
f 3875/5446/3835 3864/5444/3824 3877/5448/3837
f 3875/5446/3835 3877/5448/3837 3876/5447/3836
f 3876/5447/3836 3877/5448/3837 3878/5449/3838
f 3878/5449/3838 3877/5448/3837 3634/5450/3597
f 3872/5440/3832 3876/5447/3836 3879/5451/3839
f 3872/5440/3832 3879/5451/3839 3870/5438/3830
f 3876/5447/3836 3878/5449/3838 3880/5452/2629
f 3876/5447/3836 3880/5452/2629 3879/5451/3839
f 3880/5452/2629 3878/5449/3838 3881/5453/3840
f 3880/5452/2629 3881/5453/3840 3882/5454/3841
f 3879/5451/3839 3880/5452/2629 3883/5455/3842
f 3883/5455/3842 3880/5452/2629 3882/5454/3841
f 3883/5455/3842 3882/5454/3841 3822/5456/3782
f 3822/5456/3782 3882/5454/3841 3824/5457/3784
f 3883/5455/3842 3822/5456/3782 3823/5458/3783
f 3879/5451/3839 3883/5455/3842 3884/5459/3843
f 3884/5459/3843 3883/5455/3842 3823/5458/3783
f 3879/5451/3839 3884/5459/3843 3870/5438/3830
f 3884/5459/3843 3823/5458/3783 3819/5460/3779
f 3819/5460/3779 3823/5458/3783 3818/5461/3778
f 3870/5438/3830 3884/5459/3843 3885/5462/3844
f 3885/5462/3844 3884/5459/3843 3819/5460/3779
f 3885/5462/3844 3819/5460/3779 3807/5463/3767
f 3807/5463/3767 3819/5460/3779 3806/5464/3766
f 3870/5438/3830 3885/5462/3844 3804/5465/3764
f 3804/5465/3764 3885/5462/3844 3807/5463/3767
f 3804/5465/3764 3807/5463/3767 3803/5466/3763
f 3870/5438/3830 3804/5465/3764 3873/5443/3833
f 3873/5443/3833 3804/5465/3764 3805/5467/3765
f 3859/5468/3819 3873/5469/3833 3805/5470/3765
f 3859/5468/3819 3805/5470/3765 3858/5471/3818
f 3798/5472/3758 3794/5473/3754 3805/5470/3765
f 3805/5470/3765 3794/5473/3754 3886/5474/3845
f 3805/5470/3765 3886/5474/3845 3858/5471/3818
f 3886/5474/3845 3794/5473/3754 3791/5475/3751
f 3886/5474/3845 3791/5475/3751 3790/5476/3750
f 3858/5471/3818 3886/5474/3845 3887/5477/3846
f 3887/5477/3846 3886/5474/3845 3790/5476/3750
f 3858/5471/3818 3887/5477/3846 3843/5478/3803
f 3858/5471/3818 3843/5478/3803 3844/5479/3804
f 3887/5477/3846 3790/5476/3750 3888/5480/3847
f 3887/5477/3846 3888/5480/3847 3843/5478/3803
f 3888/5480/3847 3790/5476/3750 3784/5481/3744
f 3843/5478/3803 3888/5480/3847 3839/5482/3799
f 3888/5480/3847 3784/5481/3744 3785/5483/3745
f 3888/5480/3847 3785/5483/3745 3839/5482/3799
f 3706/5484/3668 3889/5485/3848 3708/5373/3670
f 3889/5485/3848 3706/5484/3668 3630/5486/3593
f 3889/5485/3848 3630/5486/3593 3890/5487/3849
f 3890/5487/3849 3630/5486/3593 3632/5488/3595
f 3632/5488/3595 3630/5486/3593 3629/5489/3592
f 3708/5373/3670 3889/5485/3848 3891/5490/3850
f 3708/5373/3670 3891/5490/3850 3827/5372/3787
f 3827/5372/3787 3891/5490/3850 3892/5491/3851
f 3827/5372/3787 3892/5491/3851 3829/5375/3789
f 3892/5491/3851 3891/5490/3850 3893/5492/3852
f 3893/5492/3852 3891/5490/3850 3894/5493/3853
f 3829/5375/3789 3892/5491/3851 3895/5494/3854
f 3895/5494/3854 3892/5491/3851 3893/5492/3852
f 3829/5375/3789 3895/5494/3854 3846/5397/3806
f 3896/5495/3855 3863/5496/3823 3893/5492/3852
f 3893/5492/3852 3863/5496/3823 3862/5497/3822
f 3893/5492/3852 3862/5497/3822 3895/5494/3854
f 3895/5494/3854 3862/5497/3822 3897/5498/3856
f 3895/5494/3854 3897/5498/3856 3846/5397/3806
f 3897/5498/3856 3862/5497/3822 3856/5499/3816
f 3846/5397/3806 3897/5498/3856 3898/5500/3857
f 3898/5500/3857 3897/5498/3856 3856/5499/3816
f 3846/5397/3806 3898/5500/3857 3848/5399/3808
f 3848/5399/3808 3898/5500/3857 3760/5402/3721
f 3898/5500/3857 3856/5499/3816 3899/5501/3858
f 3899/5501/3858 3856/5499/3816 3854/5502/3814
f 3760/5402/3721 3898/5500/3857 3900/5503/3859
f 3900/5503/3859 3898/5500/3857 3899/5501/3858
f 3899/5501/3858 3854/5502/3814 3901/5504/3860
f 3899/5501/3858 3901/5504/3860 3900/5503/3859
f 3901/5504/3860 3854/5502/3814 3815/5505/3775
f 3760/5402/3721 3900/5503/3859 3902/5506/3861
f 3760/5402/3721 3902/5506/3861 3757/5507/3718
f 3900/5503/3859 3901/5504/3860 3903/5508/3862
f 3757/5507/3718 3902/5506/3861 3904/5509/3863
f 3902/5506/3861 3900/5503/3859 3905/5510/3864
f 3905/5510/3864 3900/5503/3859 3903/5508/3862
f 3902/5506/3861 3905/5510/3864 3904/5509/3863
f 3757/5507/3718 3904/5509/3863 3758/5511/3719
f 3758/5511/3719 3904/5509/3863 3906/5512/3865
f 3758/5511/3719 3906/5512/3865 3907/5513/3866
f 3906/5512/3865 3904/5509/3863 3908/5514/3867
f 3906/5512/3865 3908/5514/3867 3907/5513/3866
f 3908/5514/3867 3904/5509/3863 3905/5510/3864
f 3905/5510/3864 3903/5508/3862 3909/5515/3868
f 3905/5510/3864 3909/5515/3868 3908/5514/3867
f 3909/5515/3868 3903/5508/3862 3910/5516/3869
f 3910/5516/3869 3903/5508/3862 3901/5504/3860
f 3907/5513/3866 3908/5514/3867 3911/5517/3870
f 3911/5517/3870 3908/5514/3867 3909/5515/3868
f 3907/5513/3866 3911/5517/3870 3912/5518/3871
f 3909/5515/3868 3910/5516/3869 3913/5519/3872
f 3913/5519/3872 3910/5516/3869 3901/5504/3860
f 3909/5515/3868 3913/5519/3872 3911/5517/3870
f 3913/5519/3872 3901/5504/3860 3815/5505/3775
f 3912/5518/3871 3911/5517/3870 3914/5520/3873
f 3914/5520/3873 3911/5517/3870 3913/5519/3872
f 3912/5518/3871 3914/5520/3873 3915/5521/3874
f 3913/5519/3872 3815/5505/3775 3916/5522/3875
f 3913/5519/3872 3916/5522/3875 3914/5520/3873
f 3916/5522/3875 3815/5505/3775 3817/5523/3777
f 3916/5522/3875 3817/5523/3777 3914/5520/3873
f 3917/5524/3876 3882/5525/3841 3881/5526/3840
f 3917/5524/3876 3881/5526/3840 3878/5527/3838
f 3882/5525/3841 3917/5524/3876 3824/5528/3784
f 3917/5524/3876 3878/5527/3838 3918/5529/3877
f 3918/5529/3877 3878/5527/3838 3634/5530/3597
f 3918/5529/3877 3634/5530/3597 3919/5531/3878
f 3918/5529/3877 3919/5531/3878 3917/5524/3876
f 3919/5531/3878 3634/5530/3597 3635/5532/3598
f 3917/5524/3876 3919/5531/3878 3920/5533/3879
f 3917/5524/3876 3920/5533/3879 3824/5528/3784
f 3920/5533/3879 3919/5531/3878 3635/5532/3598
f 3824/5528/3784 3920/5533/3879 3921/5534/3880
f 3921/5534/3880 3920/5533/3879 3635/5532/3598
f 3824/5528/3784 3921/5534/3880 3825/5535/3785
f 3921/5534/3880 3635/5532/3598 3680/5536/3643
f 3680/5536/3643 3635/5532/3598 3636/5537/3599
f 3680/5536/3643 3636/5537/3599 3637/5538/3600
f 3640/5539/3603 3639/5540/3602 3645/5541/3608
f 3640/5539/3603 3645/5541/3608 3680/5542/3643
f 3640/5539/3603 3680/5542/3643 3922/5543/3881
f 3640/5539/3603 3922/5543/3881 3637/5544/3600
f 3637/5544/3600 3922/5543/3881 3680/5542/3643
f 3923/5545/3882 3633/5546/3596 3634/5450/3597
f 3633/5546/3596 3923/5545/3882 3924/5547/3883
f 3633/5546/3596 3924/5547/3883 3632/5548/3595
f 3632/5548/3595 3924/5547/3883 3890/5549/3849
f 3890/5549/3849 3924/5547/3883 3923/5545/3882
f 3923/5545/3882 3634/5450/3597 3925/5550/3884
f 3925/5550/3884 3634/5450/3597 3877/5448/3837
f 3925/5550/3884 3877/5448/3837 3864/5444/3824
f 3923/5545/3882 3925/5550/3884 3926/5551/3885
f 3923/5545/3882 3926/5551/3885 3890/5549/3849
f 3925/5550/3884 3864/5444/3824 3927/5552/3886
f 3925/5550/3884 3927/5552/3886 3926/5551/3885
f 3927/5552/3886 3864/5444/3824 3863/5553/3823
f 3927/5552/3886 3863/5553/3823 3896/5554/3855
f 3927/5552/3886 3896/5554/3855 3926/5551/3885
f 3890/5549/3849 3926/5551/3885 3928/5555/3887
f 3928/5555/3887 3926/5551/3885 3896/5554/3855
f 3890/5549/3849 3928/5555/3887 3889/5556/3848
f 3889/5556/3848 3928/5555/3887 3891/5557/3850
f 3891/5557/3850 3928/5555/3887 3894/5558/3853
f 3894/5558/3853 3928/5555/3887 3896/5554/3855
f 3894/5558/3853 3896/5554/3855 3893/5559/3852
f 3921/5560/3880 3680/5561/3643 3679/5562/3642
f 3921/5560/3880 3679/5562/3642 3677/5563/3640
f 3921/5560/3880 3677/5563/3640 3929/5564/3888
f 3921/5560/3880 3929/5564/3888 3825/5565/3785
f 3825/5565/3785 3929/5564/3888 3930/5566/3889
f 3930/5566/3889 3929/5564/3888 3677/5563/3640
f 3825/5565/3785 3930/5566/3889 3821/5567/3781
f 3930/5566/3889 3677/5563/3640 3931/5568/3890
f 3821/5567/3781 3930/5566/3889 3932/5569/3891
f 3932/5569/3891 3930/5566/3889 3931/5568/3890
f 3821/5567/3781 3932/5569/3891 3914/5570/3873
f 3821/5567/3781 3914/5570/3873 3817/5571/3777
f 3914/5570/3873 3932/5569/3891 3915/5572/3874
f 3915/5572/3874 3932/5569/3891 3933/5573/3892
f 3933/5573/3892 3932/5569/3891 3931/5568/3890
f 3915/5572/3874 3933/5573/3892 3934/5574/3893
f 3935/5575/3894 3931/5568/3890 3677/5563/3640
f 3931/5568/3890 3935/5575/3894 3933/5573/3892
f 3933/5573/3892 3935/5575/3894 3934/5574/3893
f 3935/5575/3894 3677/5563/3640 3675/5576/3638
f 3935/5575/3894 3675/5576/3638 3673/5577/3636
f 3935/5575/3894 3673/5577/3636 3934/5574/3893
f 3934/5574/3893 3673/5577/3636 3936/5578/3895
f 3934/5574/3893 3936/5578/3895 3937/5579/3896
f 3937/5579/3896 3936/5578/3895 2298/5580/2278
f 2298/5580/2278 3936/5578/3895 2297/5581/2277
f 2297/5581/2277 3936/5578/3895 2300/5582/2280
f 2300/5582/2280 3936/5578/3895 3673/5577/3636
f 2300/5582/2280 3673/5577/3636 2301/5583/2281
f 3723/5584/3685 3938/5585/3897 3939/5586/3898
f 3938/5585/3897 3723/5584/3685 3725/5587/3687
f 3723/5584/3685 3939/5586/3898 3940/5588/3899
f 3723/5584/3685 3940/5588/3899 3722/5589/3684
f 3938/5585/3897 3725/5587/3687 3941/5590/3900
f 3941/5590/3900 3725/5587/3687 3728/5591/3690
f 3939/5586/3898 3938/5585/3897 3937/5592/3896
f 3937/5592/3896 3938/5585/3897 3941/5590/3900
f 3940/5588/3899 3939/5586/3898 2296/5593/2276
f 2296/5593/2276 3939/5586/3898 3937/5592/3896
f 2296/5593/2276 3937/5592/3896 2298/5594/2278
f 2296/5593/2276 2298/5594/2278 2295/5595/2275
f 3940/5588/3899 2296/5593/2276 3942/5596/3901
f 3942/5596/3901 2296/5593/2276 2292/5597/2272
f 3940/5588/3899 3942/5596/3901 3943/5598/3902
f 3940/5588/3899 3943/5598/3902 3722/5589/3684
f 3942/5596/3901 2292/5597/2272 3944/5599/3903
f 3942/5596/3901 3944/5599/3903 3943/5598/3902
f 3944/5599/3903 2292/5597/2272 2358/5600/2338
f 3944/5599/3903 2358/5600/2338 2359/5601/2339
f 3722/5589/3684 3943/5598/3902 3945/5602/3904
f 3945/5602/3904 3943/5598/3902 3944/5599/3903
f 3722/5589/3684 3945/5602/3904 3721/5603/3683
f 3944/5599/3903 2359/5601/2339 3946/5604/3905
f 3944/5599/3903 3946/5604/3905 3945/5602/3904
f 3721/5603/3683 3945/5602/3904 3715/5605/3677
f 3715/5605/3677 3945/5602/3904 3946/5604/3905
f 3721/5603/3683 3715/5605/3677 3716/5606/3678
f 3721/5603/3683 3716/5606/3678 3719/5607/3681
f 3715/5605/3677 3946/5604/3905 3666/5608/3629
f 3666/5608/3629 3946/5604/3905 2350/5609/2330
f 3947/5610/3906 3946/5604/3905 2359/5601/2339
f 3946/5604/3905 3947/5610/3906 2350/5609/2330
f 3947/5610/3906 2359/5601/2339 2353/5611/2333
f 2350/5609/2330 3947/5610/3906 2351/5612/2331
f 2351/5612/2331 3947/5610/3906 2353/5611/2333
f 3934/5613/3893 3948/5614/3907 3915/5615/3874
f 3915/5615/3874 3948/5614/3907 3912/5616/3871
f 3948/5614/3907 3934/5613/3893 3937/5592/3896
f 3912/5616/3871 3948/5614/3907 3907/5617/3866
f 3948/5614/3907 3937/5592/3896 3941/5590/3900
f 3907/5617/3866 3948/5614/3907 3949/5618/3908
f 3949/5618/3908 3948/5614/3907 3941/5590/3900
f 3907/5617/3866 3949/5618/3908 3758/5619/3719
f 3949/5618/3908 3941/5590/3900 3950/5620/3909
f 3753/5621/3714 3754/5622/3715 3758/5619/3719
f 3950/5620/3909 3941/5590/3900 3731/5623/3693
f 3731/5623/3693 3941/5590/3900 3728/5591/3690
f 3949/5618/3908 3950/5620/3909 3951/5624/3910
f 3951/5624/3910 3950/5620/3909 3731/5623/3693
f 3758/5619/3719 3949/5618/3908 3952/5625/3911
f 3758/5619/3719 3952/5625/3911 3753/5621/3714
f 3952/5625/3911 3949/5618/3908 3951/5624/3910
f 3732/5626/3694 3720/5627/3682 3731/5623/3693
f 3731/5623/3693 3720/5627/3682 3951/5624/3910
f 3951/5624/3910 3720/5627/3682 3721/5628/3683
f 3951/5624/3910 3721/5628/3683 3719/5629/3681
f 3951/5624/3910 3719/5629/3681 3953/5630/3912
f 3951/5624/3910 3953/5630/3912 3952/5625/3911
f 3953/5630/3912 3719/5629/3681 3746/5631/3707
f 3952/5625/3911 3953/5630/3912 3954/5632/3913
f 3954/5632/3913 3953/5630/3912 3746/5631/3707
f 3952/5625/3911 3954/5632/3913 3753/5621/3714
f 3954/5632/3913 3746/5631/3707 3748/5633/3709
f 3954/5632/3913 3748/5633/3709 3753/5621/3714
f 2221/5634/2201 2222/5635/2202 3955/5636/3914
f 3955/5636/3914 2222/5635/2202 2408/5637/2388
f 2221/5634/2201 3955/5636/3914 2224/5638/2204
f 3955/5636/3914 2408/5637/2388 3956/5639/3915
f 3956/5639/3915 2408/5637/2388 2444/5640/2423
f 3955/5636/3914 3956/5639/3915 3957/5641/3916
f 3955/5636/3914 3957/5641/3916 2224/5638/2204
f 3956/5639/3915 2444/5640/2423 3958/5642/3917
f 3956/5639/3915 3958/5642/3917 3957/5641/3916
f 3958/5642/3917 2444/5640/2423 3959/5643/3918
f 3958/5642/3917 3959/5643/3918 3957/5641/3916
f 3957/5641/3916 3959/5643/3918 2224/5638/2204
f 3959/5643/3918 2444/5640/2423 2445/5644/2424
f 3959/5643/3918 2445/5644/2424 3960/5645/3919
f 3960/5645/3919 2445/5644/2424 2446/5646/2425
f 2224/5638/2204 3959/5643/3918 3961/5647/3920
f 3961/5647/3920 3959/5643/3918 3960/5645/3919
f 2224/5638/2204 3961/5647/3920 3962/5648/3921
f 2224/5638/2204 3962/5648/3921 2228/5649/2208
f 3961/5647/3920 3960/5645/3919 3963/5650/3922
f 3960/5645/3919 2446/5646/2425 3964/5651/3923
f 3960/5645/3919 3964/5651/3923 3963/5650/3922
f 3961/5647/3920 3963/5650/3922 3965/5652/3924
f 3961/5647/3920 3965/5652/3924 3962/5648/3921
f 3965/5652/3924 3963/5650/3922 3964/5651/3923
f 2228/5649/2208 3962/5648/3921 3966/5653/3925
f 3966/5653/3925 3962/5648/3921 3965/5652/3924
f 2228/5649/2208 3966/5653/3925 2232/5654/2212
f 2232/5654/2212 3966/5653/3925 2236/5655/2216
f 2236/5655/2216 3966/5653/3925 3967/5656/3926
f 3967/5656/3926 3966/5653/3925 3965/5652/3924
f 2236/5655/2216 3967/5656/3926 2284/5657/2264
f 3965/5652/3924 3964/5651/3923 3968/5658/3927
f 3965/5652/3924 3968/5658/3927 3967/5656/3926
f 2284/5657/2264 3967/5656/3926 3969/5659/3928
f 2284/5657/2264 3969/5659/3928 2286/5660/2266
f 3967/5656/3926 3968/5658/3927 3970/5661/3929
f 3967/5656/3926 3970/5661/3929 3969/5659/3928
f 3968/5658/3927 3964/5651/3923 3971/5662/3930
f 3968/5658/3927 3971/5662/3930 3970/5661/3929
f 2383/5663/2363 2285/5664/2265 2286/5660/2266
f 2383/5663/2363 2286/5660/2266 2420/5665/2400
f 2420/5665/2400 2286/5660/2266 3969/5659/3928
f 2420/5665/2400 3969/5659/3928 3970/5661/3929
f 2420/5665/2400 3970/5661/3929 3971/5662/3930
f 2420/5665/2400 3971/5662/3930 2419/5666/2399
f 3972/5667/3931 3971/5662/3930 3964/5651/3923
f 3971/5662/3930 3972/5667/3931 2419/5666/2399
f 3972/5667/3931 3964/5651/3923 2446/5646/2425
f 2419/5666/2399 3972/5667/3931 2449/5668/2428
f 2449/5668/2428 3972/5667/3931 2446/5646/2425
